admission_year,round,college_code,college_name,quota,closing_rank_air,seats_allotted_in_data
2026,Round 1,1101,GMC MUMBAI,D1 DEF1,17144,1
2026,Round 1,1101,GMC MUMBAI,D3 DEF3,6145,1
2026,Round 1,1101,GMC MUMBAI,EWS EWS,18286,13
2026,Round 1,1101,GMC MUMBAI,EWS EWS(W),16289,5
2026,Round 1,1101,GMC MUMBAI,EWS HA EWS,9770,1
2026,Round 1,1101,GMC MUMBAI,EWS HA EWS(W),16962,1
2026,Round 1,1101,GMC MUMBAI,EWS OPEN,4212,1
2026,Round 1,1101,GMC MUMBAI,EWS OPEN (W),4285,2
2026,Round 1,1101,GMC MUMBAI,EWS PWD PWD-EWS PH,428207,1
2026,Round 1,1101,GMC MUMBAI,HA HOPEN,2540,1
2026,Round 1,1101,GMC MUMBAI,MKB MKB W,27749,1
2026,Round 1,1101,GMC MUMBAI,NTB NTB,25593,3
2026,Round 1,1101,GMC MUMBAI,NTB NTB(W),29572,1
2026,Round 1,1101,GMC MUMBAI,NTB PWD PWD-NTB PH,842690,1
2026,Round 1,1101,GMC MUMBAI,NTC HA HNTC,35211,1
2026,Round 1,1101,GMC MUMBAI,NTC NTC,14070,5
2026,Round 1,1101,GMC MUMBAI,NTC NTC(W),9875,2
2026,Round 1,1101,GMC MUMBAI,NTD D1 DEF1,20168,1
2026,Round 1,1101,GMC MUMBAI,NTD EMNTD (EMR),7008,1
2026,Round 1,1101,GMC MUMBAI,NTD HA OPEN (EMD),4084,1
2026,Round 1,1101,GMC MUMBAI,NTD NTD,9397,2
2026,Round 1,1101,GMC MUMBAI,NTD NTD(W),10173,1
2026,Round 1,1101,GMC MUMBAI,OBC D2 DEF2,23926,1
2026,Round 1,1101,GMC MUMBAI,OBC EMOBC (EMR),8296,7
2026,Round 1,1101,GMC MUMBAI,OBC EMOBCW (EMR),6507,1
2026,Round 1,1101,GMC MUMBAI,OBC HA EMOBC (EMR),7678,1
2026,Round 1,1101,GMC MUMBAI,OBC HA HOBC,7090,1
2026,Round 1,1101,GMC MUMBAI,OBC HA HOPENW,1778,1
2026,Round 1,1101,GMC MUMBAI,OBC HA OBC,9820,4
2026,Round 1,1101,GMC MUMBAI,OBC OBC,10742,13
2026,Round 1,1101,GMC MUMBAI,OBC OBC(W),11713,9
2026,Round 1,1101,GMC MUMBAI,OBC OPEN (EMD),5827,8
2026,Round 1,1101,GMC MUMBAI,OBC OPEN (W) (EMD),6034,1
2026,Round 1,1101,GMC MUMBAI,OBC PWD HA PEM OBC PH (EMR),219740,1
2026,Round 1,1101,GMC MUMBAI,OBC PWD PWD-OBC PH,313119,1
2026,Round 1,1101,GMC MUMBAI,OBC PWD PWD-OPEN (EMD),118767,1
2026,Round 1,1101,GMC MUMBAI,OPEN,6376,22
2026,Round 1,1101,GMC MUMBAI,OPEN (W),6335,14
2026,Round 1,1101,GMC MUMBAI,PWD PWD-OPEN PH,143295,2
2026,Round 1,1101,GMC MUMBAI,SC D1 SC,40708,1
2026,Round 1,1101,GMC MUMBAI,SC HA HSCW,57410,1
2026,Round 1,1101,GMC MUMBAI,SC HA SC,27290,1
2026,Round 1,1101,GMC MUMBAI,SC PWD PWD-SC PH,529217,1
2026,Round 1,1101,GMC MUMBAI,SC SC,39767,15
2026,Round 1,1101,GMC MUMBAI,SC SC (W),39118,7
2026,Round 1,1101,GMC MUMBAI,SEBC EMSEBC (EMR),7723,3
2026,Round 1,1101,GMC MUMBAI,SEBC OPEN (EMD),5486,3
2026,Round 1,1101,GMC MUMBAI,SEBC SEBC,9244,9
2026,Round 1,1101,GMC MUMBAI,SEBC SEBC(W),11366,6
2026,Round 1,1101,GMC MUMBAI,SEBCD1 DEF1 W,17368,1
2026,Round 1,1101,GMC MUMBAI,SEBCHA HSEBC,12554,1
2026,Round 1,1101,GMC MUMBAI,SEBCPWD PWD-SEBC PH,452501,1
2026,Round 1,1101,GMC MUMBAI,SOBC OBC(W),8505,2
2026,Round 1,1101,GMC MUMBAI,ST HA ST (W),80676,1
2026,Round 1,1101,GMC MUMBAI,ST PWD PWD-ST PH,451144,1
2026,Round 1,1101,GMC MUMBAI,ST ST,127860,9
2026,Round 1,1101,GMC MUMBAI,ST ST (W),121540,4
2026,Round 1,1101,GMC MUMBAI,VJA PWD PWD-VJA PH,676033,1
2026,Round 1,1101,GMC MUMBAI,VJA VJA,14561,3
2026,Round 1,1101,GMC MUMBAI,VJA VJA (W),13205,2
2026,Round 1,1102,Tilak MC MUMBAI,D1 DEF1,20691,1
2026,Round 1,1102,Tilak MC MUMBAI,D3 DEF3,11684,1
2026,Round 1,1102,Tilak MC MUMBAI,EWS EWS,23775,8
2026,Round 1,1102,Tilak MC MUMBAI,EWS EWS(W),20317,5
2026,Round 1,1102,Tilak MC MUMBAI,EWS HA EWS,19888,1
2026,Round 1,1102,Tilak MC MUMBAI,EWS HA HEWS,14137,1
2026,Round 1,1102,Tilak MC MUMBAI,EWS ORP-C ORPHANC-EW Orphan-C EWS,413523,1
2026,Round 1,1102,Tilak MC MUMBAI,EWS PWD PWD-EWS PH,475884,1
2026,Round 1,1102,Tilak MC MUMBAI,HA HOPENW,12010,1
2026,Round 1,1102,Tilak MC MUMBAI,NTB NTB,46532,4
2026,Round 1,1102,Tilak MC MUMBAI,NTB NTB(W),33436,1
2026,Round 1,1102,Tilak MC MUMBAI,NTC D1 DEF1 W,17911,1
2026,Round 1,1102,Tilak MC MUMBAI,NTC NTC,15002,3
2026,Round 1,1102,Tilak MC MUMBAI,NTC NTC(W),17134,2
2026,Round 1,1102,Tilak MC MUMBAI,NTC PWD PWD-NTC PH,475280,1
2026,Round 1,1102,Tilak MC MUMBAI,NTD NTD,15954,2
2026,Round 1,1102,Tilak MC MUMBAI,NTD NTD(W),12573,1
2026,Round 1,1102,Tilak MC MUMBAI,OBC D2 DEF2 W,39228,1
2026,Round 1,1102,Tilak MC MUMBAI,OBC HA HOBC W,25913,1
2026,Round 1,1102,Tilak MC MUMBAI,OBC HA OBC,12209,1
2026,Round 1,1102,Tilak MC MUMBAI,OBC OBC,14587,17
2026,Round 1,1102,Tilak MC MUMBAI,OBC OBC(W),13894,8
2026,Round 1,1102,Tilak MC MUMBAI,OBC PWD PWD-OBC PH,403084,1
2026,Round 1,1102,Tilak MC MUMBAI,OPEN,4886,27
2026,Round 1,1102,Tilak MC MUMBAI,OPEN (W),5763,13
2026,Round 1,1102,Tilak MC MUMBAI,PWD HA PWD-OPEN PH,203403,1
2026,Round 1,1102,Tilak MC MUMBAI,PWD PWD-OPEN PH,271663,1
2026,Round 1,1102,Tilak MC MUMBAI,SC D1 SC,60578,1
2026,Round 1,1102,Tilak MC MUMBAI,SC HA HSC,50397,1
2026,Round 1,1102,Tilak MC MUMBAI,SC HA SC,62747,1
2026,Round 1,1102,Tilak MC MUMBAI,SC PWD PWD-SC PH,373042,1
2026,Round 1,1102,Tilak MC MUMBAI,SC SC,65934,11
2026,Round 1,1102,Tilak MC MUMBAI,SC SC (W),62403,7
2026,Round 1,1102,Tilak MC MUMBAI,SEBC EMSEBC (EMR),7988,1
2026,Round 1,1102,Tilak MC MUMBAI,SEBC OPEN,4700,1
2026,Round 1,1102,Tilak MC MUMBAI,SEBC OPEN (EMD),4735,1
2026,Round 1,1102,Tilak MC MUMBAI,SEBC SEBC,14707,9
2026,Round 1,1102,Tilak MC MUMBAI,SEBC SEBC(W),14540,5
2026,Round 1,1102,Tilak MC MUMBAI,SEBCD1 DEF1,22962,1
2026,Round 1,1102,Tilak MC MUMBAI,SEBCHA HSEBC,16323,1
2026,Round 1,1102,Tilak MC MUMBAI,SEBCPWD PWD-SEBC PH,588102,1
2026,Round 1,1102,Tilak MC MUMBAI,SOBC OBC,13912,2
2026,Round 1,1102,Tilak MC MUMBAI,SOBC OBC(W),12782,1
2026,Round 1,1102,Tilak MC MUMBAI,ST D2 ST (W),129865,1
2026,Round 1,1102,Tilak MC MUMBAI,ST HA ST,179010,1
2026,Round 1,1102,Tilak MC MUMBAI,ST ST,178029,7
2026,Round 1,1102,Tilak MC MUMBAI,ST ST (W),152491,2
2026,Round 1,1102,Tilak MC MUMBAI,VJA PWD PWD-OPEN PH,226577,1
2026,Round 1,1102,Tilak MC MUMBAI,VJA VJA,26651,4
2026,Round 1,1102,Tilak MC MUMBAI,VJA VJA (W),15534,1
2026,Round 1,1103,GSMC MUMBAI,D1HA DEF1 W,11400,1
2026,Round 1,1103,GSMC MUMBAI,D2 DEF2,389,1
2026,Round 1,1103,GSMC MUMBAI,D3 DEF3,3809,1
2026,Round 1,1103,GSMC MUMBAI,EWS D1 DEF1,8392,1
2026,Round 1,1103,GSMC MUMBAI,EWS EWS,5685,13
2026,Round 1,1103,GSMC MUMBAI,EWS EWS(W),4673,5
2026,Round 1,1103,GSMC MUMBAI,EWS HA EWS,3988,1
2026,Round 1,1103,GSMC MUMBAI,EWS HA EWS(W),3735,1
2026,Round 1,1103,GSMC MUMBAI,EWS PWD PWD-EWS PH,452951,1
2026,Round 1,1103,GSMC MUMBAI,HA HOPEN,90,1
2026,Round 1,1103,GSMC MUMBAI,HA HOPENW,1295,1
2026,Round 1,1103,GSMC MUMBAI,NTB EMNTB (EMR),3283,1
2026,Round 1,1103,GSMC MUMBAI,NTB HA NTB,12491,2
2026,Round 1,1103,GSMC MUMBAI,NTB HA OPEN (EMD),1129,1
2026,Round 1,1103,GSMC MUMBAI,NTB NTB,17235,1
2026,Round 1,1103,GSMC MUMBAI,NTB NTB(W),3551,1
2026,Round 1,1103,GSMC MUMBAI,NTC HA EMNTC (EMR),2625,1
2026,Round 1,1103,GSMC MUMBAI,NTC HA NTC,4947,1
2026,Round 1,1103,GSMC MUMBAI,NTC HA NTC(W),4993,1
2026,Round 1,1103,GSMC MUMBAI,NTC NTC,6116,3
2026,Round 1,1103,GSMC MUMBAI,NTC NTC(W),5781,1
2026,Round 1,1103,GSMC MUMBAI,NTC OPEN (EMD),1161,1
2026,Round 1,1103,GSMC MUMBAI,NTC PWD PWD-NTC PH,447236,1
2026,Round 1,1103,GSMC MUMBAI,NTD D1 DEF1,12395,1
2026,Round 1,1103,GSMC MUMBAI,NTD EMNTD (EMR),3456,1
2026,Round 1,1103,GSMC MUMBAI,NTD EMNTDW (EMR),5048,1
2026,Round 1,1103,GSMC MUMBAI,NTD NTD,3833,1
2026,Round 1,1103,GSMC MUMBAI,NTD OPEN (EMD),217,1
2026,Round 1,1103,GSMC MUMBAI,NTD OPEN (W) (EMD),1541,1
2026,Round 1,1103,GSMC MUMBAI,NTD PWD PWD-NTD PH,810342,1
2026,Round 1,1103,GSMC MUMBAI,OBC EMOBC (EMR),2336,9
2026,Round 1,1103,GSMC MUMBAI,OBC EMOBCW (EMR),2766,1
2026,Round 1,1103,GSMC MUMBAI,OBC HA HOBC W,6804,1
2026,Round 1,1103,GSMC MUMBAI,OBC HA OBC,4211,2
2026,Round 1,1103,GSMC MUMBAI,OBC HA OPEN (EMD),732,1
2026,Round 1,1103,GSMC MUMBAI,OBC OBC,4281,13
2026,Round 1,1103,GSMC MUMBAI,OBC OBC(W),5998,9
2026,Round 1,1103,GSMC MUMBAI,OBC OPEN (EMD),1791,8
2026,Round 1,1103,GSMC MUMBAI,OBC PWD HA PEM OBC PH (EMR),28934,1
2026,Round 1,1103,GSMC MUMBAI,OBC PWD PWD-OBC PH,230727,1
2026,Round 1,1103,GSMC MUMBAI,OBC PWD PWD-OPEN (EMD),25747,1
2026,Round 1,1103,GSMC MUMBAI,OPEN,1796,21
2026,Round 1,1103,GSMC MUMBAI,OPEN (W),1997,15
2026,Round 1,1103,GSMC MUMBAI,PWD PWD-OPEN PH,6182,1
2026,Round 1,1103,GSMC MUMBAI,SC HA HSC,20959,1
2026,Round 1,1103,GSMC MUMBAI,SC PWD PWD-SC PH,191206,1
2026,Round 1,1103,GSMC MUMBAI,SC SC,27059,17
2026,Round 1,1103,GSMC MUMBAI,SC SC (W),21969,9
2026,Round 1,1103,GSMC MUMBAI,SEBC EMSEBCW (EMR),3247,2
2026,Round 1,1103,GSMC MUMBAI,SEBC OPEN (W) (EMD),1477,2
2026,Round 1,1103,GSMC MUMBAI,SEBC SEBC,3994,12
2026,Round 1,1103,GSMC MUMBAI,SEBC SEBC(W),3788,4
2026,Round 1,1103,GSMC MUMBAI,SEBCHA HSEBC,3304,1
2026,Round 1,1103,GSMC MUMBAI,SEBCPWD PWD-SEBC PH,83566,1
2026,Round 1,1103,GSMC MUMBAI,SOBC OBC,3903,2
2026,Round 1,1103,GSMC MUMBAI,SOBC OBC(W),3854,1
2026,Round 1,1103,GSMC MUMBAI,SOBC OPEN,1222,1
2026,Round 1,1103,GSMC MUMBAI,SOBC OPEN (W) (EMD),1120,1
2026,Round 1,1103,GSMC MUMBAI,ST HA HST,95435,1
2026,Round 1,1103,GSMC MUMBAI,ST PWD PWD-ST PH,578987,1
2026,Round 1,1103,GSMC MUMBAI,ST ST,64550,8
2026,Round 1,1103,GSMC MUMBAI,ST ST (W),74604,4
2026,Round 1,1103,GSMC MUMBAI,VJA EMVJA (EMR),2155,1
2026,Round 1,1103,GSMC MUMBAI,VJA HA VJA,6515,1
2026,Round 1,1103,GSMC MUMBAI,VJA OPEN (EMD),799,1
2026,Round 1,1103,GSMC MUMBAI,VJA PWD PWD-OPEN PH,14641,1
2026,Round 1,1103,GSMC MUMBAI,VJA VJA,5893,2
2026,Round 1,1103,GSMC MUMBAI,VJA VJA (W),3046,2
2026,Round 1,1104,Nair MC MUMBAI,D2 DEF2,34450,1
2026,Round 1,1104,Nair MC MUMBAI,D3 DEF3,14157,1
2026,Round 1,1104,Nair MC MUMBAI,EWS EWS,24023,8
2026,Round 1,1104,Nair MC MUMBAI,EWS EWS(W),23278,4
2026,Round 1,1104,Nair MC MUMBAI,EWS PWD PWD-EWS PH,805780,1
2026,Round 1,1104,Nair MC MUMBAI,HA OPEN,6889,1
2026,Round 1,1104,Nair MC MUMBAI,NTB NTB,38405,2
2026,Round 1,1104,Nair MC MUMBAI,NTB NTB(W),34358,1
2026,Round 1,1104,Nair MC MUMBAI,NTC HA EMNTC (EMR),16573,1
2026,Round 1,1104,Nair MC MUMBAI,NTC NTC,19492,2
2026,Round 1,1104,Nair MC MUMBAI,NTC NTC(W),15157,1
2026,Round 1,1104,Nair MC MUMBAI,NTC OPEN (EMD),6577,1
2026,Round 1,1104,Nair MC MUMBAI,NTD NTD,10930,2
2026,Round 1,1104,Nair MC MUMBAI,NTD NTD(W),12682,1
2026,Round 1,1104,Nair MC MUMBAI,NTD OPEN (W),6961,1
2026,Round 1,1104,Nair MC MUMBAI,OBC D1 DEF1,27052,1
2026,Round 1,1104,Nair MC MUMBAI,OBC D1 DEF1 W,23599,1
2026,Round 1,1104,Nair MC MUMBAI,OBC HA HEM OBC (EMR),11177,1
2026,Round 1,1104,Nair MC MUMBAI,OBC HA HOPEN (EMD),6501,1
2026,Round 1,1104,Nair MC MUMBAI,OBC HA OBC,12790,2
2026,Round 1,1104,Nair MC MUMBAI,OBC HA OBC(W),14788,1
2026,Round 1,1104,Nair MC MUMBAI,OBC OBC,13821,13
2026,Round 1,1104,Nair MC MUMBAI,OBC OBC(W),16184,6
2026,Round 1,1104,Nair MC MUMBAI,OBC OPEN,5218,1
2026,Round 1,1104,Nair MC MUMBAI,OBC PWD PWD-OBC PH,465850,1
2026,Round 1,1104,Nair MC MUMBAI,OPEN,7034,16
2026,Round 1,1104,Nair MC MUMBAI,OPEN (W),7151,9
2026,Round 1,1104,Nair MC MUMBAI,ORP-C ORPHANC OrphanC,49574,1
2026,Round 1,1104,Nair MC MUMBAI,PWD PWD-OPEN PH,417310,2
2026,Round 1,1104,Nair MC MUMBAI,SC HA SC,57509,1
2026,Round 1,1104,Nair MC MUMBAI,SC PWD PWD-SC PH,484259,1
2026,Round 1,1104,Nair MC MUMBAI,SC SC,65989,9
2026,Round 1,1104,Nair MC MUMBAI,SC SC (W),72747,5
2026,Round 1,1104,Nair MC MUMBAI,SEBC SEBC,13789,8
2026,Round 1,1104,Nair MC MUMBAI,SEBC SEBC(W),14165,4
2026,Round 1,1104,Nair MC MUMBAI,SEBCD1 DEF1,26234,1
2026,Round 1,1104,Nair MC MUMBAI,SEBCHA HSEBC,12873,1
2026,Round 1,1104,Nair MC MUMBAI,ST HA HSTW,213451,1
2026,Round 1,1104,Nair MC MUMBAI,ST PWD PWD-ST PH,988094,1
2026,Round 1,1104,Nair MC MUMBAI,ST ST,151864,5
2026,Round 1,1104,Nair MC MUMBAI,ST ST (W),151037,2
2026,Round 1,1104,Nair MC MUMBAI,VJA VJA,24114,3
2026,Round 1,1104,Nair MC MUMBAI,VJA VJA (W),27060,1
2026,Round 1,1105,K J Somaiya MC MUMBAI,I.Q.,83951,15
2026,Round 1,1105,K J Somaiya MC MUMBAI,NTB HA NTB,96468,1
2026,Round 1,1105,K J Somaiya MC MUMBAI,NTC NTC,58381,1
2026,Round 1,1105,K J Somaiya MC MUMBAI,NTC NTC(W),54297,1
2026,Round 1,1105,K J Somaiya MC MUMBAI,NTD NTD,48562,1
2026,Round 1,1105,K J Somaiya MC MUMBAI,OBC EMOBC (EMR),40697,1
2026,Round 1,1105,K J Somaiya MC MUMBAI,OBC HA OBC,47658,2
2026,Round 1,1105,K J Somaiya MC MUMBAI,OBC OBC,49133,3
2026,Round 1,1105,K J Somaiya MC MUMBAI,OBC OBC(W),44302,2
2026,Round 1,1105,K J Somaiya MC MUMBAI,OBC OPEN,30766,1
2026,Round 1,1105,K J Somaiya MC MUMBAI,OBC OPEN (EMD),32658,1
2026,Round 1,1105,K J Somaiya MC MUMBAI,OPEN,33827,34
2026,Round 1,1105,K J Somaiya MC MUMBAI,OPEN (W),24450,15
2026,Round 1,1105,K J Somaiya MC MUMBAI,SC SC,113673,4
2026,Round 1,1105,K J Somaiya MC MUMBAI,SC SC (W),104622,2
2026,Round 1,1105,K J Somaiya MC MUMBAI,SEBC SEBC,56531,5
2026,Round 1,1105,K J Somaiya MC MUMBAI,SEBC SEBC(W),50701,3
2026,Round 1,1105,K J Somaiya MC MUMBAI,SEBCHA SEBC,53925,1
2026,Round 1,1105,K J Somaiya MC MUMBAI,SOBC OBC,47975,1
2026,Round 1,1105,K J Somaiya MC MUMBAI,SOBC OBC(W),40012,1
2026,Round 1,1105,K J Somaiya MC MUMBAI,ST HA ST,272160,1
2026,Round 1,1105,K J Somaiya MC MUMBAI,ST ST,297117,2
2026,Round 1,1105,K J Somaiya MC MUMBAI,ST ST (W),313753,1
2026,Round 1,1105,K J Somaiya MC MUMBAI,VJA VJA,83359,1
2026,Round 1,1108,Terna MC NERUL NAVI MUMBAI,EWS OPEN,49748,4
2026,Round 1,1108,Terna MC NERUL NAVI MUMBAI,EWS OPEN (W),33909,1
2026,Round 1,1108,Terna MC NERUL NAVI MUMBAI,I.Q.,171918,19
2026,Round 1,1108,Terna MC NERUL NAVI MUMBAI,NTB NTB,73555,1
2026,Round 1,1108,Terna MC NERUL NAVI MUMBAI,NTB NTB(W),123495,1
2026,Round 1,1108,Terna MC NERUL NAVI MUMBAI,NTC NTC,61846,2
2026,Round 1,1108,Terna MC NERUL NAVI MUMBAI,NTC NTC(W),65380,1
2026,Round 1,1108,Terna MC NERUL NAVI MUMBAI,NTD EMNTD (EMR),53773,1
2026,Round 1,1108,Terna MC NERUL NAVI MUMBAI,NTD OPEN,52359,2
2026,Round 1,1108,Terna MC NERUL NAVI MUMBAI,NTD OPEN (EMD),51750,1
2026,Round 1,1108,Terna MC NERUL NAVI MUMBAI,OBC EMOBC (EMR),54508,6
2026,Round 1,1108,Terna MC NERUL NAVI MUMBAI,OBC I.Q.,153921,4
2026,Round 1,1108,Terna MC NERUL NAVI MUMBAI,OBC OBC,56039,4
2026,Round 1,1108,Terna MC NERUL NAVI MUMBAI,OBC OBC(W),54054,4
2026,Round 1,1108,Terna MC NERUL NAVI MUMBAI,OBC OPEN (EMD),52891,6
2026,Round 1,1108,Terna MC NERUL NAVI MUMBAI,OPEN,52766,41
2026,Round 1,1108,Terna MC NERUL NAVI MUMBAI,OPEN (W),47655,22
2026,Round 1,1108,Terna MC NERUL NAVI MUMBAI,SC SC,143352,7
2026,Round 1,1108,Terna MC NERUL NAVI MUMBAI,SC SC (W),140491,3
2026,Round 1,1108,Terna MC NERUL NAVI MUMBAI,SEBC SEBC,60923,7
2026,Round 1,1108,Terna MC NERUL NAVI MUMBAI,SEBC SEBC(W),57629,4
2026,Round 1,1108,Terna MC NERUL NAVI MUMBAI,SEBCHA SEBC,59292,2
2026,Round 1,1108,Terna MC NERUL NAVI MUMBAI,ST ST,330168,4
2026,Round 1,1108,Terna MC NERUL NAVI MUMBAI,ST ST (W),327080,1
2026,Round 1,1108,Terna MC NERUL NAVI MUMBAI,VJA VJA,85399,1
2026,Round 1,1108,Terna MC NERUL NAVI MUMBAI,VJA VJA (W),98477,1
2026,Round 1,1109,RGMC KALVA THANE,D1 DEF1,21065,1
2026,Round 1,1109,RGMC KALVA THANE,D1 DEF1 W,51134,1
2026,Round 1,1109,RGMC KALVA THANE,D2 DEF2,48849,1
2026,Round 1,1109,RGMC KALVA THANE,D3 DEF3,14665,1
2026,Round 1,1109,RGMC KALVA THANE,EWS EWS,33643,5
2026,Round 1,1109,RGMC KALVA THANE,EWS EWS(W),29551,2
2026,Round 1,1109,RGMC KALVA THANE,EWS HA HEWS,39946,1
2026,Round 1,1109,RGMC KALVA THANE,HA HOPENW,20505,1
2026,Round 1,1109,RGMC KALVA THANE,NTB HA NTB,68247,1
2026,Round 1,1109,RGMC KALVA THANE,NTB NTB(W),65573,1
2026,Round 1,1109,RGMC KALVA THANE,NTC NTC,31066,2
2026,Round 1,1109,RGMC KALVA THANE,NTC NTC(W),28936,1
2026,Round 1,1109,RGMC KALVA THANE,NTD NTD,22763,1
2026,Round 1,1109,RGMC KALVA THANE,NTD NTD(W),35278,1
2026,Round 1,1109,RGMC KALVA THANE,OBC D1 DEF1,34075,1
2026,Round 1,1109,RGMC KALVA THANE,OBC HA OBC,22240,2
2026,Round 1,1109,RGMC KALVA THANE,OBC OBC,23209,8
2026,Round 1,1109,RGMC KALVA THANE,OBC OBC(W),25257,4
2026,Round 1,1109,RGMC KALVA THANE,OBC PWD PWD-OBC PH,461698,1
2026,Round 1,1109,RGMC KALVA THANE,OPEN,10322,12
2026,Round 1,1109,RGMC KALVA THANE,OPEN (W),10212,5
2026,Round 1,1109,RGMC KALVA THANE,PWD PWD-OPEN PH,441610,1
2026,Round 1,1109,RGMC KALVA THANE,SC HA HSC,113312,1
2026,Round 1,1109,RGMC KALVA THANE,SC PWD PWD-SC PH,788232,1
2026,Round 1,1109,RGMC KALVA THANE,SC SC,82132,6
2026,Round 1,1109,RGMC KALVA THANE,SC SC (W),81130,3
2026,Round 1,1109,RGMC KALVA THANE,SEBC SEBC,21853,5
2026,Round 1,1109,RGMC KALVA THANE,SEBC SEBC(W),19908,3
2026,Round 1,1109,RGMC KALVA THANE,SEBCPWD PWD-SEBC PH,852855,1
2026,Round 1,1109,RGMC KALVA THANE,SOBC OBC(W),24466,1
2026,Round 1,1109,RGMC KALVA THANE,ST D1 ST,220765,1
2026,Round 1,1109,RGMC KALVA THANE,ST HA ST,206375,1
2026,Round 1,1109,RGMC KALVA THANE,ST ST,215977,2
2026,Round 1,1109,RGMC KALVA THANE,ST ST (W),218007,2
2026,Round 1,1109,RGMC KALVA THANE,VJA ORP-A ORPHAN Orphan-A,1110051,1
2026,Round 1,1109,RGMC KALVA THANE,VJA VJA,38186,2
2026,Round 1,1109,RGMC KALVA THANE,VJA VJA (W),48095,1
2026,Round 1,1110,BJMC PUNE,D2 DEF2,20306,1
2026,Round 1,1110,BJMC PUNE,D3 DEF3 W,29622,1
2026,Round 1,1110,BJMC PUNE,EWS EWS,16747,11
2026,Round 1,1110,BJMC PUNE,EWS EWS(W),15224,6
2026,Round 1,1110,BJMC PUNE,EWS HA EWS,12655,2
2026,Round 1,1110,BJMC PUNE,EWS OPEN,3921,1
2026,Round 1,1110,BJMC PUNE,EWS OPEN (W),3895,1
2026,Round 1,1110,BJMC PUNE,EWS PWD PWD-EWS PH,460344,1
2026,Round 1,1110,BJMC PUNE,HA HOPEN,3755,1
2026,Round 1,1110,BJMC PUNE,HA OPEN,5075,1
2026,Round 1,1110,BJMC PUNE,MKB MKB,13627,1
2026,Round 1,1110,BJMC PUNE,NTB HA HNTB,58106,1
2026,Round 1,1110,BJMC PUNE,NTB NTB,19553,3
2026,Round 1,1110,BJMC PUNE,NTB NTB(W),30884,1
2026,Round 1,1110,BJMC PUNE,NTC NTC,13553,6
2026,Round 1,1110,BJMC PUNE,NTC NTC(W),17011,2
2026,Round 1,1110,BJMC PUNE,NTC PWD PWD-OPEN PH,195831,1
2026,Round 1,1110,BJMC PUNE,NTD D1 DEF1 W,8866,1
2026,Round 1,1110,BJMC PUNE,NTD EMNTD (EMR),5865,1
2026,Round 1,1110,BJMC PUNE,NTD NTD,7322,2
2026,Round 1,1110,BJMC PUNE,NTD NTD(W),8341,1
2026,Round 1,1110,BJMC PUNE,NTD OPEN (EMD),5223,1
2026,Round 1,1110,BJMC PUNE,OBC D1 DEF1,16471,2
2026,Round 1,1110,BJMC PUNE,OBC EMOBC (EMR),6928,5
2026,Round 1,1110,BJMC PUNE,OBC EMOBCW (EMR),6756,2
2026,Round 1,1110,BJMC PUNE,OBC OBC,9644,19
2026,Round 1,1110,BJMC PUNE,OBC OBC(W),11513,9
2026,Round 1,1110,BJMC PUNE,OBC OPEN (EMD),5224,5
2026,Round 1,1110,BJMC PUNE,OBC OPEN (W),4666,1
2026,Round 1,1110,BJMC PUNE,OBC OPEN (W) (EMD),5875,1
2026,Round 1,1110,BJMC PUNE,OBC ORP-C ORPHANC-OB Orphan-C OBC,59801,1
2026,Round 1,1110,BJMC PUNE,OBC PWD PEM OBC PH (EMR),308697,1
2026,Round 1,1110,BJMC PUNE,OBC PWD PWD-OBC PH,347653,1
2026,Round 1,1110,BJMC PUNE,OBC PWD PWD-OPEN (EMD),250837,1
2026,Round 1,1110,BJMC PUNE,OPEN,5364,24
2026,Round 1,1110,BJMC PUNE,OPEN (W),4819,10
2026,Round 1,1110,BJMC PUNE,PWD PWD-OPEN PH,23871,1
2026,Round 1,1110,BJMC PUNE,SC HA HSC,48979,1
2026,Round 1,1110,BJMC PUNE,SC PWD PWD-SC PH,427097,1
2026,Round 1,1110,BJMC PUNE,SC SC,54667,17
2026,Round 1,1110,BJMC PUNE,SC SC (W),51475,8
2026,Round 1,1110,BJMC PUNE,SEBC EMSEBC (EMR),6180,2
2026,Round 1,1110,BJMC PUNE,SEBC EMSEBCW (EMR),7002,2
2026,Round 1,1110,BJMC PUNE,SEBC OPEN (EMD),4839,2
2026,Round 1,1110,BJMC PUNE,SEBC OPEN (W),5467,1
2026,Round 1,1110,BJMC PUNE,SEBC OPEN (W) (EMD),6161,3
2026,Round 1,1110,BJMC PUNE,SEBC SEBC,8416,10
2026,Round 1,1110,BJMC PUNE,SEBC SEBC(W),9033,2
2026,Round 1,1110,BJMC PUNE,SEBCHA EMSEBCW (EMR),6830,1
2026,Round 1,1110,BJMC PUNE,SEBCHA HOPENW,3453,1
2026,Round 1,1110,BJMC PUNE,SEBCHA HSEBC,5643,1
2026,Round 1,1110,BJMC PUNE,SEBCHA SEBC,7007,1
2026,Round 1,1110,BJMC PUNE,SEBCHA SEBC(W),10275,1
2026,Round 1,1110,BJMC PUNE,SEBCPWD PWD-SEBC PH,420716,1
2026,Round 1,1110,BJMC PUNE,SOBC HA HOBC W,8849,1
2026,Round 1,1110,BJMC PUNE,SOBC OBC,7486,1
2026,Round 1,1110,BJMC PUNE,SOBC OPEN (W) (EMD),4172,1
2026,Round 1,1110,BJMC PUNE,ST HA ST (W),100655,1
2026,Round 1,1110,BJMC PUNE,ST PWD PWD-ST PH,900605,1
2026,Round 1,1110,BJMC PUNE,ST ST,121725,10
2026,Round 1,1110,BJMC PUNE,ST ST (W),104569,3
2026,Round 1,1110,BJMC PUNE,VJA PWD PWD-VJA PH,819687,1
2026,Round 1,1110,BJMC PUNE,VJA VJA,11839,3
2026,Round 1,1110,BJMC PUNE,VJA VJA (W),15649,2
2026,Round 1,1112,MIMER MC TALEGAON PUNE,EWS OPEN,56201,1
2026,Round 1,1112,MIMER MC TALEGAON PUNE,I.Q.,309704,19
2026,Round 1,1112,MIMER MC TALEGAON PUNE,NTB HA NTB(W),123337,1
2026,Round 1,1112,MIMER MC TALEGAON PUNE,NTB NTB,101684,1
2026,Round 1,1112,MIMER MC TALEGAON PUNE,NTC EMNTC (EMR),60782,1
2026,Round 1,1112,MIMER MC TALEGAON PUNE,NTC HA NTC(W),57664,1
2026,Round 1,1112,MIMER MC TALEGAON PUNE,NTC OPEN (EMD),48809,1
2026,Round 1,1112,MIMER MC TALEGAON PUNE,NTD EMNTD (EMR),57674,1
2026,Round 1,1112,MIMER MC TALEGAON PUNE,NTD HA OPEN,51531,1
2026,Round 1,1112,MIMER MC TALEGAON PUNE,NTD NTD(W),57103,1
2026,Round 1,1112,MIMER MC TALEGAON PUNE,NTD OPEN,55523,5
2026,Round 1,1112,MIMER MC TALEGAON PUNE,NTD OPEN (EMD),51292,1
2026,Round 1,1112,MIMER MC TALEGAON PUNE,OBC EMOBC (EMR),58479,7
2026,Round 1,1112,MIMER MC TALEGAON PUNE,OBC EMOBCW (EMR),58190,4
2026,Round 1,1112,MIMER MC TALEGAON PUNE,OBC HA EMOBC (EMR),58272,2
2026,Round 1,1112,MIMER MC TALEGAON PUNE,OBC HA OPEN,56512,1
2026,Round 1,1112,MIMER MC TALEGAON PUNE,OBC I.Q.,196614,2
2026,Round 1,1112,MIMER MC TALEGAON PUNE,OBC OPEN,56572,3
2026,Round 1,1112,MIMER MC TALEGAON PUNE,OBC OPEN (EMD),55786,10
2026,Round 1,1112,MIMER MC TALEGAON PUNE,OBC OPEN (W),54130,4
2026,Round 1,1112,MIMER MC TALEGAON PUNE,OBC OPEN (W) (EMD),53147,3
2026,Round 1,1112,MIMER MC TALEGAON PUNE,OPEN,56972,25
2026,Round 1,1112,MIMER MC TALEGAON PUNE,OPEN (W),53443,12
2026,Round 1,1112,MIMER MC TALEGAON PUNE,SC SC,137155,7
2026,Round 1,1112,MIMER MC TALEGAON PUNE,SC SC (W),131810,2
2026,Round 1,1112,MIMER MC TALEGAON PUNE,SEBC EMSEBC (EMR),62833,7
2026,Round 1,1112,MIMER MC TALEGAON PUNE,SEBC EMSEBCW (EMR),60112,1
2026,Round 1,1112,MIMER MC TALEGAON PUNE,SEBC I.Q.,314082,1
2026,Round 1,1112,MIMER MC TALEGAON PUNE,SEBC OPEN (EMD),56694,7
2026,Round 1,1112,MIMER MC TALEGAON PUNE,SEBC OPEN (W),53224,1
2026,Round 1,1112,MIMER MC TALEGAON PUNE,SEBC OPEN (W) (EMD),53886,2
2026,Round 1,1112,MIMER MC TALEGAON PUNE,SEBC SEBC,63237,2
2026,Round 1,1112,MIMER MC TALEGAON PUNE,SEBC SEBC(W),61672,2
2026,Round 1,1112,MIMER MC TALEGAON PUNE,SEBCHA EMSEBCW (EMR),60899,1
2026,Round 1,1112,MIMER MC TALEGAON PUNE,SOBC EMOBC (EMR),58268,1
2026,Round 1,1112,MIMER MC TALEGAON PUNE,SOBC OPEN (W) (EMD),52711,1
2026,Round 1,1112,MIMER MC TALEGAON PUNE,ST ST,323555,4
2026,Round 1,1112,MIMER MC TALEGAON PUNE,ST ST (W),328360,2
2026,Round 1,1112,MIMER MC TALEGAON PUNE,VJA VJA,89323,2
2026,Round 1,1114,V M MC SOLAPUR,D1 DEF1,36892,1
2026,Round 1,1114,V M MC SOLAPUR,D3 DEF3 W,41637,1
2026,Round 1,1114,V M MC SOLAPUR,EWS EWS,48324,11
2026,Round 1,1114,V M MC SOLAPUR,EWS EWS(W),42909,5
2026,Round 1,1114,V M MC SOLAPUR,EWS PWD HA PWD-EWS PH,888270,1
2026,Round 1,1114,V M MC SOLAPUR,MKB MKB,30293,1
2026,Round 1,1114,V M MC SOLAPUR,NTB NTB,67094,3
2026,Round 1,1114,V M MC SOLAPUR,NTB NTB(W),72337,1
2026,Round 1,1114,V M MC SOLAPUR,NTC D1 DEF1 W,25521,1
2026,Round 1,1114,V M MC SOLAPUR,NTC EMNTC (EMR),24985,1
2026,Round 1,1114,V M MC SOLAPUR,NTC NTC,33621,2
2026,Round 1,1114,V M MC SOLAPUR,NTC NTC(W),33471,2
2026,Round 1,1114,V M MC SOLAPUR,NTC OPEN (EMD),14315,1
2026,Round 1,1114,V M MC SOLAPUR,NTC PWD PWD-NTC PH,798687,1
2026,Round 1,1114,V M MC SOLAPUR,NTD EMNTD (EMR),21160,1
2026,Round 1,1114,V M MC SOLAPUR,NTD NTD,21738,1
2026,Round 1,1114,V M MC SOLAPUR,NTD NTD(W),22784,1
2026,Round 1,1114,V M MC SOLAPUR,NTD OPEN (EMD),17061,1
2026,Round 1,1114,V M MC SOLAPUR,OBC EMOBC (EMR),20379,1
2026,Round 1,1114,V M MC SOLAPUR,OBC EMOBCW (EMR),22375,1
2026,Round 1,1114,V M MC SOLAPUR,OBC HA HOBC,24506,1
2026,Round 1,1114,V M MC SOLAPUR,OBC OBC,26150,17
2026,Round 1,1114,V M MC SOLAPUR,OBC OBC(W),27364,9
2026,Round 1,1114,V M MC SOLAPUR,OBC OPEN (EMD),18366,1
2026,Round 1,1114,V M MC SOLAPUR,OBC OPEN (W) (EMD),13642,1
2026,Round 1,1114,V M MC SOLAPUR,OBC PWD PEM OBC PH (EMR),626727,1
2026,Round 1,1114,V M MC SOLAPUR,OBC PWD PWD-OPEN (EMD),282000,1
2026,Round 1,1114,V M MC SOLAPUR,OBC PWD PWD-OPEN PH,541139,1
2026,Round 1,1114,V M MC SOLAPUR,OPEN,18434,22
2026,Round 1,1114,V M MC SOLAPUR,OPEN (W),17858,12
2026,Round 1,1114,V M MC SOLAPUR,PWD PWD-OPEN PH,154919,1
2026,Round 1,1114,V M MC SOLAPUR,SC HA HSCW,116311,1
2026,Round 1,1114,V M MC SOLAPUR,SC ORP-C ORPHANC OrphanC,514669,1
2026,Round 1,1114,V M MC SOLAPUR,SC PWD PWD-SC PH,1114770,1
2026,Round 1,1114,V M MC SOLAPUR,SC SC,91521,14
2026,Round 1,1114,V M MC SOLAPUR,SC SC (W),88962,6
2026,Round 1,1114,V M MC SOLAPUR,SEBC EMSEBC (EMR),20241,2
2026,Round 1,1114,V M MC SOLAPUR,SEBC OPEN (EMD),17876,2
2026,Round 1,1114,V M MC SOLAPUR,SEBC SEBC,25538,9
2026,Round 1,1114,V M MC SOLAPUR,SEBC SEBC(W),22726,4
2026,Round 1,1114,V M MC SOLAPUR,SEBCD1 DEF1,42798,1
2026,Round 1,1114,V M MC SOLAPUR,SEBCHA HOPEN,24263,1
2026,Round 1,1114,V M MC SOLAPUR,SEBCHA HSEBC W,31985,1
2026,Round 1,1114,V M MC SOLAPUR,SEBCPWD PWD-SEBC PH,716059,1
2026,Round 1,1114,V M MC SOLAPUR,SOBC OBC,24689,2
2026,Round 1,1114,V M MC SOLAPUR,ST HA ST (W),223805,1
2026,Round 1,1114,V M MC SOLAPUR,ST ST,231418,7
2026,Round 1,1114,V M MC SOLAPUR,ST ST (W),241226,3
2026,Round 1,1114,V M MC SOLAPUR,VJA D2 DEF2,59286,1
2026,Round 1,1114,V M MC SOLAPUR,VJA HA HVJA,54121,1
2026,Round 1,1114,V M MC SOLAPUR,VJA VJA,43791,3
2026,Round 1,1114,V M MC SOLAPUR,VJA VJA (W),39049,1
2026,Round 1,1115,GMC MIRAJ,D1 DEF1,43932,1
2026,Round 1,1115,GMC MIRAJ,D3 DEF3,52350,1
2026,Round 1,1115,GMC MIRAJ,EWS D1 DEF1,48830,1
2026,Round 1,1115,GMC MIRAJ,EWS EWS,49884,11
2026,Round 1,1115,GMC MIRAJ,EWS EWS(W),49487,5
2026,Round 1,1115,GMC MIRAJ,EWS HA HEWS,48003,1
2026,Round 1,1115,GMC MIRAJ,HA HOPEN,20530,1
2026,Round 1,1115,GMC MIRAJ,MKB MKB,29858,1
2026,Round 1,1115,GMC MIRAJ,NTB HA HNTB,80766,1
2026,Round 1,1115,GMC MIRAJ,NTB NTB,38976,1
2026,Round 1,1115,GMC MIRAJ,NTB NTB(W),71143,1
2026,Round 1,1115,GMC MIRAJ,NTB PWD PWD-NTB PH,920534,1
2026,Round 1,1115,GMC MIRAJ,NTC NTC,35128,4
2026,Round 1,1115,GMC MIRAJ,NTC NTC(W),37593,2
2026,Round 1,1115,GMC MIRAJ,NTD D1 DEF1 W,44696,1
2026,Round 1,1115,GMC MIRAJ,NTD EMNTD (EMR),24427,1
2026,Round 1,1115,GMC MIRAJ,NTD NTD(W),26928,1
2026,Round 1,1115,GMC MIRAJ,NTD OPEN (EMD),20572,1
2026,Round 1,1115,GMC MIRAJ,NTD PWD PWD-NTD PH,867337,1
2026,Round 1,1115,GMC MIRAJ,OBC D2 DEF2 W,69181,1
2026,Round 1,1115,GMC MIRAJ,OBC EMOBC (EMR),26282,2
2026,Round 1,1115,GMC MIRAJ,OBC HA HOBC W,27697,1
2026,Round 1,1115,GMC MIRAJ,OBC HA OBC,28999,1
2026,Round 1,1115,GMC MIRAJ,OBC HA OBC(W),28493,2
2026,Round 1,1115,GMC MIRAJ,OBC HA OPEN (EMD),21354,1
2026,Round 1,1115,GMC MIRAJ,OBC OBC,30007,17
2026,Round 1,1115,GMC MIRAJ,OBC OBC(W),29550,7
2026,Round 1,1115,GMC MIRAJ,OBC PWD PEM OBC PH (EMR),610424,1
2026,Round 1,1115,GMC MIRAJ,OBC PWD PWD-OPEN (EMD),500593,1
2026,Round 1,1115,GMC MIRAJ,OPEN,21192,21
2026,Round 1,1115,GMC MIRAJ,OPEN (W),20400,14
2026,Round 1,1115,GMC MIRAJ,PWD PWD-OPEN PH,512148,2
2026,Round 1,1115,GMC MIRAJ,SC D1 SC,95292,1
2026,Round 1,1115,GMC MIRAJ,SC D1PWD PWD-SC PH,767521,1
2026,Round 1,1115,GMC MIRAJ,SC HA HSC,113669,1
2026,Round 1,1115,GMC MIRAJ,SC HAORP-C ORPHANC OrphanC,547396,1
2026,Round 1,1115,GMC MIRAJ,SC SC,99534,12
2026,Round 1,1115,GMC MIRAJ,SC SC (W),98518,7
2026,Round 1,1115,GMC MIRAJ,SEBC EMSEBC (EMR),25610,2
2026,Round 1,1115,GMC MIRAJ,SEBC OPEN (EMD),20684,2
2026,Round 1,1115,GMC MIRAJ,SEBC SEBC,27197,8
2026,Round 1,1115,GMC MIRAJ,SEBC SEBC(W),28813,4
2026,Round 1,1115,GMC MIRAJ,SEBCHA SEBC,26905,1
2026,Round 1,1115,GMC MIRAJ,SEBCHA SEBC(W),26798,1
2026,Round 1,1115,GMC MIRAJ,SEBCPWD PWD-SEBC PH,886337,1
2026,Round 1,1115,GMC MIRAJ,SOBC OBC,29360,1
2026,Round 1,1115,GMC MIRAJ,SOBC OPEN (EMD),17796,1
2026,Round 1,1115,GMC MIRAJ,ST ST,239173,8
2026,Round 1,1115,GMC MIRAJ,ST ST (W),229552,3
2026,Round 1,1115,GMC MIRAJ,VJA VJA,52360,3
2026,Round 1,1115,GMC MIRAJ,VJA VJA (W),64134,2
2026,Round 1,1118,V PAWAR MC NASIK,EWS OPEN (W),53673,1
2026,Round 1,1118,V PAWAR MC NASIK,HA OPEN,58387,1
2026,Round 1,1118,V PAWAR MC NASIK,I.Q.,509663,16
2026,Round 1,1118,V PAWAR MC NASIK,NTB HA NTB,100348,1
2026,Round 1,1118,V PAWAR MC NASIK,NTC HA NTC,63494,1
2026,Round 1,1118,V PAWAR MC NASIK,NTC NTC,63324,1
2026,Round 1,1118,V PAWAR MC NASIK,NTC NTC(W),65780,1
2026,Round 1,1118,V PAWAR MC NASIK,NTD EMNTD (EMR),62543,1
2026,Round 1,1118,V PAWAR MC NASIK,NTD HA OPEN (EMD),43210,1
2026,Round 1,1118,V PAWAR MC NASIK,NTD NTD(W),67432,1
2026,Round 1,1118,V PAWAR MC NASIK,NTD OPEN,60934,10
2026,Round 1,1118,V PAWAR MC NASIK,OBC EMOBC (EMR),64096,9
2026,Round 1,1118,V PAWAR MC NASIK,OBC EMOBCW (EMR),62648,3
2026,Round 1,1118,V PAWAR MC NASIK,OBC HA EMOBC (EMR),63438,1
2026,Round 1,1118,V PAWAR MC NASIK,OBC HA OPEN,61145,2
2026,Round 1,1118,V PAWAR MC NASIK,OBC HA OPEN (W),54723,2
2026,Round 1,1118,V PAWAR MC NASIK,OBC I.Q.,418063,3
2026,Round 1,1118,V PAWAR MC NASIK,OBC OPEN,61580,7
2026,Round 1,1118,V PAWAR MC NASIK,OBC OPEN (EMD),59631,10
2026,Round 1,1118,V PAWAR MC NASIK,OBC OPEN (W),57891,5
2026,Round 1,1118,V PAWAR MC NASIK,OBC OPEN (W) (EMD),52565,4
2026,Round 1,1118,V PAWAR MC NASIK,OPEN,61241,18
2026,Round 1,1118,V PAWAR MC NASIK,OPEN (W),58014,8
2026,Round 1,1118,V PAWAR MC NASIK,SC I.Q.,449753,1
2026,Round 1,1118,V PAWAR MC NASIK,SC SC,148343,7
2026,Round 1,1118,V PAWAR MC NASIK,SC SC (W),145632,3
2026,Round 1,1118,V PAWAR MC NASIK,SEBC EMSEBC (EMR),65871,3
2026,Round 1,1118,V PAWAR MC NASIK,SEBC EMSEBCW (EMR),63445,2
2026,Round 1,1118,V PAWAR MC NASIK,SEBC OPEN (EMD),60514,1
2026,Round 1,1118,V PAWAR MC NASIK,SEBC OPEN (W) (EMD),57032,2
2026,Round 1,1118,V PAWAR MC NASIK,SEBC SEBC,68141,5
2026,Round 1,1118,V PAWAR MC NASIK,SEBC SEBC(W),64648,2
2026,Round 1,1118,V PAWAR MC NASIK,SEBCHA OPEN (EMD),58952,2
2026,Round 1,1118,V PAWAR MC NASIK,SEBCHA SEBC,66562,1
2026,Round 1,1118,V PAWAR MC NASIK,SOBC EMOBCW (EMR),61712,1
2026,Round 1,1118,V PAWAR MC NASIK,SOBC HA OPEN,61104,1
2026,Round 1,1118,V PAWAR MC NASIK,SOBC I.Q.,366933,1
2026,Round 1,1118,V PAWAR MC NASIK,SOBC OPEN,60701,1
2026,Round 1,1118,V PAWAR MC NASIK,SOBC OPEN (W),57001,1
2026,Round 1,1118,V PAWAR MC NASIK,ST ST,316512,4
2026,Round 1,1118,V PAWAR MC NASIK,ST ST (W),314400,1
2026,Round 1,1118,V PAWAR MC NASIK,VJA I.Q.,329842,1
2026,Round 1,1118,V PAWAR MC NASIK,VJA VJA,90188,2
2026,Round 1,1118,V PAWAR MC NASIK,VJA VJA (W),99032,1
2026,Round 1,1119,B HIRE MC DHULE,D3 DEF3,60565,1
2026,Round 1,1119,B HIRE MC DHULE,EWS EWS,58967,8
2026,Round 1,1119,B HIRE MC DHULE,EWS EWS(W),56282,4
2026,Round 1,1119,B HIRE MC DHULE,EWS OPEN,24167,1
2026,Round 1,1119,B HIRE MC DHULE,MKB MKB,44392,1
2026,Round 1,1119,B HIRE MC DHULE,NTB HA NTB,73447,1
2026,Round 1,1119,B HIRE MC DHULE,NTB NTB,84920,1
2026,Round 1,1119,B HIRE MC DHULE,NTB NTB(W),78755,1
2026,Round 1,1119,B HIRE MC DHULE,NTC D1 DEF1,74803,1
2026,Round 1,1119,B HIRE MC DHULE,NTC D2 DEF2 W,82246,1
2026,Round 1,1119,B HIRE MC DHULE,NTC NTC,46236,3
2026,Round 1,1119,B HIRE MC DHULE,NTC NTC(W),43502,1
2026,Round 1,1119,B HIRE MC DHULE,NTD D1 DEF1 W,78606,1
2026,Round 1,1119,B HIRE MC DHULE,NTD HA NTD,32841,1
2026,Round 1,1119,B HIRE MC DHULE,NTD NTD,35633,1
2026,Round 1,1119,B HIRE MC DHULE,NTD NTD(W),36809,1
2026,Round 1,1119,B HIRE MC DHULE,OBC EMOBC (EMR),36964,6
2026,Round 1,1119,B HIRE MC DHULE,OBC EMOBCW (EMR),36502,2
2026,Round 1,1119,B HIRE MC DHULE,OBC HA EMOBC (EMR),35636,1
2026,Round 1,1119,B HIRE MC DHULE,OBC OBC,39634,9
2026,Round 1,1119,B HIRE MC DHULE,OBC OBC(W),39209,5
2026,Round 1,1119,B HIRE MC DHULE,OBC OPEN,28588,1
2026,Round 1,1119,B HIRE MC DHULE,OBC OPEN (EMD),31102,7
2026,Round 1,1119,B HIRE MC DHULE,OBC OPEN (W),27899,1
2026,Round 1,1119,B HIRE MC DHULE,OBC OPEN (W) (EMD),27884,2
2026,Round 1,1119,B HIRE MC DHULE,OBC PWD PEM OBC PH (EMR),971554,1
2026,Round 1,1119,B HIRE MC DHULE,OBC PWD PWD-OPEN (EMD),559991,1
2026,Round 1,1119,B HIRE MC DHULE,OBC PWD PWD-OPEN PH,775174,1
2026,Round 1,1119,B HIRE MC DHULE,OPEN,31157,11
2026,Round 1,1119,B HIRE MC DHULE,OPEN (W),30718,6
2026,Round 1,1119,B HIRE MC DHULE,SC HA HSC,120722,1
2026,Round 1,1119,B HIRE MC DHULE,SC PWD PWD-SC PH,1176248,1
2026,Round 1,1119,B HIRE MC DHULE,SC SC,120258,8
2026,Round 1,1119,B HIRE MC DHULE,SC SC (W),124283,5
2026,Round 1,1119,B HIRE MC DHULE,SEBC SEBC,38349,9
2026,Round 1,1119,B HIRE MC DHULE,SEBC SEBC(W),41010,3
2026,Round 1,1119,B HIRE MC DHULE,SEBCD1 DEF1,74289,1
2026,Round 1,1119,B HIRE MC DHULE,SEBCHA HOPENW,42383,1
2026,Round 1,1119,B HIRE MC DHULE,SEBCHA HSEBC,36346,1
2026,Round 1,1119,B HIRE MC DHULE,ST HA ST,253298,1
2026,Round 1,1119,B HIRE MC DHULE,ST ST,253583,5
2026,Round 1,1119,B HIRE MC DHULE,ST ST (W),276982,3
2026,Round 1,1119,B HIRE MC DHULE,VJA PWD PWD-VJA PH,1115520,1
2026,Round 1,1119,B HIRE MC DHULE,VJA VJA,61155,2
2026,Round 1,1119,B HIRE MC DHULE,VJA VJA (W),67040,1
2026,Round 1,1120,ACPM MC DHULE,EWS HA OPEN,73246,1
2026,Round 1,1120,ACPM MC DHULE,EWS OPEN (W),72567,1
2026,Round 1,1120,ACPM MC DHULE,I.Q.,322737,9
2026,Round 1,1120,ACPM MC DHULE,NTB NTB,128585,1
2026,Round 1,1120,ACPM MC DHULE,NTC EMNTC (EMR),73600,1
2026,Round 1,1120,ACPM MC DHULE,NTC NTC(W),74359,1
2026,Round 1,1120,ACPM MC DHULE,NTC OPEN (EMD),68429,1
2026,Round 1,1120,ACPM MC DHULE,NTD NTD,74629,1
2026,Round 1,1120,ACPM MC DHULE,NTD OPEN (W),73153,1
2026,Round 1,1120,ACPM MC DHULE,OBC EMOBC (EMR),76104,7
2026,Round 1,1120,ACPM MC DHULE,OBC EMOBCW (EMR),74370,1
2026,Round 1,1120,ACPM MC DHULE,OBC HA I.Q.,310354,1
2026,Round 1,1120,ACPM MC DHULE,OBC HA OPEN (EMD),61858,1
2026,Round 1,1120,ACPM MC DHULE,OBC HA OPEN (W) (EMD),67836,1
2026,Round 1,1120,ACPM MC DHULE,OBC I.Q.,348814,3
2026,Round 1,1120,ACPM MC DHULE,OBC OBC(W),74934,1
2026,Round 1,1120,ACPM MC DHULE,OBC OPEN,73440,5
2026,Round 1,1120,ACPM MC DHULE,OBC OPEN (EMD),70125,6
2026,Round 1,1120,ACPM MC DHULE,OBC OPEN (W) (EMD),64764,1
2026,Round 1,1120,ACPM MC DHULE,OPEN,73375,20
2026,Round 1,1120,ACPM MC DHULE,OPEN (W),72904,11
2026,Round 1,1120,ACPM MC DHULE,SC I.Q.,325097,1
2026,Round 1,1120,ACPM MC DHULE,SC SC,158908,5
2026,Round 1,1120,ACPM MC DHULE,SC SC (W),158132,2
2026,Round 1,1120,ACPM MC DHULE,SEBC EMSEBC (EMR),73983,2
2026,Round 1,1120,ACPM MC DHULE,SEBC EMSEBCW (EMR),79946,1
2026,Round 1,1120,ACPM MC DHULE,SEBC OPEN (EMD),69549,1
2026,Round 1,1120,ACPM MC DHULE,SEBC OPEN (W) (EMD),70988,1
2026,Round 1,1120,ACPM MC DHULE,SEBC SEBC,74993,4
2026,Round 1,1120,ACPM MC DHULE,SEBC SEBC(W),80294,1
2026,Round 1,1120,ACPM MC DHULE,SEBCHA OPEN (EMD),73435,1
2026,Round 1,1120,ACPM MC DHULE,SOBC EMOBCW (EMR),73755,1
2026,Round 1,1120,ACPM MC DHULE,SOBC I.Q.,354088,1
2026,Round 1,1120,ACPM MC DHULE,ST HA ST,323665,1
2026,Round 1,1120,ACPM MC DHULE,ST ST,323840,1
2026,Round 1,1120,ACPM MC DHULE,ST ST (W),337697,1
2026,Round 1,1120,ACPM MC DHULE,VJA VJA,99611,1
2026,Round 1,1132,GMC KOLHAPUR,D3 DEF3,15753,1
2026,Round 1,1132,GMC KOLHAPUR,EWS EWS,47523,8
2026,Round 1,1132,GMC KOLHAPUR,EWS EWS(W),47320,4
2026,Round 1,1132,GMC KOLHAPUR,EWS HA HEWS,45062,1
2026,Round 1,1132,GMC KOLHAPUR,HA OPEN (W),14054,1
2026,Round 1,1132,GMC KOLHAPUR,MKB MKB W,51019,1
2026,Round 1,1132,GMC KOLHAPUR,NTB NTB,69770,2
2026,Round 1,1132,GMC KOLHAPUR,NTB NTB(W),71257,1
2026,Round 1,1132,GMC KOLHAPUR,NTC NTC,32073,3
2026,Round 1,1132,GMC KOLHAPUR,NTC NTC(W),22773,1
2026,Round 1,1132,GMC KOLHAPUR,NTD NTD,21750,2
2026,Round 1,1132,GMC KOLHAPUR,NTD NTD(W),20198,1
2026,Round 1,1132,GMC KOLHAPUR,OBC D1 DEF1,39286,1
2026,Round 1,1132,GMC KOLHAPUR,OBC D2 DEF2,44533,1
2026,Round 1,1132,GMC KOLHAPUR,OBC EMOBC (EMR),22849,3
2026,Round 1,1132,GMC KOLHAPUR,OBC HA HOBC W,27421,1
2026,Round 1,1132,GMC KOLHAPUR,OBC HA OBC,23229,1
2026,Round 1,1132,GMC KOLHAPUR,OBC HA OPEN (EMD),16454,2
2026,Round 1,1132,GMC KOLHAPUR,OBC OBC,26204,12
2026,Round 1,1132,GMC KOLHAPUR,OBC OBC(W),23421,6
2026,Round 1,1132,GMC KOLHAPUR,OBC OPEN (EMD),11082,1
2026,Round 1,1132,GMC KOLHAPUR,OBC PWD PWD-OBC PH,617049,1
2026,Round 1,1132,GMC KOLHAPUR,OPEN,16694,15
2026,Round 1,1132,GMC KOLHAPUR,OPEN (W),15885,7
2026,Round 1,1132,GMC KOLHAPUR,PWD PWD-OPEN PH,561062,2
2026,Round 1,1132,GMC KOLHAPUR,SC D2 SC,87071,1
2026,Round 1,1132,GMC KOLHAPUR,SC PWD PWD-SC PH,1143656,1
2026,Round 1,1132,GMC KOLHAPUR,SC SC,90473,9
2026,Round 1,1132,GMC KOLHAPUR,SC SC (W),82038,5
2026,Round 1,1132,GMC KOLHAPUR,SEBC EMSEBC (EMR),17869,1
2026,Round 1,1132,GMC KOLHAPUR,SEBC EMSEBCW (EMR),18518,1
2026,Round 1,1132,GMC KOLHAPUR,SEBC OPEN (EMD),16723,1
2026,Round 1,1132,GMC KOLHAPUR,SEBC OPEN (W) (EMD),10022,1
2026,Round 1,1132,GMC KOLHAPUR,SEBC SEBC,23562,5
2026,Round 1,1132,GMC KOLHAPUR,SEBC SEBC(W),21112,3
2026,Round 1,1132,GMC KOLHAPUR,SEBCD1 DEF1,39327,1
2026,Round 1,1132,GMC KOLHAPUR,SEBCD1 DEF1 W,44717,1
2026,Round 1,1132,GMC KOLHAPUR,SEBCHA HOPEN,8225,1
2026,Round 1,1132,GMC KOLHAPUR,SEBCHA SEBC,21099,1
2026,Round 1,1132,GMC KOLHAPUR,SEBCORP-C ORPHANC OrphanC,346399,1
2026,Round 1,1132,GMC KOLHAPUR,SEBCPWD PWD-SEBC PH,966627,1
2026,Round 1,1132,GMC KOLHAPUR,ST HA HST,197404,1
2026,Round 1,1132,GMC KOLHAPUR,ST ST,226380,4
2026,Round 1,1132,GMC KOLHAPUR,ST ST (W),241735,3
2026,Round 1,1132,GMC KOLHAPUR,VJA VJA,47068,3
2026,Round 1,1132,GMC KOLHAPUR,VJA VJA (W),54137,1
2026,Round 1,1137,ASHWINI MED.COL SOLAPUR,D1 I.Q.,593916,1
2026,Round 1,1137,ASHWINI MED.COL SOLAPUR,EWS I.Q.,563441,1
2026,Round 1,1137,ASHWINI MED.COL SOLAPUR,HA OPEN,68993,1
2026,Round 1,1137,ASHWINI MED.COL SOLAPUR,HA OPEN (W),62068,2
2026,Round 1,1137,ASHWINI MED.COL SOLAPUR,I.Q.,619440,16
2026,Round 1,1137,ASHWINI MED.COL SOLAPUR,NTB NTB,125120,1
2026,Round 1,1137,ASHWINI MED.COL SOLAPUR,NTB NTB(W),128370,1
2026,Round 1,1137,ASHWINI MED.COL SOLAPUR,NTC EMNTC (EMR),70050,2
2026,Round 1,1137,ASHWINI MED.COL SOLAPUR,NTC HA OPEN,69008,2
2026,Round 1,1137,ASHWINI MED.COL SOLAPUR,NTC OPEN,69128,6
2026,Round 1,1137,ASHWINI MED.COL SOLAPUR,NTC OPEN (EMD),66012,2
2026,Round 1,1137,ASHWINI MED.COL SOLAPUR,NTC OPEN (W),66003,1
2026,Round 1,1137,ASHWINI MED.COL SOLAPUR,NTD EMNTD (EMR),69825,1
2026,Round 1,1137,ASHWINI MED.COL SOLAPUR,NTD I.Q.,584746,1
2026,Round 1,1137,ASHWINI MED.COL SOLAPUR,NTD OPEN,68854,11
2026,Round 1,1137,ASHWINI MED.COL SOLAPUR,NTD OPEN (EMD),59937,1
2026,Round 1,1137,ASHWINI MED.COL SOLAPUR,NTD OPEN (W),62191,1
2026,Round 1,1137,ASHWINI MED.COL SOLAPUR,OBC EMOBC (EMR),71340,9
2026,Round 1,1137,ASHWINI MED.COL SOLAPUR,OBC EMOBCW (EMR),70667,4
2026,Round 1,1137,ASHWINI MED.COL SOLAPUR,OBC HA OPEN,68183,1
2026,Round 1,1137,ASHWINI MED.COL SOLAPUR,OBC HA OPEN (EMD),67004,1
2026,Round 1,1137,ASHWINI MED.COL SOLAPUR,OBC HA OPEN (W),66927,2
2026,Round 1,1137,ASHWINI MED.COL SOLAPUR,OBC I.Q.,614288,3
2026,Round 1,1137,ASHWINI MED.COL SOLAPUR,OBC OPEN,69203,5
2026,Round 1,1137,ASHWINI MED.COL SOLAPUR,OBC OPEN (EMD),67790,10
2026,Round 1,1137,ASHWINI MED.COL SOLAPUR,OBC OPEN (W),66152,5
2026,Round 1,1137,ASHWINI MED.COL SOLAPUR,OBC OPEN (W) (EMD),61723,3
2026,Round 1,1137,ASHWINI MED.COL SOLAPUR,OPEN,68926,9
2026,Round 1,1137,ASHWINI MED.COL SOLAPUR,OPEN (W),66888,5
2026,Round 1,1137,ASHWINI MED.COL SOLAPUR,SC HA SC,146228,1
2026,Round 1,1137,ASHWINI MED.COL SOLAPUR,SC I.Q.,529467,1
2026,Round 1,1137,ASHWINI MED.COL SOLAPUR,SC SC,151424,6
2026,Round 1,1137,ASHWINI MED.COL SOLAPUR,SC SC (W),138350,2
2026,Round 1,1137,ASHWINI MED.COL SOLAPUR,SEBC EMSEBC (EMR),71616,3
2026,Round 1,1137,ASHWINI MED.COL SOLAPUR,SEBC EMSEBCW (EMR),71060,4
2026,Round 1,1137,ASHWINI MED.COL SOLAPUR,SEBC OPEN (EMD),68947,3
2026,Round 1,1137,ASHWINI MED.COL SOLAPUR,SEBC OPEN (W) (EMD),66314,4
2026,Round 1,1137,ASHWINI MED.COL SOLAPUR,SEBC SEBC,73513,6
2026,Round 1,1137,ASHWINI MED.COL SOLAPUR,SOBC EMOBC (EMR),70999,2
2026,Round 1,1137,ASHWINI MED.COL SOLAPUR,SOBC OPEN,68185,1
2026,Round 1,1137,ASHWINI MED.COL SOLAPUR,SOBC OPEN (W) (EMD),55636,1
2026,Round 1,1137,ASHWINI MED.COL SOLAPUR,ST ST,337670,4
2026,Round 1,1137,ASHWINI MED.COL SOLAPUR,ST ST (W),335183,2
2026,Round 1,1137,ASHWINI MED.COL SOLAPUR,VJA VJA,97897,1
2026,Round 1,1137,ASHWINI MED.COL SOLAPUR,VJA VJA (W),100327,1
2026,Round 1,1138,DR U. PATIL MC JALGAON,HA I.Q.,250389,1
2026,Round 1,1138,DR U. PATIL MC JALGAON,I.Q.,293768,14
2026,Round 1,1138,DR U. PATIL MC JALGAON,NTB HA NTB,107120,1
2026,Round 1,1138,DR U. PATIL MC JALGAON,NTB NTB,126748,1
2026,Round 1,1138,DR U. PATIL MC JALGAON,NTB NTB(W),130211,1
2026,Round 1,1138,DR U. PATIL MC JALGAON,NTC EMNTC (EMR),72226,1
2026,Round 1,1138,DR U. PATIL MC JALGAON,NTC NTC,72335,1
2026,Round 1,1138,DR U. PATIL MC JALGAON,NTC NTC(W),71600,1
2026,Round 1,1138,DR U. PATIL MC JALGAON,NTC OPEN (EMD),68224,1
2026,Round 1,1138,DR U. PATIL MC JALGAON,NTD EMNTD (EMR),70543,1
2026,Round 1,1138,DR U. PATIL MC JALGAON,NTD NTD,72614,1
2026,Round 1,1138,DR U. PATIL MC JALGAON,NTD OPEN (EMD),65533,1
2026,Round 1,1138,DR U. PATIL MC JALGAON,OBC EMOBC (EMR),71496,13
2026,Round 1,1138,DR U. PATIL MC JALGAON,OBC EMOBCW (EMR),73893,5
2026,Round 1,1138,DR U. PATIL MC JALGAON,OBC HA EMOBCW (EMR),69747,1
2026,Round 1,1138,DR U. PATIL MC JALGAON,OBC HA OPEN,63149,1
2026,Round 1,1138,DR U. PATIL MC JALGAON,OBC HA OPEN (EMD),54497,1
2026,Round 1,1138,DR U. PATIL MC JALGAON,OBC HA OPEN (W),60469,1
2026,Round 1,1138,DR U. PATIL MC JALGAON,OBC I.Q.,293925,13
2026,Round 1,1138,DR U. PATIL MC JALGAON,OBC OPEN,66818,18
2026,Round 1,1138,DR U. PATIL MC JALGAON,OBC OPEN (EMD),58355,12
2026,Round 1,1138,DR U. PATIL MC JALGAON,OBC OPEN (W),69469,4
2026,Round 1,1138,DR U. PATIL MC JALGAON,OBC OPEN (W) (EMD),62551,6
2026,Round 1,1138,DR U. PATIL MC JALGAON,OPEN,67716,21
2026,Round 1,1138,DR U. PATIL MC JALGAON,OPEN (W),68613,19
2026,Round 1,1138,DR U. PATIL MC JALGAON,SC SC,155550,9
2026,Round 1,1138,DR U. PATIL MC JALGAON,SC SC (W),155313,4
2026,Round 1,1138,DR U. PATIL MC JALGAON,SEBC EMSEBC (EMR),73670,11
2026,Round 1,1138,DR U. PATIL MC JALGAON,SEBC EMSEBCW (EMR),69717,1
2026,Round 1,1138,DR U. PATIL MC JALGAON,SEBC OPEN,67826,5
2026,Round 1,1138,DR U. PATIL MC JALGAON,SEBC OPEN (EMD),64089,11
2026,Round 1,1138,DR U. PATIL MC JALGAON,SEBC OPEN (W) (EMD),69626,1
2026,Round 1,1138,DR U. PATIL MC JALGAON,SEBC SEBC(W),72419,4
2026,Round 1,1138,DR U. PATIL MC JALGAON,SEBCHA EMSEBC (EMR),69148,1
2026,Round 1,1138,DR U. PATIL MC JALGAON,SEBCHA OPEN (EMD),65417,1
2026,Round 1,1138,DR U. PATIL MC JALGAON,ST HA ST,319077,1
2026,Round 1,1138,DR U. PATIL MC JALGAON,ST ST,326777,4
2026,Round 1,1138,DR U. PATIL MC JALGAON,ST ST (W),332399,2
2026,Round 1,1138,DR U. PATIL MC JALGAON,VJA I.Q.,198301,2
2026,Round 1,1138,DR U. PATIL MC JALGAON,VJA VJA,93593,2
2026,Round 1,1138,DR U. PATIL MC JALGAON,VJA VJA (W),99333,1
2026,Round 1,1139,WALAWALKAR MC RATNAGIRI,EWS OPEN,74669,1
2026,Round 1,1139,WALAWALKAR MC RATNAGIRI,EWS OPEN (W),71260,1
2026,Round 1,1139,WALAWALKAR MC RATNAGIRI,HA OPEN,75051,1
2026,Round 1,1139,WALAWALKAR MC RATNAGIRI,HA OPEN (W),72459,2
2026,Round 1,1139,WALAWALKAR MC RATNAGIRI,I.Q.,617020,13
2026,Round 1,1139,WALAWALKAR MC RATNAGIRI,NTB I.Q.,448854,1
2026,Round 1,1139,WALAWALKAR MC RATNAGIRI,NTB NTB,127200,1
2026,Round 1,1139,WALAWALKAR MC RATNAGIRI,NTB NTB(W),134813,1
2026,Round 1,1139,WALAWALKAR MC RATNAGIRI,NTC EMNTC (EMR),76023,2
2026,Round 1,1139,WALAWALKAR MC RATNAGIRI,NTC EMNTCW (EMR),76142,1
2026,Round 1,1139,WALAWALKAR MC RATNAGIRI,NTC OPEN,75350,10
2026,Round 1,1139,WALAWALKAR MC RATNAGIRI,NTC OPEN (EMD),70820,2
2026,Round 1,1139,WALAWALKAR MC RATNAGIRI,NTC OPEN (W),69907,1
2026,Round 1,1139,WALAWALKAR MC RATNAGIRI,NTC OPEN (W) (EMD),66051,1
2026,Round 1,1139,WALAWALKAR MC RATNAGIRI,NTD EMNTD (EMR),75741,1
2026,Round 1,1139,WALAWALKAR MC RATNAGIRI,NTD OPEN,75334,4
2026,Round 1,1139,WALAWALKAR MC RATNAGIRI,NTD OPEN (EMD),72132,1
2026,Round 1,1139,WALAWALKAR MC RATNAGIRI,OBC EMOBC (EMR),76844,7
2026,Round 1,1139,WALAWALKAR MC RATNAGIRI,OBC EMOBCW (EMR),76684,4
2026,Round 1,1139,WALAWALKAR MC RATNAGIRI,OBC HA EMOBC (EMR),75448,1
2026,Round 1,1139,WALAWALKAR MC RATNAGIRI,OBC HA I.Q.,180437,1
2026,Round 1,1139,WALAWALKAR MC RATNAGIRI,OBC HA OPEN (EMD),65485,1
2026,Round 1,1139,WALAWALKAR MC RATNAGIRI,OBC HA OPEN (W) (EMD),69921,2
2026,Round 1,1139,WALAWALKAR MC RATNAGIRI,OBC I.Q.,640059,5
2026,Round 1,1139,WALAWALKAR MC RATNAGIRI,OBC OBC,76886,1
2026,Round 1,1139,WALAWALKAR MC RATNAGIRI,OBC OPEN,74818,1
2026,Round 1,1139,WALAWALKAR MC RATNAGIRI,OBC OPEN (EMD),75344,7
2026,Round 1,1139,WALAWALKAR MC RATNAGIRI,OBC OPEN (W) (EMD),72690,2
2026,Round 1,1139,WALAWALKAR MC RATNAGIRI,OPEN,75192,15
2026,Round 1,1139,WALAWALKAR MC RATNAGIRI,OPEN (W),71871,11
2026,Round 1,1139,WALAWALKAR MC RATNAGIRI,SC I.Q.,621577,2
2026,Round 1,1139,WALAWALKAR MC RATNAGIRI,SC SC,157683,7
2026,Round 1,1139,WALAWALKAR MC RATNAGIRI,SC SC (W),156629,3
2026,Round 1,1139,WALAWALKAR MC RATNAGIRI,SEBC EMSEBC (EMR),78255,7
2026,Round 1,1139,WALAWALKAR MC RATNAGIRI,SEBC EMSEBCW (EMR),75898,3
2026,Round 1,1139,WALAWALKAR MC RATNAGIRI,SEBC OPEN,75208,3
2026,Round 1,1139,WALAWALKAR MC RATNAGIRI,SEBC OPEN (EMD),73880,7
2026,Round 1,1139,WALAWALKAR MC RATNAGIRI,SEBC OPEN (W) (EMD),71107,2
2026,Round 1,1139,WALAWALKAR MC RATNAGIRI,SEBC SEBC(W),76281,1
2026,Round 1,1139,WALAWALKAR MC RATNAGIRI,SEBCHA EMSEBC (EMR),77565,1
2026,Round 1,1139,WALAWALKAR MC RATNAGIRI,SEBCHA OPEN (EMD),73441,1
2026,Round 1,1139,WALAWALKAR MC RATNAGIRI,SEBCHA OPEN (W) (EMD),67240,1
2026,Round 1,1139,WALAWALKAR MC RATNAGIRI,SOBC EMOBC (EMR),76670,1
2026,Round 1,1139,WALAWALKAR MC RATNAGIRI,SOBC HA OPEN (EMD),75343,1
2026,Round 1,1139,WALAWALKAR MC RATNAGIRI,ST ST,334274,3
2026,Round 1,1139,WALAWALKAR MC RATNAGIRI,ST ST (W),333352,2
2026,Round 1,1139,WALAWALKAR MC RATNAGIRI,VJA VJA,99150,2
2026,Round 1,1139,WALAWALKAR MC RATNAGIRI,VJA VJA (W),101689,1
2026,Round 1,1140,"HBT & COOPER MC JUHU, MUMBAI",D1 DEF1,26159,1
2026,Round 1,1140,"HBT & COOPER MC JUHU, MUMBAI",D3 DEF3 W,38057,1
2026,Round 1,1140,"HBT & COOPER MC JUHU, MUMBAI",EWS EWS,26386,12
2026,Round 1,1140,"HBT & COOPER MC JUHU, MUMBAI",EWS EWS(W),23324,5
2026,Round 1,1140,"HBT & COOPER MC JUHU, MUMBAI",HA HOPEN,3241,1
2026,Round 1,1140,"HBT & COOPER MC JUHU, MUMBAI",HA HOPENW,11620,1
2026,Round 1,1140,"HBT & COOPER MC JUHU, MUMBAI",NTB HA NTB,33583,1
2026,Round 1,1140,"HBT & COOPER MC JUHU, MUMBAI",NTB NTB,46919,2
2026,Round 1,1140,"HBT & COOPER MC JUHU, MUMBAI",NTB NTB(W),53867,1
2026,Round 1,1140,"HBT & COOPER MC JUHU, MUMBAI",NTB PWD PWD-NTB PH,1107308,1
2026,Round 1,1140,"HBT & COOPER MC JUHU, MUMBAI",NTC NTC,22504,4
2026,Round 1,1140,"HBT & COOPER MC JUHU, MUMBAI",NTC NTC(W),19544,2
2026,Round 1,1140,"HBT & COOPER MC JUHU, MUMBAI",NTD HA HNTD,16634,1
2026,Round 1,1140,"HBT & COOPER MC JUHU, MUMBAI",NTD NTD,13875,1
2026,Round 1,1140,"HBT & COOPER MC JUHU, MUMBAI",NTD NTD(W),19444,1
2026,Round 1,1140,"HBT & COOPER MC JUHU, MUMBAI",OBC D2 DEF2,42736,1
2026,Round 1,1140,"HBT & COOPER MC JUHU, MUMBAI",OBC OBC,16328,18
2026,Round 1,1140,"HBT & COOPER MC JUHU, MUMBAI",OBC OBC(W),19204,10
2026,Round 1,1140,"HBT & COOPER MC JUHU, MUMBAI",OBC PWD PEM OBC PH (EMR),458399,1
2026,Round 1,1140,"HBT & COOPER MC JUHU, MUMBAI",OBC PWD PWD-OPEN (EMD),413796,1
2026,Round 1,1140,"HBT & COOPER MC JUHU, MUMBAI",OPEN,8345,30
2026,Round 1,1140,"HBT & COOPER MC JUHU, MUMBAI",OPEN (W),7725,11
2026,Round 1,1140,"HBT & COOPER MC JUHU, MUMBAI",PWD PWD-OPEN PH,438543,2
2026,Round 1,1140,"HBT & COOPER MC JUHU, MUMBAI",SC HA SC,69809,1
2026,Round 1,1140,"HBT & COOPER MC JUHU, MUMBAI",SC HA SC (W),68691,1
2026,Round 1,1140,"HBT & COOPER MC JUHU, MUMBAI",SC PWD PWD-SC PH,552456,1
2026,Round 1,1140,"HBT & COOPER MC JUHU, MUMBAI",SC SC,73236,12
2026,Round 1,1140,"HBT & COOPER MC JUHU, MUMBAI",SC SC (W),73856,6
2026,Round 1,1140,"HBT & COOPER MC JUHU, MUMBAI",SEBC SEBC,15142,9
2026,Round 1,1140,"HBT & COOPER MC JUHU, MUMBAI",SEBC SEBC(W),15095,4
2026,Round 1,1140,"HBT & COOPER MC JUHU, MUMBAI",SEBCD1 DEF1,28148,1
2026,Round 1,1140,"HBT & COOPER MC JUHU, MUMBAI",SEBCD1 DEF1 W,23752,1
2026,Round 1,1140,"HBT & COOPER MC JUHU, MUMBAI",SEBCHA HSEBC W,19389,1
2026,Round 1,1140,"HBT & COOPER MC JUHU, MUMBAI",SEBCHA SEBC,13574,1
2026,Round 1,1140,"HBT & COOPER MC JUHU, MUMBAI",SEBCORP-C ORPHANC-SE Orphan-C SEBC,911060,1
2026,Round 1,1140,"HBT & COOPER MC JUHU, MUMBAI",SEBCPWD PWD-SEBC PH,617171,1
2026,Round 1,1140,"HBT & COOPER MC JUHU, MUMBAI",SOBC HA HOBC,20349,1
2026,Round 1,1140,"HBT & COOPER MC JUHU, MUMBAI",SOBC OBC,16217,2
2026,Round 1,1140,"HBT & COOPER MC JUHU, MUMBAI",ST ST,192077,7
2026,Round 1,1140,"HBT & COOPER MC JUHU, MUMBAI",ST ST (W),194899,4
2026,Round 1,1140,"HBT & COOPER MC JUHU, MUMBAI",VJA PWD PWD-VJA PH,706865,1
2026,Round 1,1140,"HBT & COOPER MC JUHU, MUMBAI",VJA VJA,28910,2
2026,Round 1,1140,"HBT & COOPER MC JUHU, MUMBAI",VJA VJA (W),38136,2
2026,Round 1,1143,"PIMS ISLAMPUR ISLAMPUR,SANGLI",EWS OPEN,78949,2
2026,Round 1,1143,"PIMS ISLAMPUR ISLAMPUR,SANGLI",EWS OPEN (W),88350,1
2026,Round 1,1143,"PIMS ISLAMPUR ISLAMPUR,SANGLI",I.Q.,602339,13
2026,Round 1,1143,"PIMS ISLAMPUR ISLAMPUR,SANGLI",NTB I.Q.,426354,1
2026,Round 1,1143,"PIMS ISLAMPUR ISLAMPUR,SANGLI",NTB NTB,138679,2
2026,Round 1,1143,"PIMS ISLAMPUR ISLAMPUR,SANGLI",NTC EMNTC (EMR),98255,1
2026,Round 1,1143,"PIMS ISLAMPUR ISLAMPUR,SANGLI",NTC I.Q.,465444,1
2026,Round 1,1143,"PIMS ISLAMPUR ISLAMPUR,SANGLI",NTC NTC,98286,1
2026,Round 1,1143,"PIMS ISLAMPUR ISLAMPUR,SANGLI",NTC OPEN,89781,1
2026,Round 1,1143,"PIMS ISLAMPUR ISLAMPUR,SANGLI",NTC OPEN (EMD),90975,1
2026,Round 1,1143,"PIMS ISLAMPUR ISLAMPUR,SANGLI",NTD EMNTD (EMR),92190,1
2026,Round 1,1143,"PIMS ISLAMPUR ISLAMPUR,SANGLI",NTD I.Q.,473308,1
2026,Round 1,1143,"PIMS ISLAMPUR ISLAMPUR,SANGLI",NTD NTD(W),94158,1
2026,Round 1,1143,"PIMS ISLAMPUR ISLAMPUR,SANGLI",NTD OPEN (EMD),90759,1
2026,Round 1,1143,"PIMS ISLAMPUR ISLAMPUR,SANGLI",OBC EMOBC (EMR),94334,8
2026,Round 1,1143,"PIMS ISLAMPUR ISLAMPUR,SANGLI",OBC EMOBCW (EMR),93563,3
2026,Round 1,1143,"PIMS ISLAMPUR ISLAMPUR,SANGLI",OBC HA EMOBC (EMR),94531,1
2026,Round 1,1143,"PIMS ISLAMPUR ISLAMPUR,SANGLI",OBC HA OPEN,91840,1
2026,Round 1,1143,"PIMS ISLAMPUR ISLAMPUR,SANGLI",OBC I.Q.,579406,4
2026,Round 1,1143,"PIMS ISLAMPUR ISLAMPUR,SANGLI",OBC OBC(W),93565,1
2026,Round 1,1143,"PIMS ISLAMPUR ISLAMPUR,SANGLI",OBC OPEN,91664,1
2026,Round 1,1143,"PIMS ISLAMPUR ISLAMPUR,SANGLI",OBC OPEN (EMD),91612,10
2026,Round 1,1143,"PIMS ISLAMPUR ISLAMPUR,SANGLI",OBC OPEN (W) (EMD),90198,3
2026,Round 1,1143,"PIMS ISLAMPUR ISLAMPUR,SANGLI",OPEN,91835,33
2026,Round 1,1143,"PIMS ISLAMPUR ISLAMPUR,SANGLI",OPEN (W),90636,18
2026,Round 1,1143,"PIMS ISLAMPUR ISLAMPUR,SANGLI",SC HA SC,176538,1
2026,Round 1,1143,"PIMS ISLAMPUR ISLAMPUR,SANGLI",SC SC,179167,6
2026,Round 1,1143,"PIMS ISLAMPUR ISLAMPUR,SANGLI",SC SC (W),170708,3
2026,Round 1,1143,"PIMS ISLAMPUR ISLAMPUR,SANGLI",SEBC EMSEBC (EMR),96382,5
2026,Round 1,1143,"PIMS ISLAMPUR ISLAMPUR,SANGLI",SEBC EMSEBCW (EMR),92254,1
2026,Round 1,1143,"PIMS ISLAMPUR ISLAMPUR,SANGLI",SEBC I.Q.,549203,1
2026,Round 1,1143,"PIMS ISLAMPUR ISLAMPUR,SANGLI",SEBC OPEN (EMD),90562,4
2026,Round 1,1143,"PIMS ISLAMPUR ISLAMPUR,SANGLI",SEBC OPEN (W) (EMD),89927,1
2026,Round 1,1143,"PIMS ISLAMPUR ISLAMPUR,SANGLI",SEBC SEBC,98336,4
2026,Round 1,1143,"PIMS ISLAMPUR ISLAMPUR,SANGLI",SEBC SEBC(W),98241,3
2026,Round 1,1143,"PIMS ISLAMPUR ISLAMPUR,SANGLI",SEBCHA OPEN (EMD),90349,1
2026,Round 1,1143,"PIMS ISLAMPUR ISLAMPUR,SANGLI",SOBC EMOBC (EMR),93335,1
2026,Round 1,1143,"PIMS ISLAMPUR ISLAMPUR,SANGLI",ST I.Q.,587887,1
2026,Round 1,1143,"PIMS ISLAMPUR ISLAMPUR,SANGLI",ST ST,364642,3
2026,Round 1,1143,"PIMS ISLAMPUR ISLAMPUR,SANGLI",ST ST (W),361252,2
2026,Round 1,1143,"PIMS ISLAMPUR ISLAMPUR,SANGLI",VJA VJA,104159,1
2026,Round 1,1143,"PIMS ISLAMPUR ISLAMPUR,SANGLI",VJA VJA (W),109001,1
2026,Round 1,1144,SMBT MC NASHIK NANDIHILLS,EWS I.Q.,332002,1
2026,Round 1,1144,SMBT MC NASHIK NANDIHILLS,EWS OPEN,66252,1
2026,Round 1,1144,SMBT MC NASHIK NANDIHILLS,HA OPEN,70153,1
2026,Round 1,1144,SMBT MC NASHIK NANDIHILLS,I.Q.,561247,14
2026,Round 1,1144,SMBT MC NASHIK NANDIHILLS,NTB NTB,125373,1
2026,Round 1,1144,SMBT MC NASHIK NANDIHILLS,NTB NTB(W),129713,1
2026,Round 1,1144,SMBT MC NASHIK NANDIHILLS,NTC EMNTC (EMR),71971,1
2026,Round 1,1144,SMBT MC NASHIK NANDIHILLS,NTC NTC(W),73714,1
2026,Round 1,1144,SMBT MC NASHIK NANDIHILLS,NTC OPEN,68623,2
2026,Round 1,1144,SMBT MC NASHIK NANDIHILLS,NTC OPEN (EMD),64808,1
2026,Round 1,1144,SMBT MC NASHIK NANDIHILLS,NTD HA EMNTD (EMR),71507,1
2026,Round 1,1144,SMBT MC NASHIK NANDIHILLS,NTD NTD(W),74585,1
2026,Round 1,1144,SMBT MC NASHIK NANDIHILLS,NTD OPEN,64639,2
2026,Round 1,1144,SMBT MC NASHIK NANDIHILLS,NTD OPEN (EMD),63075,1
2026,Round 1,1144,SMBT MC NASHIK NANDIHILLS,OBC EMOBC (EMR),74521,4
2026,Round 1,1144,SMBT MC NASHIK NANDIHILLS,OBC EMOBCW (EMR),74146,4
2026,Round 1,1144,SMBT MC NASHIK NANDIHILLS,OBC HA EMOBC (EMR),74258,3
2026,Round 1,1144,SMBT MC NASHIK NANDIHILLS,OBC HA I.Q.,555896,3
2026,Round 1,1144,SMBT MC NASHIK NANDIHILLS,OBC HA OPEN (EMD),67454,3
2026,Round 1,1144,SMBT MC NASHIK NANDIHILLS,OBC HA OPEN (W),65071,1
2026,Round 1,1144,SMBT MC NASHIK NANDIHILLS,OBC I.Q.,335076,1
2026,Round 1,1144,SMBT MC NASHIK NANDIHILLS,OBC OPEN,69447,2
2026,Round 1,1144,SMBT MC NASHIK NANDIHILLS,OBC OPEN (EMD),69360,5
2026,Round 1,1144,SMBT MC NASHIK NANDIHILLS,OBC OPEN (W) (EMD),60466,4
2026,Round 1,1144,SMBT MC NASHIK NANDIHILLS,OPEN,71091,34
2026,Round 1,1144,SMBT MC NASHIK NANDIHILLS,OPEN (W),65739,15
2026,Round 1,1144,SMBT MC NASHIK NANDIHILLS,SC I.Q.,550682,2
2026,Round 1,1144,SMBT MC NASHIK NANDIHILLS,SC SC,157633,7
2026,Round 1,1144,SMBT MC NASHIK NANDIHILLS,SC SC (W),152917,3
2026,Round 1,1144,SMBT MC NASHIK NANDIHILLS,SEBC EMSEBC (EMR),72790,1
2026,Round 1,1144,SMBT MC NASHIK NANDIHILLS,SEBC EMSEBCW (EMR),72812,2
2026,Round 1,1144,SMBT MC NASHIK NANDIHILLS,SEBC I.Q.,548800,1
2026,Round 1,1144,SMBT MC NASHIK NANDIHILLS,SEBC OPEN (EMD),69436,1
2026,Round 1,1144,SMBT MC NASHIK NANDIHILLS,SEBC OPEN (W),55169,1
2026,Round 1,1144,SMBT MC NASHIK NANDIHILLS,SEBC OPEN (W) (EMD),64100,2
2026,Round 1,1144,SMBT MC NASHIK NANDIHILLS,SEBC SEBC,78091,8
2026,Round 1,1144,SMBT MC NASHIK NANDIHILLS,SEBC SEBC(W),73660,2
2026,Round 1,1144,SMBT MC NASHIK NANDIHILLS,SOBC EMOBC (EMR),74167,3
2026,Round 1,1144,SMBT MC NASHIK NANDIHILLS,SOBC OPEN (EMD),68094,2
2026,Round 1,1144,SMBT MC NASHIK NANDIHILLS,ST HA ST,334060,1
2026,Round 1,1144,SMBT MC NASHIK NANDIHILLS,ST HA ST (W),324416,1
2026,Round 1,1144,SMBT MC NASHIK NANDIHILLS,ST ST,335753,3
2026,Round 1,1144,SMBT MC NASHIK NANDIHILLS,VJA VJA,91151,2
2026,Round 1,1147,VEDANTA MC PALGHAR,D3 OPEN,105712,1
2026,Round 1,1147,VEDANTA MC PALGHAR,EWS OPEN,114441,2
2026,Round 1,1147,VEDANTA MC PALGHAR,EWS OPEN (W),98776,1
2026,Round 1,1147,VEDANTA MC PALGHAR,I.Q.,654836,18
2026,Round 1,1147,VEDANTA MC PALGHAR,NTB NTB,161268,2
2026,Round 1,1147,VEDANTA MC PALGHAR,NTC D1 NTC(W),118176,1
2026,Round 1,1147,VEDANTA MC PALGHAR,NTC EMNTC (EMR),130427,2
2026,Round 1,1147,VEDANTA MC PALGHAR,NTC I.Q.,650787,1
2026,Round 1,1147,VEDANTA MC PALGHAR,NTC OPEN,113096,3
2026,Round 1,1147,VEDANTA MC PALGHAR,NTC OPEN (EMD),101279,2
2026,Round 1,1147,VEDANTA MC PALGHAR,NTC OPEN (W),104961,1
2026,Round 1,1147,VEDANTA MC PALGHAR,NTD EMNTD (EMR),119095,1
2026,Round 1,1147,VEDANTA MC PALGHAR,NTD HA OPEN (W),101763,1
2026,Round 1,1147,VEDANTA MC PALGHAR,NTD OPEN,106081,2
2026,Round 1,1147,VEDANTA MC PALGHAR,NTD OPEN (EMD),100809,1
2026,Round 1,1147,VEDANTA MC PALGHAR,OBC EMOBC (EMR),124221,9
2026,Round 1,1147,VEDANTA MC PALGHAR,OBC EMOBCW (EMR),118837,4
2026,Round 1,1147,VEDANTA MC PALGHAR,OBC HA OPEN,112307,1
2026,Round 1,1147,VEDANTA MC PALGHAR,OBC I.Q.,650845,1
2026,Round 1,1147,VEDANTA MC PALGHAR,OBC OPEN,112496,2
2026,Round 1,1147,VEDANTA MC PALGHAR,OBC OPEN (EMD),112241,10
2026,Round 1,1147,VEDANTA MC PALGHAR,OBC OPEN (W) (EMD),103421,4
2026,Round 1,1147,VEDANTA MC PALGHAR,OPEN,114440,23
2026,Round 1,1147,VEDANTA MC PALGHAR,OPEN (W),103712,15
2026,Round 1,1147,VEDANTA MC PALGHAR,SC I.Q.,560512,2
2026,Round 1,1147,VEDANTA MC PALGHAR,SC SC,191149,7
2026,Round 1,1147,VEDANTA MC PALGHAR,SC SC (W),182621,3
2026,Round 1,1147,VEDANTA MC PALGHAR,SEBC EMSEBC (EMR),135966,3
2026,Round 1,1147,VEDANTA MC PALGHAR,SEBC EMSEBCW (EMR),126984,1
2026,Round 1,1147,VEDANTA MC PALGHAR,SEBC OPEN,111691,2
2026,Round 1,1147,VEDANTA MC PALGHAR,SEBC OPEN (EMD),106224,4
2026,Round 1,1147,VEDANTA MC PALGHAR,SEBC OPEN (W) (EMD),98753,1
2026,Round 1,1147,VEDANTA MC PALGHAR,SEBC SEBC,146929,3
2026,Round 1,1147,VEDANTA MC PALGHAR,SEBC SEBC(W),135965,3
2026,Round 1,1147,VEDANTA MC PALGHAR,SEBCD1 EMSEBC (EMR),118351,1
2026,Round 1,1147,VEDANTA MC PALGHAR,SEBCD1 OPEN (EMD),110846,1
2026,Round 1,1147,VEDANTA MC PALGHAR,SEBCHA EMSEBC (EMR),117896,1
2026,Round 1,1147,VEDANTA MC PALGHAR,SEBCHA SEBC,136453,1
2026,Round 1,1147,VEDANTA MC PALGHAR,SOBC EMOBC (EMR),118952,1
2026,Round 1,1147,VEDANTA MC PALGHAR,ST ST,390948,3
2026,Round 1,1147,VEDANTA MC PALGHAR,ST ST (W),386561,2
2026,Round 1,1147,VEDANTA MC PALGHAR,VJA I.Q.,512885,1
2026,Round 1,1147,VEDANTA MC PALGHAR,VJA VJA,115706,1
2026,Round 1,1147,VEDANTA MC PALGHAR,VJA VJA (W),123114,1
2026,Round 1,1149,GMC JALGAON,D2 DEF2 W,84234,1
2026,Round 1,1149,GMC JALGAON,D3 DEF3,60159,1
2026,Round 1,1149,GMC JALGAON,EWS EWS,59924,8
2026,Round 1,1149,GMC JALGAON,EWS EWS(W),58654,4
2026,Round 1,1149,GMC JALGAON,EWS PWD PWD-EWS PH,1022024,1
2026,Round 1,1149,GMC JALGAON,HA HOPEN,21637,1
2026,Round 1,1149,GMC JALGAON,NTB NTB,91630,2
2026,Round 1,1149,GMC JALGAON,NTB NTB(W),88462,1
2026,Round 1,1149,GMC JALGAON,NTC NTC,51368,3
2026,Round 1,1149,GMC JALGAON,NTC NTC(W),53001,1
2026,Round 1,1149,GMC JALGAON,NTD D1 DEF1,71271,1
2026,Round 1,1149,GMC JALGAON,NTD NTD,39629,2
2026,Round 1,1149,GMC JALGAON,NTD NTD(W),39456,1
2026,Round 1,1149,GMC JALGAON,OBC D1 DEF1,50089,1
2026,Round 1,1149,GMC JALGAON,OBC D1 DEF1 W,88604,1
2026,Round 1,1149,GMC JALGAON,OBC EMOBC (EMR),35306,1
2026,Round 1,1149,GMC JALGAON,OBC HA HOBC W,37929,1
2026,Round 1,1149,GMC JALGAON,OBC HA OBC,39756,2
2026,Round 1,1149,GMC JALGAON,OBC OBC,39789,12
2026,Round 1,1149,GMC JALGAON,OBC OBC(W),38810,6
2026,Round 1,1149,GMC JALGAON,OBC OPEN (EMD),30331,1
2026,Round 1,1149,GMC JALGAON,OBC ORP-C ORPHANC-OB Orphan-C OBC,1050999,1
2026,Round 1,1149,GMC JALGAON,OBC PWD HA PWD-OBC PH,764077,1
2026,Round 1,1149,GMC JALGAON,OPEN,31330,19
2026,Round 1,1149,GMC JALGAON,OPEN (W),31091,9
2026,Round 1,1149,GMC JALGAON,PWD PWD-OPEN PH,635630,1
2026,Round 1,1149,GMC JALGAON,SC SC,126589,10
2026,Round 1,1149,GMC JALGAON,SC SC (W),127936,5
2026,Round 1,1149,GMC JALGAON,SEBC EMSEBC (EMR),34832,1
2026,Round 1,1149,GMC JALGAON,SEBC OPEN (EMD),28479,1
2026,Round 1,1149,GMC JALGAON,SEBC SEBC,38903,7
2026,Round 1,1149,GMC JALGAON,SEBC SEBC(W),39442,4
2026,Round 1,1149,GMC JALGAON,SEBCHA HSEBC,34434,1
2026,Round 1,1149,GMC JALGAON,SEBCPWD PWD-OPEN PH,715995,1
2026,Round 1,1149,GMC JALGAON,ST HA HST,215979,1
2026,Round 1,1149,GMC JALGAON,ST PWD PWD-ST PH,1094644,1
2026,Round 1,1149,GMC JALGAON,ST ST,260493,4
2026,Round 1,1149,GMC JALGAON,ST ST (W),284239,3
2026,Round 1,1149,GMC JALGAON,VJA VJA,64223,3
2026,Round 1,1149,GMC JALGAON,VJA VJA (W),71306,1
2026,Round 1,1150,GMC BARAMATI,D1 DEF1 W,36037,1
2026,Round 1,1150,GMC BARAMATI,D2 DEF2,64601,1
2026,Round 1,1150,GMC BARAMATI,D3 DEF3,20838,1
2026,Round 1,1150,GMC BARAMATI,EWS EWS,42762,5
2026,Round 1,1150,GMC BARAMATI,EWS EWS(W),41340,3
2026,Round 1,1150,GMC BARAMATI,EWS HA HEWS,45413,1
2026,Round 1,1150,GMC BARAMATI,NTB HA NTB,68502,1
2026,Round 1,1150,GMC BARAMATI,NTB NTB,71004,1
2026,Round 1,1150,GMC BARAMATI,NTC NTC,31067,2
2026,Round 1,1150,GMC BARAMATI,NTC NTC(W),25472,1
2026,Round 1,1150,GMC BARAMATI,NTD NTD,16195,1
2026,Round 1,1150,GMC BARAMATI,NTD NTD(W),32824,1
2026,Round 1,1150,GMC BARAMATI,OBC D1 DEF1,49019,1
2026,Round 1,1150,GMC BARAMATI,OBC HA OBC,23194,2
2026,Round 1,1150,GMC BARAMATI,OBC OBC,23508,7
2026,Round 1,1150,GMC BARAMATI,OBC OBC(W),25390,5
2026,Round 1,1150,GMC BARAMATI,OBC PWD PWD-OBC PH,599048,1
2026,Round 1,1150,GMC BARAMATI,OPEN,13239,11
2026,Round 1,1150,GMC BARAMATI,OPEN (W),12312,5
2026,Round 1,1150,GMC BARAMATI,PWD PWD-OPEN PH,410878,1
2026,Round 1,1150,GMC BARAMATI,SC HA HSC,113268,1
2026,Round 1,1150,GMC BARAMATI,SC PWD PWD-SC PH,1151192,1
2026,Round 1,1150,GMC BARAMATI,SC SC,82932,6
2026,Round 1,1150,GMC BARAMATI,SC SC (W),85192,3
2026,Round 1,1150,GMC BARAMATI,SEBC EMSEBC (EMR),22302,1
2026,Round 1,1150,GMC BARAMATI,SEBC OPEN (EMD),11149,1
2026,Round 1,1150,GMC BARAMATI,SEBC SEBC,24871,4
2026,Round 1,1150,GMC BARAMATI,SEBC SEBC(W),24933,3
2026,Round 1,1150,GMC BARAMATI,SEBCD1 DEF1,43022,1
2026,Round 1,1150,GMC BARAMATI,SEBCHA HOPENW,22491,1
2026,Round 1,1150,GMC BARAMATI,SEBCPWD PWD-SEBC PH,528338,1
2026,Round 1,1150,GMC BARAMATI,SOBC OBC,14901,1
2026,Round 1,1150,GMC BARAMATI,ST ST,204692,4
2026,Round 1,1150,GMC BARAMATI,ST ST (W),222043,2
2026,Round 1,1150,GMC BARAMATI,VJA VJA,32462,1
2026,Round 1,1150,GMC BARAMATI,VJA VJA (W),48816,1
2026,Round 1,1151,GMC NANDURBAR,D1 DEF1,97601,2
2026,Round 1,1151,GMC NANDURBAR,D3 DEF3,61764,1
2026,Round 1,1151,GMC NANDURBAR,EWS EWS,67860,5
2026,Round 1,1151,GMC NANDURBAR,EWS EWS(W),66360,3
2026,Round 1,1151,GMC NANDURBAR,HA HOPEN,34444,1
2026,Round 1,1151,GMC NANDURBAR,NTB NTB,103349,1
2026,Round 1,1151,GMC NANDURBAR,NTB NTB(W),101395,1
2026,Round 1,1151,GMC NANDURBAR,NTC NTC,60307,2
2026,Round 1,1151,GMC NANDURBAR,NTC NTC(W),61566,1
2026,Round 1,1151,GMC NANDURBAR,NTD NTD,47751,1
2026,Round 1,1151,GMC NANDURBAR,NTD PWD PWD-NTD PH,871865,1
2026,Round 1,1151,GMC NANDURBAR,OBC D1 DEF1 W,100800,1
2026,Round 1,1151,GMC NANDURBAR,OBC D2 DEF2,84266,1
2026,Round 1,1151,GMC NANDURBAR,OBC HA HOBC,43470,1
2026,Round 1,1151,GMC NANDURBAR,OBC OBC,47116,9
2026,Round 1,1151,GMC NANDURBAR,OBC OBC(W),49003,4
2026,Round 1,1151,GMC NANDURBAR,OBC PWD PWD-OBC PH,1064218,1
2026,Round 1,1151,GMC NANDURBAR,OPEN,38154,12
2026,Round 1,1151,GMC NANDURBAR,OPEN (W),37356,7
2026,Round 1,1151,GMC NANDURBAR,PWD PWD-OPEN PH,813270,1
2026,Round 1,1151,GMC NANDURBAR,SC HA HSCW,166940,1
2026,Round 1,1151,GMC NANDURBAR,SC SC,139663,7
2026,Round 1,1151,GMC NANDURBAR,SC SC (W),136762,2
2026,Round 1,1151,GMC NANDURBAR,SEBC SEBC,46505,3
2026,Round 1,1151,GMC NANDURBAR,SEBC SEBC(W),46508,2
2026,Round 1,1151,GMC NANDURBAR,SEBCHA SEBC,47127,1
2026,Round 1,1151,GMC NANDURBAR,SEBCHA SEBC(W),44020,1
2026,Round 1,1151,GMC NANDURBAR,SEBCPWD PWD-SEBC PH,1193782,1
2026,Round 1,1151,GMC NANDURBAR,SOBC OBC(W),48048,1
2026,Round 1,1151,GMC NANDURBAR,ST HA ST,292300,2
2026,Round 1,1151,GMC NANDURBAR,ST ST,292828,2
2026,Round 1,1151,GMC NANDURBAR,ST ST (W),276886,1
2026,Round 1,1151,GMC NANDURBAR,VJA VJA,77158,2
2026,Round 1,1151,GMC NANDURBAR,VJA VJA (W),91258,1
2026,Round 1,1152,SSPM MC KUDAL SINDHUDURG,EWS I.Q.,199405,1
2026,Round 1,1152,SSPM MC KUDAL SINDHUDURG,EWS OPEN,86445,11
2026,Round 1,1152,SSPM MC KUDAL SINDHUDURG,EWS OPEN (W),83066,2
2026,Round 1,1152,SSPM MC KUDAL SINDHUDURG,HA I.Q.,187488,1
2026,Round 1,1152,SSPM MC KUDAL SINDHUDURG,HA OPEN (W),83882,1
2026,Round 1,1152,SSPM MC KUDAL SINDHUDURG,I.Q.,292487,18
2026,Round 1,1152,SSPM MC KUDAL SINDHUDURG,NTB NTB,133230,1
2026,Round 1,1152,SSPM MC KUDAL SINDHUDURG,NTB NTB(W),136418,1
2026,Round 1,1152,SSPM MC KUDAL SINDHUDURG,NTC EMNTC (EMR),88219,2
2026,Round 1,1152,SSPM MC KUDAL SINDHUDURG,NTC EMNTCW (EMR),87442,1
2026,Round 1,1152,SSPM MC KUDAL SINDHUDURG,NTC HA OPEN (W) (EMD),76305,1
2026,Round 1,1152,SSPM MC KUDAL SINDHUDURG,NTC OPEN,86585,3
2026,Round 1,1152,SSPM MC KUDAL SINDHUDURG,NTC OPEN (EMD),82754,2
2026,Round 1,1152,SSPM MC KUDAL SINDHUDURG,NTC OPEN (W),76637,1
2026,Round 1,1152,SSPM MC KUDAL SINDHUDURG,NTD EMNTD (EMR),86790,1
2026,Round 1,1152,SSPM MC KUDAL SINDHUDURG,NTD OPEN,83119,1
2026,Round 1,1152,SSPM MC KUDAL SINDHUDURG,NTD OPEN (EMD),77409,1
2026,Round 1,1152,SSPM MC KUDAL SINDHUDURG,OBC EMOBC (EMR),88132,9
2026,Round 1,1152,SSPM MC KUDAL SINDHUDURG,OBC EMOBCW (EMR),88090,4
2026,Round 1,1152,SSPM MC KUDAL SINDHUDURG,OBC HA OPEN (EMD),85941,1
2026,Round 1,1152,SSPM MC KUDAL SINDHUDURG,OBC HA OPEN (W),78420,1
2026,Round 1,1152,SSPM MC KUDAL SINDHUDURG,OBC HA OPEN (W) (EMD),77442,1
2026,Round 1,1152,SSPM MC KUDAL SINDHUDURG,OBC I.Q.,183545,1
2026,Round 1,1152,SSPM MC KUDAL SINDHUDURG,OBC OPEN,86714,1
2026,Round 1,1152,SSPM MC KUDAL SINDHUDURG,OBC OPEN (EMD),86477,9
2026,Round 1,1152,SSPM MC KUDAL SINDHUDURG,OBC OPEN (W),82320,1
2026,Round 1,1152,SSPM MC KUDAL SINDHUDURG,OBC OPEN (W) (EMD),77319,3
2026,Round 1,1152,SSPM MC KUDAL SINDHUDURG,OPEN,86307,12
2026,Round 1,1152,SSPM MC KUDAL SINDHUDURG,OPEN (W),84418,12
2026,Round 1,1152,SSPM MC KUDAL SINDHUDURG,SC D1 SC (W),157145,1
2026,Round 1,1152,SSPM MC KUDAL SINDHUDURG,SC SC,166089,7
2026,Round 1,1152,SSPM MC KUDAL SINDHUDURG,SC SC (W),165673,2
2026,Round 1,1152,SSPM MC KUDAL SINDHUDURG,SEBC EMSEBC (EMR),89185,9
2026,Round 1,1152,SSPM MC KUDAL SINDHUDURG,SEBC EMSEBCW (EMR),86731,1
2026,Round 1,1152,SSPM MC KUDAL SINDHUDURG,SEBC I.Q.,277043,2
2026,Round 1,1152,SSPM MC KUDAL SINDHUDURG,SEBC OPEN,86612,2
2026,Round 1,1152,SSPM MC KUDAL SINDHUDURG,SEBC OPEN (EMD),86195,7
2026,Round 1,1152,SSPM MC KUDAL SINDHUDURG,SEBC OPEN (W) (EMD),62207,1
2026,Round 1,1152,SSPM MC KUDAL SINDHUDURG,SEBC SEBC(W),88213,3
2026,Round 1,1152,SSPM MC KUDAL SINDHUDURG,SEBCHA OPEN (EMD),86419,2
2026,Round 1,1152,SSPM MC KUDAL SINDHUDURG,SOBC EMOBC (EMR),86754,1
2026,Round 1,1152,SSPM MC KUDAL SINDHUDURG,ST HA ST,343949,1
2026,Round 1,1152,SSPM MC KUDAL SINDHUDURG,ST ST,346415,3
2026,Round 1,1152,SSPM MC KUDAL SINDHUDURG,ST ST (W),341062,1
2026,Round 1,1152,SSPM MC KUDAL SINDHUDURG,VJA VJA,100717,1
2026,Round 1,1152,SSPM MC KUDAL SINDHUDURG,VJA VJA (W),106426,1
2026,Round 1,1153,GMC ALIBAUG,D3 DEF3,56634,1
2026,Round 1,1153,GMC ALIBAUG,EWS EWS,58273,4
2026,Round 1,1153,GMC ALIBAUG,EWS EWS(W),61745,2
2026,Round 1,1153,GMC ALIBAUG,EWS HA HEWS W,71108,1
2026,Round 1,1153,GMC ALIBAUG,HA HOPEN,36987,1
2026,Round 1,1153,GMC ALIBAUG,NTB HA NTB,100491,1
2026,Round 1,1153,GMC ALIBAUG,NTB NTB,94274,1
2026,Round 1,1153,GMC ALIBAUG,NTB NTB(W),119871,1
2026,Round 1,1153,GMC ALIBAUG,NTC NTC,44115,1
2026,Round 1,1153,GMC ALIBAUG,NTC NTC(W),55107,1
2026,Round 1,1153,GMC ALIBAUG,NTD NTD,44625,1
2026,Round 1,1153,GMC ALIBAUG,OBC D1 DEF1,94452,2
2026,Round 1,1153,GMC ALIBAUG,OBC D1 DEF1 W,92093,1
2026,Round 1,1153,GMC ALIBAUG,OBC D2 DEF2,80789,1
2026,Round 1,1153,GMC ALIBAUG,OBC HA OBC,45963,1
2026,Round 1,1153,GMC ALIBAUG,OBC OBC,45829,9
2026,Round 1,1153,GMC ALIBAUG,OBC OBC(W),44835,5
2026,Round 1,1153,GMC ALIBAUG,OBC PWD PWD-OBC PH,852740,1
2026,Round 1,1153,GMC ALIBAUG,OPEN,30544,12
2026,Round 1,1153,GMC ALIBAUG,OPEN (W),30351,7
2026,Round 1,1153,GMC ALIBAUG,PWD PWD-OPEN PH,754499,1
2026,Round 1,1153,GMC ALIBAUG,SC PWD PWD-SC PH,1143583,1
2026,Round 1,1153,GMC ALIBAUG,SC SC,131509,7
2026,Round 1,1153,GMC ALIBAUG,SC SC (W),123833,3
2026,Round 1,1153,GMC ALIBAUG,SEBC SEBC,43275,6
2026,Round 1,1153,GMC ALIBAUG,SEBC SEBC(W),43222,3
2026,Round 1,1153,GMC ALIBAUG,ST HA HST,303322,1
2026,Round 1,1153,GMC ALIBAUG,ST ST,284577,3
2026,Round 1,1153,GMC ALIBAUG,ST ST (W),233168,2
2026,Round 1,1153,GMC ALIBAUG,VJA VJA,72358,2
2026,Round 1,1154,GMC SINDHUDURG,D3 DEF3 W,81128,1
2026,Round 1,1154,GMC SINDHUDURG,EWS EWS,68412,6
2026,Round 1,1154,GMC SINDHUDURG,EWS EWS(W),62597,2
2026,Round 1,1154,GMC SINDHUDURG,NTB HA NTB,100552,1
2026,Round 1,1154,GMC SINDHUDURG,NTB NTB(W),115135,1
2026,Round 1,1154,GMC SINDHUDURG,NTC NTC,56241,2
2026,Round 1,1154,GMC SINDHUDURG,NTC NTC(W),55595,1
2026,Round 1,1154,GMC SINDHUDURG,NTD NTD,45637,2
2026,Round 1,1154,GMC SINDHUDURG,OBC D2 DEF2,81544,1
2026,Round 1,1154,GMC SINDHUDURG,OBC EMOBC (EMR),46238,1
2026,Round 1,1154,GMC SINDHUDURG,OBC HA HOPENW,42351,1
2026,Round 1,1154,GMC SINDHUDURG,OBC HA OBC,48829,1
2026,Round 1,1154,GMC SINDHUDURG,OBC OBC,49234,8
2026,Round 1,1154,GMC SINDHUDURG,OBC OBC(W),46727,4
2026,Round 1,1154,GMC SINDHUDURG,OBC OPEN (EMD),39886,1
2026,Round 1,1154,GMC SINDHUDURG,OBC PWD PWD-OBC PH,1089142,1
2026,Round 1,1154,GMC SINDHUDURG,OPEN,40888,12
2026,Round 1,1154,GMC SINDHUDURG,OPEN (W),39401,6
2026,Round 1,1154,GMC SINDHUDURG,PWD PWD-OPEN PH,783384,1
2026,Round 1,1154,GMC SINDHUDURG,SC HA HSC,143851,1
2026,Round 1,1154,GMC SINDHUDURG,SC SC,134158,6
2026,Round 1,1154,GMC SINDHUDURG,SC SC (W),133544,4
2026,Round 1,1154,GMC SINDHUDURG,SEBC SEBC,46344,3
2026,Round 1,1154,GMC SINDHUDURG,SEBC SEBC(W),46436,3
2026,Round 1,1154,GMC SINDHUDURG,SEBCD1 DEF1,96824,1
2026,Round 1,1154,GMC SINDHUDURG,SEBCD1 DEF1 W,96217,1
2026,Round 1,1154,GMC SINDHUDURG,SEBCHA HSEBC,44203,1
2026,Round 1,1154,GMC SINDHUDURG,SEBCHA SEBC,45058,1
2026,Round 1,1154,GMC SINDHUDURG,SOBC OBC(W),44396,1
2026,Round 1,1154,GMC SINDHUDURG,ST ST,302817,4
2026,Round 1,1154,GMC SINDHUDURG,ST ST (W),302600,1
2026,Round 1,1154,GMC SINDHUDURG,VJA D1 DEF1,96845,1
2026,Round 1,1154,GMC SINDHUDURG,VJA VJA,74747,1
2026,Round 1,1155,GMC SATARA,D1 DEF1,57715,2
2026,Round 1,1155,GMC SATARA,D1 DEF1 W,74670,1
2026,Round 1,1155,GMC SATARA,D2 DEF2,69231,1
2026,Round 1,1155,GMC SATARA,D3 DEF3,23097,1
2026,Round 1,1155,GMC SATARA,EWS EWS,49858,4
2026,Round 1,1155,GMC SATARA,EWS EWS(W),51927,3
2026,Round 1,1155,GMC SATARA,EWS HA EWS,48683,1
2026,Round 1,1155,GMC SATARA,EWS PWD PWD-EWS PH,898759,1
2026,Round 1,1155,GMC SATARA,NTB HA NTB,72208,1
2026,Round 1,1155,GMC SATARA,NTB NTB,71646,1
2026,Round 1,1155,GMC SATARA,NTC NTC,38741,1
2026,Round 1,1155,GMC SATARA,NTC NTC(W),41208,1
2026,Round 1,1155,GMC SATARA,NTC PWD HA PWD-OPEN (EMD),626854,1
2026,Round 1,1155,GMC SATARA,NTC PWD PEM NTC PH (EMR),966184,1
2026,Round 1,1155,GMC SATARA,NTD NTD,31808,2
2026,Round 1,1155,GMC SATARA,OBC HA HOBC,30785,1
2026,Round 1,1155,GMC SATARA,OBC OBC,30123,8
2026,Round 1,1155,GMC SATARA,OBC OBC(W),31891,4
2026,Round 1,1155,GMC SATARA,OBC ORP-C ORPHANC-OB Orphan-C OBC,672167,1
2026,Round 1,1155,GMC SATARA,OBC PWD PWD-OBC PH,636346,1
2026,Round 1,1155,GMC SATARA,OPEN,22121,12
2026,Round 1,1155,GMC SATARA,OPEN (W),21926,6
2026,Round 1,1155,GMC SATARA,SC HA SC (W),104396,1
2026,Round 1,1155,GMC SATARA,SC SC,106857,8
2026,Round 1,1155,GMC SATARA,SC SC (W),105683,2
2026,Round 1,1155,GMC SATARA,SEBC SEBC,27737,5
2026,Round 1,1155,GMC SATARA,SEBC SEBC(W),30870,3
2026,Round 1,1155,GMC SATARA,SEBCHA HOPEN,27138,1
2026,Round 1,1155,GMC SATARA,SEBCHA HSEBC W,30503,1
2026,Round 1,1155,GMC SATARA,SOBC OBC(W),29701,1
2026,Round 1,1155,GMC SATARA,ST ST,260332,4
2026,Round 1,1155,GMC SATARA,ST ST (W),248165,2
2026,Round 1,1155,GMC SATARA,VJA VJA,64612,1
2026,Round 1,1155,GMC SATARA,VJA VJA (W),70233,1
2026,Round 1,1156,DNY TASGAONKAR MC KARJAT,EWS OPEN (W),75634,2
2026,Round 1,1156,DNY TASGAONKAR MC KARJAT,I.Q.,71908,15
2026,Round 1,1156,DNY TASGAONKAR MC KARJAT,NTB NTB,131193,1
2026,Round 1,1156,DNY TASGAONKAR MC KARJAT,NTC EMNTC (EMR),83634,1
2026,Round 1,1156,DNY TASGAONKAR MC KARJAT,NTC HA OPEN (W),77447,1
2026,Round 1,1156,DNY TASGAONKAR MC KARJAT,NTC NTC,86106,1
2026,Round 1,1156,DNY TASGAONKAR MC KARJAT,NTC OPEN,78499,1
2026,Round 1,1156,DNY TASGAONKAR MC KARJAT,NTC OPEN (EMD),65731,1
2026,Round 1,1156,DNY TASGAONKAR MC KARJAT,NTD NTD(W),86616,1
2026,Round 1,1156,DNY TASGAONKAR MC KARJAT,OBC EMOBC (EMR),83816,4
2026,Round 1,1156,DNY TASGAONKAR MC KARJAT,OBC EMOBCW (EMR),82009,2
2026,Round 1,1156,DNY TASGAONKAR MC KARJAT,OBC HA EMOBC (EMR),82577,1
2026,Round 1,1156,DNY TASGAONKAR MC KARJAT,OBC HA OPEN,79576,1
2026,Round 1,1156,DNY TASGAONKAR MC KARJAT,OBC OBC(W),82061,1
2026,Round 1,1156,DNY TASGAONKAR MC KARJAT,OBC OPEN,80630,4
2026,Round 1,1156,DNY TASGAONKAR MC KARJAT,OBC OPEN (EMD),79036,7
2026,Round 1,1156,DNY TASGAONKAR MC KARJAT,OBC OPEN (W) (EMD),66856,1
2026,Round 1,1156,DNY TASGAONKAR MC KARJAT,OPEN,80153,18
2026,Round 1,1156,DNY TASGAONKAR MC KARJAT,OPEN (W),76108,9
2026,Round 1,1156,DNY TASGAONKAR MC KARJAT,SC D1 SC (W),155645,1
2026,Round 1,1156,DNY TASGAONKAR MC KARJAT,SC SC,160806,4
2026,Round 1,1156,DNY TASGAONKAR MC KARJAT,SC SC (W),159328,1
2026,Round 1,1156,DNY TASGAONKAR MC KARJAT,SEBC EMSEBC (EMR),81242,1
2026,Round 1,1156,DNY TASGAONKAR MC KARJAT,SEBC EMSEBCW (EMR),80708,1
2026,Round 1,1156,DNY TASGAONKAR MC KARJAT,SEBC OPEN,54968,1
2026,Round 1,1156,DNY TASGAONKAR MC KARJAT,SEBC OPEN (EMD),61808,1
2026,Round 1,1156,DNY TASGAONKAR MC KARJAT,SEBC OPEN (W),75026,1
2026,Round 1,1156,DNY TASGAONKAR MC KARJAT,SEBC OPEN (W) (EMD),74739,1
2026,Round 1,1156,DNY TASGAONKAR MC KARJAT,SEBC SEBC,82510,5
2026,Round 1,1156,DNY TASGAONKAR MC KARJAT,SEBC SEBC(W),80994,1
2026,Round 1,1156,DNY TASGAONKAR MC KARJAT,SOBC EMOBC (EMR),82898,1
2026,Round 1,1156,DNY TASGAONKAR MC KARJAT,SOBC HA EMOBC (EMR),83362,1
2026,Round 1,1156,DNY TASGAONKAR MC KARJAT,SOBC OPEN,80231,2
2026,Round 1,1156,DNY TASGAONKAR MC KARJAT,SOBC OPEN (W) (EMD),62836,1
2026,Round 1,1156,DNY TASGAONKAR MC KARJAT,ST ST,343858,3
2026,Round 1,1156,DNY TASGAONKAR MC KARJAT,ST ST (W),344019,1
2026,Round 1,1156,DNY TASGAONKAR MC KARJAT,VJA VJA,100916,1
2026,Round 1,1157,AB VAJPAYEE MC PUNE,D1 OPEN,45786,1
2026,Round 1,1157,AB VAJPAYEE MC PUNE,EWS OPEN,21813,1
2026,Round 1,1157,AB VAJPAYEE MC PUNE,HA I.Q.,82051,1
2026,Round 1,1157,AB VAJPAYEE MC PUNE,I.Q.,89450,12
2026,Round 1,1157,AB VAJPAYEE MC PUNE,NTB NTB,74617,1
2026,Round 1,1157,AB VAJPAYEE MC PUNE,NTC NTC,48539,1
2026,Round 1,1157,AB VAJPAYEE MC PUNE,NTC OPEN (W),26974,1
2026,Round 1,1157,AB VAJPAYEE MC PUNE,NTD NTD,48787,1
2026,Round 1,1157,AB VAJPAYEE MC PUNE,OBC EMOBC (EMR),49355,3
2026,Round 1,1157,AB VAJPAYEE MC PUNE,OBC EMOBCW (EMR),46628,1
2026,Round 1,1157,AB VAJPAYEE MC PUNE,OBC HA EMOBC (EMR),49873,1
2026,Round 1,1157,AB VAJPAYEE MC PUNE,OBC HA EMOBCW (EMR),46444,1
2026,Round 1,1157,AB VAJPAYEE MC PUNE,OBC HA OBC(W),48229,1
2026,Round 1,1157,AB VAJPAYEE MC PUNE,OBC HA OPEN (EMD),44630,2
2026,Round 1,1157,AB VAJPAYEE MC PUNE,OBC I.Q.,96101,2
2026,Round 1,1157,AB VAJPAYEE MC PUNE,OBC OBC,50666,2
2026,Round 1,1157,AB VAJPAYEE MC PUNE,OBC OPEN (EMD),44379,3
2026,Round 1,1157,AB VAJPAYEE MC PUNE,OBC OPEN (W) (EMD),29494,1
2026,Round 1,1157,AB VAJPAYEE MC PUNE,OPEN,46254,25
2026,Round 1,1157,AB VAJPAYEE MC PUNE,OPEN (W),36548,12
2026,Round 1,1157,AB VAJPAYEE MC PUNE,SC SC,123638,4
2026,Round 1,1157,AB VAJPAYEE MC PUNE,SC SC (W),113136,2
2026,Round 1,1157,AB VAJPAYEE MC PUNE,SEBC EMSEBC (EMR),48515,4
2026,Round 1,1157,AB VAJPAYEE MC PUNE,SEBC EMSEBCW (EMR),46750,1
2026,Round 1,1157,AB VAJPAYEE MC PUNE,SEBC OPEN (EMD),45214,4
2026,Round 1,1157,AB VAJPAYEE MC PUNE,SEBC OPEN (W) (EMD),33922,1
2026,Round 1,1157,AB VAJPAYEE MC PUNE,SEBC SEBC,51698,3
2026,Round 1,1157,AB VAJPAYEE MC PUNE,SEBC SEBC(W),47524,1
2026,Round 1,1157,AB VAJPAYEE MC PUNE,SOBC HA EMOBC (EMR),50004,1
2026,Round 1,1157,AB VAJPAYEE MC PUNE,SOBC OPEN (W) (EMD),25789,1
2026,Round 1,1157,AB VAJPAYEE MC PUNE,ST ST,314204,2
2026,Round 1,1157,AB VAJPAYEE MC PUNE,ST ST (W),321142,1
2026,Round 1,1157,AB VAJPAYEE MC PUNE,VJA VJA,66515,1
2026,Round 1,1157,AB VAJPAYEE MC PUNE,VJA VJA (W),90180,1
2026,Round 1,1159,GMC RATNAGIRI,D1 DEF1,78697,1
2026,Round 1,1159,GMC RATNAGIRI,D3 DEF3 W,70219,1
2026,Round 1,1159,GMC RATNAGIRI,EWS EWS,61021,4
2026,Round 1,1159,GMC RATNAGIRI,EWS EWS(W),59254,2
2026,Round 1,1159,GMC RATNAGIRI,EWS HA HEWS,65829,1
2026,Round 1,1159,GMC RATNAGIRI,EWS PWD PWD-EWS PH,975429,1
2026,Round 1,1159,GMC RATNAGIRI,NTB NTB,88674,1
2026,Round 1,1159,GMC RATNAGIRI,NTB NTB(W),77533,1
2026,Round 1,1159,GMC RATNAGIRI,NTC D1 DEF1 W,83679,1
2026,Round 1,1159,GMC RATNAGIRI,NTC D1HA DEF1,74607,1
2026,Round 1,1159,GMC RATNAGIRI,NTC NTC,46793,2
2026,Round 1,1159,GMC RATNAGIRI,NTC NTC(W),45082,1
2026,Round 1,1159,GMC RATNAGIRI,NTD NTD,44330,1
2026,Round 1,1159,GMC RATNAGIRI,OBC D2 DEF2,80649,1
2026,Round 1,1159,GMC RATNAGIRI,OBC HA OBC,40669,1
2026,Round 1,1159,GMC RATNAGIRI,OBC OBC,40263,9
2026,Round 1,1159,GMC RATNAGIRI,OBC OBC(W),41722,5
2026,Round 1,1159,GMC RATNAGIRI,OBC PWD PWD-OBC PH,1110174,1
2026,Round 1,1159,GMC RATNAGIRI,OPEN,30159,13
2026,Round 1,1159,GMC RATNAGIRI,OPEN (W),27506,5
2026,Round 1,1159,GMC RATNAGIRI,PWD PWD-OPEN PH,764129,1
2026,Round 1,1159,GMC RATNAGIRI,SC HA HSC,131601,1
2026,Round 1,1159,GMC RATNAGIRI,SC SC,130310,7
2026,Round 1,1159,GMC RATNAGIRI,SC SC (W),124871,3
2026,Round 1,1159,GMC RATNAGIRI,SEBC SEBC,38966,6
2026,Round 1,1159,GMC RATNAGIRI,SEBC SEBC(W),36539,3
2026,Round 1,1159,GMC RATNAGIRI,SOBC HA HOPENW,34872,1
2026,Round 1,1159,GMC RATNAGIRI,SOBC OBC,41359,1
2026,Round 1,1159,GMC RATNAGIRI,ST HA ST (W),291477,1
2026,Round 1,1159,GMC RATNAGIRI,ST ST,287168,3
2026,Round 1,1159,GMC RATNAGIRI,ST ST (W),284644,1
2026,Round 1,1159,GMC RATNAGIRI,VJA VJA,71155,1
2026,Round 1,1159,GMC RATNAGIRI,VJA VJA (W),86232,1
2026,Round 1,1163,GMC & GT HOSP MUMBAI,D1 DEF1 W,55828,1
2026,Round 1,1163,GMC & GT HOSP MUMBAI,D2 DEF2,56212,1
2026,Round 1,1163,GMC & GT HOSP MUMBAI,EWS EWS,29437,3
2026,Round 1,1163,GMC & GT HOSP MUMBAI,EWS EWS(W),32549,1
2026,Round 1,1163,GMC & GT HOSP MUMBAI,NTB NTB,65609,1
2026,Round 1,1163,GMC & GT HOSP MUMBAI,NTC NTC(W),26317,1
2026,Round 1,1163,GMC & GT HOSP MUMBAI,NTD NTD,20744,1
2026,Round 1,1163,GMC & GT HOSP MUMBAI,OBC D1 DEF1,42526,1
2026,Round 1,1163,GMC & GT HOSP MUMBAI,OBC HA HOBC,21544,1
2026,Round 1,1163,GMC & GT HOSP MUMBAI,OBC OBC,20831,4
2026,Round 1,1163,GMC & GT HOSP MUMBAI,OBC OBC(W),19949,2
2026,Round 1,1163,GMC & GT HOSP MUMBAI,OBC PWD PWD-OBC PH,583844,1
2026,Round 1,1163,GMC & GT HOSP MUMBAI,OPEN,9476,6
2026,Round 1,1163,GMC & GT HOSP MUMBAI,OPEN (W),9300,3
2026,Round 1,1163,GMC & GT HOSP MUMBAI,PWD PWD-OPEN PH,471807,1
2026,Round 1,1163,GMC & GT HOSP MUMBAI,SC SC,78677,4
2026,Round 1,1163,GMC & GT HOSP MUMBAI,SC SC (W),80412,2
2026,Round 1,1163,GMC & GT HOSP MUMBAI,SEBC SEBC,17313,3
2026,Round 1,1163,GMC & GT HOSP MUMBAI,SEBC SEBC(W),16398,1
2026,Round 1,1163,GMC & GT HOSP MUMBAI,ST ST,203026,2
2026,Round 1,1163,GMC & GT HOSP MUMBAI,ST ST (W),215990,1
2026,Round 1,1163,GMC & GT HOSP MUMBAI,VJA VJA (W),49303,1
2026,Round 1,1164,GMC NASHIK,D1 DEF1 W,66618,1
2026,Round 1,1164,GMC NASHIK,D2 DEF2,70146,1
2026,Round 1,1164,GMC NASHIK,D3 DEF3,36231,1
2026,Round 1,1164,GMC NASHIK,EWS EWS,48821,5
2026,Round 1,1164,GMC NASHIK,EWS EWS(W),45511,2
2026,Round 1,1164,GMC NASHIK,EWS HA HEWS W,63620,1
2026,Round 1,1164,GMC NASHIK,EWS PWD PWD-EWS PH,978754,1
2026,Round 1,1164,GMC NASHIK,NTB NTB,72411,1
2026,Round 1,1164,GMC NASHIK,NTB NTB(W),89442,1
2026,Round 1,1164,GMC NASHIK,NTC NTC,48192,2
2026,Round 1,1164,GMC NASHIK,NTC NTC(W),49634,1
2026,Round 1,1164,GMC NASHIK,NTD EMNTDW (EMR),38897,1
2026,Round 1,1164,GMC NASHIK,NTD NTD,24582,1
2026,Round 1,1164,GMC NASHIK,NTD OPEN (W) (EMD),20969,1
2026,Round 1,1164,GMC NASHIK,OBC D1 DEF1,67491,2
2026,Round 1,1164,GMC NASHIK,OBC HA HEM OBC (EMR),30276,1
2026,Round 1,1164,GMC NASHIK,OBC HA HOPEN (EMD),28111,1
2026,Round 1,1164,GMC NASHIK,OBC HA OBC,35385,3
2026,Round 1,1164,GMC NASHIK,OBC HA OBC(W),34707,2
2026,Round 1,1164,GMC NASHIK,OBC OBC,35355,5
2026,Round 1,1164,GMC NASHIK,OBC OBC(W),27871,2
2026,Round 1,1164,GMC NASHIK,OBC PWD PWD-OBC PH,645537,1
2026,Round 1,1164,GMC NASHIK,OBC PWD PWD-OPEN PH,610437,1
2026,Round 1,1164,GMC NASHIK,OPEN,20898,12
2026,Round 1,1164,GMC NASHIK,OPEN (W),19121,4
2026,Round 1,1164,GMC NASHIK,ORP-C ORPHANC OrphanC,624002,1
2026,Round 1,1164,GMC NASHIK,SC SC,113945,8
2026,Round 1,1164,GMC NASHIK,SC SC (W),109642,3
2026,Round 1,1164,GMC NASHIK,SEBC SEBC,32247,5
2026,Round 1,1164,GMC NASHIK,SEBC SEBC(W),38687,3
2026,Round 1,1164,GMC NASHIK,SOBC OBC,34860,1
2026,Round 1,1164,GMC NASHIK,SOBC OBC(W),34878,1
2026,Round 1,1164,GMC NASHIK,ST HA ST (W),255516,1
2026,Round 1,1164,GMC NASHIK,ST ST,262978,3
2026,Round 1,1164,GMC NASHIK,ST ST (W),262380,1
2026,Round 1,1164,GMC NASHIK,VJA VJA,54938,2
2026,Round 1,1164,GMC NASHIK,VJA VJA (W),88348,1
2026,Round 1,1166,GMC AMBERNATH,D1 DEF1,87785,2
2026,Round 1,1166,GMC AMBERNATH,D3 DEF3,69293,1
2026,Round 1,1166,GMC AMBERNATH,EWS EWS,49831,4
2026,Round 1,1166,GMC AMBERNATH,EWS EWS(W),45590,3
2026,Round 1,1166,GMC AMBERNATH,EWS HA HEWS,69834,1
2026,Round 1,1166,GMC AMBERNATH,NTB NTB,99165,1
2026,Round 1,1166,GMC AMBERNATH,NTB NTB(W),89701,1
2026,Round 1,1166,GMC AMBERNATH,NTC D2 DEF2,72520,1
2026,Round 1,1166,GMC AMBERNATH,NTC HA NTC(W),57534,1
2026,Round 1,1166,GMC AMBERNATH,NTC NTC,51267,2
2026,Round 1,1166,GMC AMBERNATH,NTD HA NTD(W),47521,1
2026,Round 1,1166,GMC AMBERNATH,NTD NTD,36279,1
2026,Round 1,1166,GMC AMBERNATH,OBC EMOBC (EMR),43251,1
2026,Round 1,1166,GMC AMBERNATH,OBC HA HOBC,40148,1
2026,Round 1,1166,GMC AMBERNATH,OBC OBC,45307,8
2026,Round 1,1166,GMC AMBERNATH,OBC OBC(W),42237,4
2026,Round 1,1166,GMC AMBERNATH,OBC OPEN (EMD),29059,1
2026,Round 1,1166,GMC AMBERNATH,OBC PWD PWD-OBC PH,1022483,1
2026,Round 1,1166,GMC AMBERNATH,OPEN,30198,11
2026,Round 1,1166,GMC AMBERNATH,OPEN (W),28857,6
2026,Round 1,1166,GMC AMBERNATH,PWD PWD-OPEN PH,626761,1
2026,Round 1,1166,GMC AMBERNATH,SC D2 SC,125939,1
2026,Round 1,1166,GMC AMBERNATH,SC HA HSCW,150253,1
2026,Round 1,1166,GMC AMBERNATH,SC PWD PWD-SC PH,1107633,1
2026,Round 1,1166,GMC AMBERNATH,SC SC,129597,6
2026,Round 1,1166,GMC AMBERNATH,SC SC (W),131535,2
2026,Round 1,1166,GMC AMBERNATH,SEBC SEBC,44739,6
2026,Round 1,1166,GMC AMBERNATH,SEBC SEBC(W),41575,2
2026,Round 1,1166,GMC AMBERNATH,SEBCD1 DEF1 W,82988,1
2026,Round 1,1166,GMC AMBERNATH,SOBC OBC(W),44044,1
2026,Round 1,1166,GMC AMBERNATH,ST ST,279019,4
2026,Round 1,1166,GMC AMBERNATH,ST ST (W),249939,2
2026,Round 1,1166,GMC AMBERNATH,VJA VJA,69840,2
2026,Round 1,1166,GMC AMBERNATH,VJA VJA (W),95758,1
2026,Round 1,1174,ESIC MC ANDHERI MUMBAI,EWS EWS,36230,1
2026,Round 1,1174,ESIC MC ANDHERI MUMBAI,EWS EWS(W),33649,1
2026,Round 1,1174,ESIC MC ANDHERI MUMBAI,NTB NTB,86225,1
2026,Round 1,1174,ESIC MC ANDHERI MUMBAI,NTC NTC,34018,1
2026,Round 1,1174,ESIC MC ANDHERI MUMBAI,NTD NTD,33362,1
2026,Round 1,1174,ESIC MC ANDHERI MUMBAI,OBC OBC,25588,2
2026,Round 1,1174,ESIC MC ANDHERI MUMBAI,OBC OBC(W),26292,1
2026,Round 1,1174,ESIC MC ANDHERI MUMBAI,OPEN,8798,2
2026,Round 1,1174,ESIC MC ANDHERI MUMBAI,OPEN (W),8813,1
2026,Round 1,1174,ESIC MC ANDHERI MUMBAI,SC PWD PWD-OPEN PH,587579,1
2026,Round 1,1174,ESIC MC ANDHERI MUMBAI,SC SC,84832,1
2026,Round 1,1174,ESIC MC ANDHERI MUMBAI,SC SC (W),87654,1
2026,Round 1,1174,ESIC MC ANDHERI MUMBAI,SEBC SEBC,21730,1
2026,Round 1,1174,ESIC MC ANDHERI MUMBAI,SEBC SEBC(W),28582,1
2026,Round 1,1174,ESIC MC ANDHERI MUMBAI,SEBCD1 DEF1,40151,1
2026,Round 1,1174,ESIC MC ANDHERI MUMBAI,ST ST (W),229103,1
2026,Round 1,1175,SMT.S.N.KATKADE MC KOPERGAON A'NAGAR,EWS OPEN,81023,2
2026,Round 1,1175,SMT.S.N.KATKADE MC KOPERGAON A'NAGAR,EWS OPEN (W),77390,4
2026,Round 1,1175,SMT.S.N.KATKADE MC KOPERGAON A'NAGAR,HA OPEN,78014,1
2026,Round 1,1175,SMT.S.N.KATKADE MC KOPERGAON A'NAGAR,I.Q.,282561,11
2026,Round 1,1175,SMT.S.N.KATKADE MC KOPERGAON A'NAGAR,NTB NTB,132994,1
2026,Round 1,1175,SMT.S.N.KATKADE MC KOPERGAON A'NAGAR,NTC EMNTC (EMR),84675,1
2026,Round 1,1175,SMT.S.N.KATKADE MC KOPERGAON A'NAGAR,NTC OPEN,80321,2
2026,Round 1,1175,SMT.S.N.KATKADE MC KOPERGAON A'NAGAR,NTC OPEN (EMD),74900,1
2026,Round 1,1175,SMT.S.N.KATKADE MC KOPERGAON A'NAGAR,NTC OPEN (W),76958,3
2026,Round 1,1175,SMT.S.N.KATKADE MC KOPERGAON A'NAGAR,NTD NTD(W),85819,1
2026,Round 1,1175,SMT.S.N.KATKADE MC KOPERGAON A'NAGAR,NTD OPEN,81150,4
2026,Round 1,1175,SMT.S.N.KATKADE MC KOPERGAON A'NAGAR,OBC EMOBC (EMR),85201,6
2026,Round 1,1175,SMT.S.N.KATKADE MC KOPERGAON A'NAGAR,OBC EMOBCW (EMR),82421,1
2026,Round 1,1175,SMT.S.N.KATKADE MC KOPERGAON A'NAGAR,OBC HA EMOBCW (EMR),82489,1
2026,Round 1,1175,SMT.S.N.KATKADE MC KOPERGAON A'NAGAR,OBC HA OPEN,81647,2
2026,Round 1,1175,SMT.S.N.KATKADE MC KOPERGAON A'NAGAR,OBC HA OPEN (EMD),77685,2
2026,Round 1,1175,SMT.S.N.KATKADE MC KOPERGAON A'NAGAR,OBC HA OPEN (W),79059,1
2026,Round 1,1175,SMT.S.N.KATKADE MC KOPERGAON A'NAGAR,OBC I.Q.,155895,2
2026,Round 1,1175,SMT.S.N.KATKADE MC KOPERGAON A'NAGAR,OBC OPEN,81805,12
2026,Round 1,1175,SMT.S.N.KATKADE MC KOPERGAON A'NAGAR,OBC OPEN (EMD),78305,5
2026,Round 1,1175,SMT.S.N.KATKADE MC KOPERGAON A'NAGAR,OBC OPEN (W),78875,2
2026,Round 1,1175,SMT.S.N.KATKADE MC KOPERGAON A'NAGAR,OBC OPEN (W) (EMD),78587,3
2026,Round 1,1175,SMT.S.N.KATKADE MC KOPERGAON A'NAGAR,OPEN,81193,3
2026,Round 1,1175,SMT.S.N.KATKADE MC KOPERGAON A'NAGAR,OPEN (W),77841,2
2026,Round 1,1175,SMT.S.N.KATKADE MC KOPERGAON A'NAGAR,SC I.Q.,263096,1
2026,Round 1,1175,SMT.S.N.KATKADE MC KOPERGAON A'NAGAR,SC SC,164333,4
2026,Round 1,1175,SMT.S.N.KATKADE MC KOPERGAON A'NAGAR,SC SC (W),162382,2
2026,Round 1,1175,SMT.S.N.KATKADE MC KOPERGAON A'NAGAR,SEBC EMSEBC (EMR),83584,3
2026,Round 1,1175,SMT.S.N.KATKADE MC KOPERGAON A'NAGAR,SEBC OPEN (EMD),80187,1
2026,Round 1,1175,SMT.S.N.KATKADE MC KOPERGAON A'NAGAR,SEBC SEBC,84685,3
2026,Round 1,1175,SMT.S.N.KATKADE MC KOPERGAON A'NAGAR,SEBC SEBC(W),85613,2
2026,Round 1,1175,SMT.S.N.KATKADE MC KOPERGAON A'NAGAR,SEBCD1 I.Q.,201163,1
2026,Round 1,1175,SMT.S.N.KATKADE MC KOPERGAON A'NAGAR,SEBCHA OPEN (EMD),81037,2
2026,Round 1,1175,SMT.S.N.KATKADE MC KOPERGAON A'NAGAR,SOBC EMOBC (EMR),83188,1
2026,Round 1,1175,SMT.S.N.KATKADE MC KOPERGAON A'NAGAR,SOBC EMOBCW (EMR),82847,1
2026,Round 1,1175,SMT.S.N.KATKADE MC KOPERGAON A'NAGAR,ST HA ST,327443,1
2026,Round 1,1175,SMT.S.N.KATKADE MC KOPERGAON A'NAGAR,ST ST,338313,2
2026,Round 1,1175,SMT.S.N.KATKADE MC KOPERGAON A'NAGAR,ST ST (W),312464,1
2026,Round 1,1175,SMT.S.N.KATKADE MC KOPERGAON A'NAGAR,VJA VJA,94943,1
2026,Round 1,1175,SMT.S.N.KATKADE MC KOPERGAON A'NAGAR,VJA VJA (W),107183,1
2026,Round 1,1221,GMC NAGPUR,D1 DEF1,30801,1
2026,Round 1,1221,GMC NAGPUR,D2 DEF2 W,44834,1
2026,Round 1,1221,GMC NAGPUR,D3 DEF3,11852,1
2026,Round 1,1221,GMC NAGPUR,EWS EWS,33390,13
2026,Round 1,1221,GMC NAGPUR,EWS EWS(W),32422,7
2026,Round 1,1221,GMC NAGPUR,EWS OPEN,8384,2
2026,Round 1,1221,GMC NAGPUR,EWS PWD PWD-EWS PH,880703,1
2026,Round 1,1221,GMC NAGPUR,HA HOPEN,8966,1
2026,Round 1,1221,GMC NAGPUR,HA HOPENW,25013,1
2026,Round 1,1221,GMC NAGPUR,NTB EMNTB (EMR),27583,1
2026,Round 1,1221,GMC NAGPUR,NTB NTB,33331,3
2026,Round 1,1221,GMC NAGPUR,NTB NTB(W),19223,1
2026,Round 1,1221,GMC NAGPUR,NTB OPEN (EMD),8582,1
2026,Round 1,1221,GMC NAGPUR,NTC NTC,28017,4
2026,Round 1,1221,GMC NAGPUR,NTC NTC(W),23861,2
2026,Round 1,1221,GMC NAGPUR,NTC PWD PWD-NTC PH,587198,1
2026,Round 1,1221,GMC NAGPUR,NTD EMNTD (EMR),16581,1
2026,Round 1,1221,GMC NAGPUR,NTD NTD,18144,2
2026,Round 1,1221,GMC NAGPUR,NTD NTD(W),10837,1
2026,Round 1,1221,GMC NAGPUR,NTD OPEN (EMD),10492,1
2026,Round 1,1221,GMC NAGPUR,OBC EMOBC (EMR),15125,11
2026,Round 1,1221,GMC NAGPUR,OBC EMOBCW (EMR),11214,1
2026,Round 1,1221,GMC NAGPUR,OBC HA HOBC W,27478,1
2026,Round 1,1221,GMC NAGPUR,OBC OBC,18776,13
2026,Round 1,1221,GMC NAGPUR,OBC OBC(W),19723,10
2026,Round 1,1221,GMC NAGPUR,OBC OPEN (EMD),10489,10
2026,Round 1,1221,GMC NAGPUR,OBC OPEN (W) (EMD),6344,1
2026,Round 1,1221,GMC NAGPUR,OBC PWD PEM OBC PH (EMR),370748,2
2026,Round 1,1221,GMC NAGPUR,OBC PWD PWD-OPEN (EMD),333208,2
2026,Round 1,1221,GMC NAGPUR,OPEN,10502,21
2026,Round 1,1221,GMC NAGPUR,OPEN (W),9947,15
2026,Round 1,1221,GMC NAGPUR,ORP-A ORPHAN Orphan-A,978495,1
2026,Round 1,1221,GMC NAGPUR,PWD PWD-OPEN PH,284019,1
2026,Round 1,1221,GMC NAGPUR,SC HA HSC,97149,1
2026,Round 1,1221,GMC NAGPUR,SC ORP-C ORPHANC-SC Orphan-C SC,216060,1
2026,Round 1,1221,GMC NAGPUR,SC PWD PWD-SC PH,367878,1
2026,Round 1,1221,GMC NAGPUR,SC SC,61206,16
2026,Round 1,1221,GMC NAGPUR,SC SC (W),54709,8
2026,Round 1,1221,GMC NAGPUR,SEBC SEBC,19232,13
2026,Round 1,1221,GMC NAGPUR,SEBC SEBC(W),17375,6
2026,Round 1,1221,GMC NAGPUR,SEBCD1 DEF1,30678,1
2026,Round 1,1221,GMC NAGPUR,SEBCD1 DEF1 W,27963,1
2026,Round 1,1221,GMC NAGPUR,SEBCHA HSEBC,27281,1
2026,Round 1,1221,GMC NAGPUR,SEBCPWD PWD-SEBC PH,594294,1
2026,Round 1,1221,GMC NAGPUR,SOBC OBC,18250,2
2026,Round 1,1221,GMC NAGPUR,SOBC OPEN (EMD),7411,1
2026,Round 1,1221,GMC NAGPUR,ST HA HST,184890,1
2026,Round 1,1221,GMC NAGPUR,ST PWD PWD-ST PH,1157168,1
2026,Round 1,1221,GMC NAGPUR,ST ST,168519,8
2026,Round 1,1221,GMC NAGPUR,ST ST (W),135964,5
2026,Round 1,1221,GMC NAGPUR,VJA HA VJA,27382,1
2026,Round 1,1221,GMC NAGPUR,VJA VJA,27822,4
2026,Round 1,1221,GMC NAGPUR,VJA VJA (W),37227,2
2026,Round 1,1222,IGMC NAGPUR,D2 DEF2 W,49108,1
2026,Round 1,1222,IGMC NAGPUR,D3 DEF3,15431,1
2026,Round 1,1222,IGMC NAGPUR,EWS EWS,39883,10
2026,Round 1,1222,IGMC NAGPUR,EWS EWS(W),42407,5
2026,Round 1,1222,IGMC NAGPUR,EWS HA HEWS,44973,1
2026,Round 1,1222,IGMC NAGPUR,EWS PWD PWD-EWS PH,878488,1
2026,Round 1,1222,IGMC NAGPUR,HA HOPEN,15021,1
2026,Round 1,1222,IGMC NAGPUR,MKB MKB,14117,1
2026,Round 1,1222,IGMC NAGPUR,NTB D1HA HNTB W,63394,1
2026,Round 1,1222,IGMC NAGPUR,NTB NTB,39284,2
2026,Round 1,1222,IGMC NAGPUR,NTB NTB(W),55637,1
2026,Round 1,1222,IGMC NAGPUR,NTC NTC,32904,5
2026,Round 1,1222,IGMC NAGPUR,NTC NTC(W),28670,1
2026,Round 1,1222,IGMC NAGPUR,NTD D1 DEF1,34061,1
2026,Round 1,1222,IGMC NAGPUR,NTD NTD,19206,2
2026,Round 1,1222,IGMC NAGPUR,NTD NTD(W),27931,1
2026,Round 1,1222,IGMC NAGPUR,OBC D1 DEF1,30934,1
2026,Round 1,1222,IGMC NAGPUR,OBC D1 DEF1 W,33674,1
2026,Round 1,1222,IGMC NAGPUR,OBC HA HOBC,27545,1
2026,Round 1,1222,IGMC NAGPUR,OBC OBC,23172,19
2026,Round 1,1222,IGMC NAGPUR,OBC OBC(W),22997,10
2026,Round 1,1222,IGMC NAGPUR,OBC ORP-C ORPHANC-OB Orphan-C OBC,223167,1
2026,Round 1,1222,IGMC NAGPUR,OBC PWD PEM OBC PH (EMR),472353,1
2026,Round 1,1222,IGMC NAGPUR,OBC PWD PWD-OPEN (EMD),384020,1
2026,Round 1,1222,IGMC NAGPUR,OPEN,14705,27
2026,Round 1,1222,IGMC NAGPUR,OPEN (W),15146,14
2026,Round 1,1222,IGMC NAGPUR,SC HA HSCW,106068,1
2026,Round 1,1222,IGMC NAGPUR,SC PWD PEM SC PH (EMR),460885,1
2026,Round 1,1222,IGMC NAGPUR,SC PWD PWD-OPEN (EMD),382754,1
2026,Round 1,1222,IGMC NAGPUR,SC PWD PWD-OPEN PH,385089,1
2026,Round 1,1222,IGMC NAGPUR,SC SC,79590,15
2026,Round 1,1222,IGMC NAGPUR,SC SC (W),70152,5
2026,Round 1,1222,IGMC NAGPUR,SEBC SEBC,23735,10
2026,Round 1,1222,IGMC NAGPUR,SEBC SEBC(W),25850,5
2026,Round 1,1222,IGMC NAGPUR,SEBCPWD PWD-SEBC PH,943085,1
2026,Round 1,1222,IGMC NAGPUR,ST ST,214842,7
2026,Round 1,1222,IGMC NAGPUR,ST ST (W),219083,4
2026,Round 1,1222,IGMC NAGPUR,VJA PWD PWD-VJA PH,449099,1
2026,Round 1,1222,IGMC NAGPUR,VJA VJA,42175,3
2026,Round 1,1222,IGMC NAGPUR,VJA VJA (W),45617,1
2026,Round 1,1225,PDMC AMRAVATI,EWS I.Q.,528760,1
2026,Round 1,1225,PDMC AMRAVATI,I.Q.,555048,11
2026,Round 1,1225,PDMC AMRAVATI,NTB NTB,129939,1
2026,Round 1,1225,PDMC AMRAVATI,NTB NTB(W),128269,1
2026,Round 1,1225,PDMC AMRAVATI,NTC EMNTC (EMR),73501,2
2026,Round 1,1225,PDMC AMRAVATI,NTC EMNTCW (EMR),71734,1
2026,Round 1,1225,PDMC AMRAVATI,NTC I.Q.,336902,1
2026,Round 1,1225,PDMC AMRAVATI,NTC OPEN,70505,3
2026,Round 1,1225,PDMC AMRAVATI,NTC OPEN (EMD),67639,2
2026,Round 1,1225,PDMC AMRAVATI,NTC OPEN (W) (EMD),62871,1
2026,Round 1,1225,PDMC AMRAVATI,NTD EMNTD (EMR),70976,1
2026,Round 1,1225,PDMC AMRAVATI,NTD OPEN,69963,5
2026,Round 1,1225,PDMC AMRAVATI,NTD OPEN (EMD),50154,1
2026,Round 1,1225,PDMC AMRAVATI,OBC EMOBC (EMR),73391,9
2026,Round 1,1225,PDMC AMRAVATI,OBC EMOBCW (EMR),71058,4
2026,Round 1,1225,PDMC AMRAVATI,OBC I.Q.,535752,8
2026,Round 1,1225,PDMC AMRAVATI,OBC OPEN,70630,17
2026,Round 1,1225,PDMC AMRAVATI,OBC OPEN (EMD),65320,9
2026,Round 1,1225,PDMC AMRAVATI,OBC OPEN (W),64139,9
2026,Round 1,1225,PDMC AMRAVATI,OBC OPEN (W) (EMD),57371,4
2026,Round 1,1225,PDMC AMRAVATI,OPEN,69752,9
2026,Round 1,1225,PDMC AMRAVATI,OPEN (W),62896,9
2026,Round 1,1225,PDMC AMRAVATI,SC I.Q.,555204,1
2026,Round 1,1225,PDMC AMRAVATI,SC SC,151694,7
2026,Round 1,1225,PDMC AMRAVATI,SC SC (W),148275,3
2026,Round 1,1225,PDMC AMRAVATI,SEBC EMSEBC (EMR),75040,6
2026,Round 1,1225,PDMC AMRAVATI,SEBC OPEN,70735,1
2026,Round 1,1225,PDMC AMRAVATI,SEBC OPEN (EMD),70714,5
2026,Round 1,1225,PDMC AMRAVATI,SEBC SEBC,75392,2
2026,Round 1,1225,PDMC AMRAVATI,SEBC SEBC(W),73534,3
2026,Round 1,1225,PDMC AMRAVATI,SEBCHA OPEN (EMD),65883,1
2026,Round 1,1225,PDMC AMRAVATI,SEBCHA SEBC(W),72289,1
2026,Round 1,1225,PDMC AMRAVATI,SOBC EMOBC (EMR),73094,1
2026,Round 1,1225,PDMC AMRAVATI,SOBC OPEN,69479,1
2026,Round 1,1225,PDMC AMRAVATI,SOBC OPEN (EMD),60206,1
2026,Round 1,1225,PDMC AMRAVATI,ST HA ST,328117,1
2026,Round 1,1225,PDMC AMRAVATI,ST HA ST (W),332278,1
2026,Round 1,1225,PDMC AMRAVATI,ST ST,323727,2
2026,Round 1,1225,PDMC AMRAVATI,ST ST (W),335859,1
2026,Round 1,1225,PDMC AMRAVATI,VJA VJA,92206,2
2026,Round 1,1225,PDMC AMRAVATI,VJA VJA (W),99230,1
2026,Round 1,1226,VNMC YEOTMAL,D1 DEF1,85119,1
2026,Round 1,1226,VNMC YEOTMAL,D1 DEF1 W,52228,1
2026,Round 1,1226,VNMC YEOTMAL,D2 DEF2,74077,1
2026,Round 1,1226,VNMC YEOTMAL,D3 DEF3 W,68190,1
2026,Round 1,1226,VNMC YEOTMAL,EWS EWS,62646,12
2026,Round 1,1226,VNMC YEOTMAL,EWS EWS(W),48298,4
2026,Round 1,1226,VNMC YEOTMAL,EWS HA HEWS W,92402,1
2026,Round 1,1226,VNMC YEOTMAL,EWS OPEN,27097,1
2026,Round 1,1226,VNMC YEOTMAL,EWS PWD PWD-OPEN PH,242066,1
2026,Round 1,1226,VNMC YEOTMAL,NTB NTB,81158,2
2026,Round 1,1226,VNMC YEOTMAL,NTB NTB(W),64284,1
2026,Round 1,1226,VNMC YEOTMAL,NTC NTC,50946,3
2026,Round 1,1226,VNMC YEOTMAL,NTC NTC(W),55821,2
2026,Round 1,1226,VNMC YEOTMAL,NTC PWD PEM NTC PH (EMR),935387,1
2026,Round 1,1226,VNMC YEOTMAL,NTC PWD PWD-OPEN (EMD),773801,1
2026,Round 1,1226,VNMC YEOTMAL,NTD D1 DEF1,80261,1
2026,Round 1,1226,VNMC YEOTMAL,NTD NTD,40193,2
2026,Round 1,1226,VNMC YEOTMAL,NTD NTD(W),39407,1
2026,Round 1,1226,VNMC YEOTMAL,OBC EMOBC (EMR),36648,3
2026,Round 1,1226,VNMC YEOTMAL,OBC EMOBCW (EMR),36152,2
2026,Round 1,1226,VNMC YEOTMAL,OBC HA HOBC,39552,1
2026,Round 1,1226,VNMC YEOTMAL,OBC HA OBC,41345,1
2026,Round 1,1226,VNMC YEOTMAL,OBC OBC,42099,16
2026,Round 1,1226,VNMC YEOTMAL,OBC OBC(W),40277,8
2026,Round 1,1226,VNMC YEOTMAL,OBC OPEN (EMD),34205,2
2026,Round 1,1226,VNMC YEOTMAL,OBC OPEN (W) (EMD),33509,2
2026,Round 1,1226,VNMC YEOTMAL,OBC PWD PWD-OBC PH,964766,2
2026,Round 1,1226,VNMC YEOTMAL,OPEN,35512,22
2026,Round 1,1226,VNMC YEOTMAL,OPEN (W),33625,11
2026,Round 1,1226,VNMC YEOTMAL,SC HA HSC,116739,1
2026,Round 1,1226,VNMC YEOTMAL,SC PWD PEM SC PH (EMR),936841,1
2026,Round 1,1226,VNMC YEOTMAL,SC PWD PWD-OPEN (EMD),582781,1
2026,Round 1,1226,VNMC YEOTMAL,SC SC,121032,12
2026,Round 1,1226,VNMC YEOTMAL,SC SC (W),126987,8
2026,Round 1,1226,VNMC YEOTMAL,SEBC EMSEBC (EMR),38429,2
2026,Round 1,1226,VNMC YEOTMAL,SEBC OPEN,32874,1
2026,Round 1,1226,VNMC YEOTMAL,SEBC OPEN (EMD),34823,2
2026,Round 1,1226,VNMC YEOTMAL,SEBC SEBC,42516,9
2026,Round 1,1226,VNMC YEOTMAL,SEBC SEBC(W),41657,5
2026,Round 1,1226,VNMC YEOTMAL,SEBCHA HOPEN,34429,1
2026,Round 1,1226,VNMC YEOTMAL,SOBC OPEN (EMD),30647,1
2026,Round 1,1226,VNMC YEOTMAL,ST ST,284497,7
2026,Round 1,1226,VNMC YEOTMAL,ST ST (W),284401,3
2026,Round 1,1226,VNMC YEOTMAL,VJA HA HVJA,87043,1
2026,Round 1,1226,VNMC YEOTMAL,VJA VJA,60374,3
2026,Round 1,1226,VNMC YEOTMAL,VJA VJA (W),69586,1
2026,Round 1,1234,GMC AKOLA,D1 DEF1 W,78435,1
2026,Round 1,1234,GMC AKOLA,D3 DEF3,53694,1
2026,Round 1,1234,GMC AKOLA,EWS D1 DEF1,70878,1
2026,Round 1,1234,GMC AKOLA,EWS EWS,54347,10
2026,Round 1,1234,GMC AKOLA,EWS EWS(W),51970,5
2026,Round 1,1234,GMC AKOLA,EWS HA EWS,54201,1
2026,Round 1,1234,GMC AKOLA,EWS OPEN (W),28969,1
2026,Round 1,1234,GMC AKOLA,EWS PWD PWD-EWS PH,833101,1
2026,Round 1,1234,GMC AKOLA,EWS PWD PWD-OPEN PH,244763,1
2026,Round 1,1234,GMC AKOLA,NTB NTB,80616,3
2026,Round 1,1234,GMC AKOLA,NTB NTB(W),75771,1
2026,Round 1,1234,GMC AKOLA,NTC HA HNTC,51152,1
2026,Round 1,1234,GMC AKOLA,NTC NTC,52624,3
2026,Round 1,1234,GMC AKOLA,NTC NTC(W),53616,2
2026,Round 1,1234,GMC AKOLA,NTD NTD,37736,3
2026,Round 1,1234,GMC AKOLA,NTD NTD(W),38046,1
2026,Round 1,1234,GMC AKOLA,OBC D1 DEF1,52564,1
2026,Round 1,1234,GMC AKOLA,OBC EMOBC (EMR),30606,5
2026,Round 1,1234,GMC AKOLA,OBC EMOBCW (EMR),32731,4
2026,Round 1,1234,GMC AKOLA,OBC HA HEM OBC (EMR),38774,1
2026,Round 1,1234,GMC AKOLA,OBC HA HOPEN (EMD),34620,1
2026,Round 1,1234,GMC AKOLA,OBC OBC,35752,15
2026,Round 1,1234,GMC AKOLA,OBC OBC(W),35725,6
2026,Round 1,1234,GMC AKOLA,OBC OPEN (EMD),27447,5
2026,Round 1,1234,GMC AKOLA,OBC OPEN (W) (EMD),29203,4
2026,Round 1,1234,GMC AKOLA,OBC PWD PEM OBC PH (EMR),715659,1
2026,Round 1,1234,GMC AKOLA,OBC PWD PWD-OPEN (EMD),574537,1
2026,Round 1,1234,GMC AKOLA,OPEN,28340,23
2026,Round 1,1234,GMC AKOLA,OPEN (W),28892,7
2026,Round 1,1234,GMC AKOLA,PWD PWD-OPEN PH,686700,1
2026,Round 1,1234,GMC AKOLA,SC ORP-C ORPHANC-SC Orphan-C SC,522471,1
2026,Round 1,1234,GMC AKOLA,SC PWD PWD-SC PH,716351,1
2026,Round 1,1234,GMC AKOLA,SC SC,111324,13
2026,Round 1,1234,GMC AKOLA,SC SC (W),98961,7
2026,Round 1,1234,GMC AKOLA,SEBC EMSEBCW (EMR),32657,1
2026,Round 1,1234,GMC AKOLA,SEBC OPEN (W) (EMD),29240,1
2026,Round 1,1234,GMC AKOLA,SEBC SEBC,33128,11
2026,Round 1,1234,GMC AKOLA,SEBC SEBC(W),37016,3
2026,Round 1,1234,GMC AKOLA,SEBCD2 DEF2 W,78977,1
2026,Round 1,1234,GMC AKOLA,SEBCHA HSEBC W,38387,1
2026,Round 1,1234,GMC AKOLA,SEBCPWD PWD-SEBC PH,1064853,1
2026,Round 1,1234,GMC AKOLA,SOBC OBC(W),33920,1
2026,Round 1,1234,GMC AKOLA,ST HA HSTW,297395,1
2026,Round 1,1234,GMC AKOLA,ST PWD PWD-ST PH,1176835,1
2026,Round 1,1234,GMC AKOLA,ST ST,266294,7
2026,Round 1,1234,GMC AKOLA,ST ST (W),225939,2
2026,Round 1,1234,GMC AKOLA,VJA PWD PWD-VJA PH,1007639,1
2026,Round 1,1234,GMC AKOLA,VJA VJA,52494,3
2026,Round 1,1234,GMC AKOLA,VJA VJA (W),66359,1
2026,Round 1,1241,MS KANNAMWAR GMC CHANDRAPUR,D2 DEF2,89758,1
2026,Round 1,1241,MS KANNAMWAR GMC CHANDRAPUR,D3 DEF3,60348,1
2026,Round 1,1241,MS KANNAMWAR GMC CHANDRAPUR,EWS EWS,65264,8
2026,Round 1,1241,MS KANNAMWAR GMC CHANDRAPUR,EWS EWS(W),67800,4
2026,Round 1,1241,MS KANNAMWAR GMC CHANDRAPUR,EWS HA HEWS,68953,1
2026,Round 1,1241,MS KANNAMWAR GMC CHANDRAPUR,NTB NTB,91021,1
2026,Round 1,1241,MS KANNAMWAR GMC CHANDRAPUR,NTB NTB(W),98650,1
2026,Round 1,1241,MS KANNAMWAR GMC CHANDRAPUR,NTC HA NTC(W),56629,1
2026,Round 1,1241,MS KANNAMWAR GMC CHANDRAPUR,NTC NTC,55210,2
2026,Round 1,1241,MS KANNAMWAR GMC CHANDRAPUR,NTC PWD PWD-NTC PH,1024185,1
2026,Round 1,1241,MS KANNAMWAR GMC CHANDRAPUR,NTD HA HNTD W,65397,1
2026,Round 1,1241,MS KANNAMWAR GMC CHANDRAPUR,NTD HA HOPEN,45544,1
2026,Round 1,1241,MS KANNAMWAR GMC CHANDRAPUR,NTD NTD,40876,1
2026,Round 1,1241,MS KANNAMWAR GMC CHANDRAPUR,NTD NTD(W),47010,1
2026,Round 1,1241,MS KANNAMWAR GMC CHANDRAPUR,OBC D1 DEF1,90624,2
2026,Round 1,1241,MS KANNAMWAR GMC CHANDRAPUR,OBC EMOBC (EMR),39461,4
2026,Round 1,1241,MS KANNAMWAR GMC CHANDRAPUR,OBC EMOBCW (EMR),35867,1
2026,Round 1,1241,MS KANNAMWAR GMC CHANDRAPUR,OBC OBC,43129,11
2026,Round 1,1241,MS KANNAMWAR GMC CHANDRAPUR,OBC OBC(W),40551,6
2026,Round 1,1241,MS KANNAMWAR GMC CHANDRAPUR,OBC OPEN (EMD),32051,4
2026,Round 1,1241,MS KANNAMWAR GMC CHANDRAPUR,OBC PWD PEM OBC PH (EMR),921218,1
2026,Round 1,1241,MS KANNAMWAR GMC CHANDRAPUR,OBC PWD PWD-OPEN (EMD),545532,1
2026,Round 1,1241,MS KANNAMWAR GMC CHANDRAPUR,OPEN,33711,15
2026,Round 1,1241,MS KANNAMWAR GMC CHANDRAPUR,OPEN (W),33361,9
2026,Round 1,1241,MS KANNAMWAR GMC CHANDRAPUR,SC D1PWD PWD-OPEN (EMD),485836,1
2026,Round 1,1241,MS KANNAMWAR GMC CHANDRAPUR,SC PWD PEM SC PH (EMR),848464,1
2026,Round 1,1241,MS KANNAMWAR GMC CHANDRAPUR,SC SC,119187,11
2026,Round 1,1241,MS KANNAMWAR GMC CHANDRAPUR,SC SC (W),115240,5
2026,Round 1,1241,MS KANNAMWAR GMC CHANDRAPUR,SEBC EMSEBC (EMR),34073,1
2026,Round 1,1241,MS KANNAMWAR GMC CHANDRAPUR,SEBC OPEN (EMD),30369,1
2026,Round 1,1241,MS KANNAMWAR GMC CHANDRAPUR,SEBC SEBC,44623,7
2026,Round 1,1241,MS KANNAMWAR GMC CHANDRAPUR,SEBC SEBC(W),47134,4
2026,Round 1,1241,MS KANNAMWAR GMC CHANDRAPUR,SEBCD1 DEF1 W,89730,1
2026,Round 1,1241,MS KANNAMWAR GMC CHANDRAPUR,SOBC OPEN (W) (EMD),33842,1
2026,Round 1,1241,MS KANNAMWAR GMC CHANDRAPUR,ST ST,292827,6
2026,Round 1,1241,MS KANNAMWAR GMC CHANDRAPUR,ST ST (W),273964,3
2026,Round 1,1241,MS KANNAMWAR GMC CHANDRAPUR,VJA HA HVJA,61699,1
2026,Round 1,1241,MS KANNAMWAR GMC CHANDRAPUR,VJA VJA,64900,2
2026,Round 1,1241,MS KANNAMWAR GMC CHANDRAPUR,VJA VJA (W),75288,1
2026,Round 1,1242,GGMC GONDIA,D1 DEF1,79553,1
2026,Round 1,1242,GGMC GONDIA,D1 DEF1 W,100082,1
2026,Round 1,1242,GGMC GONDIA,D2 DEF2,99549,1
2026,Round 1,1242,GGMC GONDIA,D3 DEF3 W,65710,1
2026,Round 1,1242,GGMC GONDIA,EWS EWS,70180,7
2026,Round 1,1242,GGMC GONDIA,EWS EWS(W),72278,4
2026,Round 1,1242,GGMC GONDIA,EWS HA HEWS,82573,1
2026,Round 1,1242,GGMC GONDIA,NTB NTB,103210,2
2026,Round 1,1242,GGMC GONDIA,NTB NTB(W),106846,1
2026,Round 1,1242,GGMC GONDIA,NTC HA HNTC W,80408,1
2026,Round 1,1242,GGMC GONDIA,NTC NTC,59968,2
2026,Round 1,1242,GGMC GONDIA,NTC NTC(W),59934,1
2026,Round 1,1242,GGMC GONDIA,NTD D1 DEF1,98146,1
2026,Round 1,1242,GGMC GONDIA,NTD NTD,44478,1
2026,Round 1,1242,GGMC GONDIA,NTD NTD(W),46456,1
2026,Round 1,1242,GGMC GONDIA,NTD PWD PWD-NTD PH,902958,1
2026,Round 1,1242,GGMC GONDIA,OBC EMOBC (EMR),43948,2
2026,Round 1,1242,GGMC GONDIA,OBC EMOBCW (EMR),44031,1
2026,Round 1,1242,GGMC GONDIA,OBC HA HOBC,48956,1
2026,Round 1,1242,GGMC GONDIA,OBC OBC,48053,12
2026,Round 1,1242,GGMC GONDIA,OBC OBC(W),48547,6
2026,Round 1,1242,GGMC GONDIA,OBC OPEN (EMD),40995,2
2026,Round 1,1242,GGMC GONDIA,OBC OPEN (W) (EMD),28911,1
2026,Round 1,1242,GGMC GONDIA,OBC PWD PWD-OBC PH,1067849,1
2026,Round 1,1242,GGMC GONDIA,OPEN,41806,18
2026,Round 1,1242,GGMC GONDIA,OPEN (W),40091,8
2026,Round 1,1242,GGMC GONDIA,PWD PWD-OPEN PH,792306,1
2026,Round 1,1242,GGMC GONDIA,SC HA SC,135628,2
2026,Round 1,1242,GGMC GONDIA,SC ORP-C ORPHANC OrphanC,728528,1
2026,Round 1,1242,GGMC GONDIA,SC PWD PEM SC PH (EMR),797597,1
2026,Round 1,1242,GGMC GONDIA,SC PWD PWD-OPEN (EMD),606963,1
2026,Round 1,1242,GGMC GONDIA,SC SC,135686,9
2026,Round 1,1242,GGMC GONDIA,SC SC (W),136183,5
2026,Round 1,1242,GGMC GONDIA,SEBC SEBC,49721,8
2026,Round 1,1242,GGMC GONDIA,SEBC SEBC(W),52595,4
2026,Round 1,1242,GGMC GONDIA,SEBCHA HOPENW,49581,1
2026,Round 1,1242,GGMC GONDIA,SOBC OBC,46083,1
2026,Round 1,1242,GGMC GONDIA,ST ST,302389,7
2026,Round 1,1242,GGMC GONDIA,ST ST (W),287681,2
2026,Round 1,1242,GGMC GONDIA,VJA VJA,79939,3
2026,Round 1,1242,GGMC GONDIA,VJA VJA (W),83504,1
2026,Round 1,1248,"MGIMS MC SEVAGRAM,WARDHA",EWS EWS,54584,5
2026,Round 1,1248,"MGIMS MC SEVAGRAM,WARDHA",HA OPEN,14759,1
2026,Round 1,1248,"MGIMS MC SEVAGRAM,WARDHA",NTB NTB,90204,1
2026,Round 1,1248,"MGIMS MC SEVAGRAM,WARDHA",NTC NTC,38231,2
2026,Round 1,1248,"MGIMS MC SEVAGRAM,WARDHA",NTD NTD,38004,1
2026,Round 1,1248,"MGIMS MC SEVAGRAM,WARDHA",OBC OBC,33457,9
2026,Round 1,1248,"MGIMS MC SEVAGRAM,WARDHA",OBC PWD PEM OBC PH (EMR),927780,1
2026,Round 1,1248,"MGIMS MC SEVAGRAM,WARDHA",OBC PWD PWD-OPEN (EMD),626551,1
2026,Round 1,1248,"MGIMS MC SEVAGRAM,WARDHA",OPEN,19756,13
2026,Round 1,1248,"MGIMS MC SEVAGRAM,WARDHA",SC SC,111816,7
2026,Round 1,1248,"MGIMS MC SEVAGRAM,WARDHA",SEBC SEBC,30337,5
2026,Round 1,1248,"MGIMS MC SEVAGRAM,WARDHA",ST ST,288358,3
2026,Round 1,1248,"MGIMS MC SEVAGRAM,WARDHA",VJA VJA,42987,1
2026,Round 1,1261,DR R GODE MC AMARAVATI,EWS OPEN,76558,4
2026,Round 1,1261,DR R GODE MC AMARAVATI,EWS OPEN (W),75712,3
2026,Round 1,1261,DR R GODE MC AMARAVATI,HA OPEN,75588,1
2026,Round 1,1261,DR R GODE MC AMARAVATI,I.Q.,260578,22
2026,Round 1,1261,DR R GODE MC AMARAVATI,NTB NTB,131353,1
2026,Round 1,1261,DR R GODE MC AMARAVATI,NTC EMNTC (EMR),77392,2
2026,Round 1,1261,DR R GODE MC AMARAVATI,NTC NTC(W),78268,1
2026,Round 1,1261,DR R GODE MC AMARAVATI,NTC OPEN,76631,3
2026,Round 1,1261,DR R GODE MC AMARAVATI,NTC OPEN (EMD),76274,2
2026,Round 1,1261,DR R GODE MC AMARAVATI,NTD EMNTDW (EMR),77041,1
2026,Round 1,1261,DR R GODE MC AMARAVATI,NTD HA EMNTD (EMR),76998,1
2026,Round 1,1261,DR R GODE MC AMARAVATI,NTD OPEN,75899,2
2026,Round 1,1261,DR R GODE MC AMARAVATI,NTD OPEN (EMD),73719,1
2026,Round 1,1261,DR R GODE MC AMARAVATI,NTD OPEN (W),75664,1
2026,Round 1,1261,DR R GODE MC AMARAVATI,NTD OPEN (W) (EMD),75160,1
2026,Round 1,1261,DR R GODE MC AMARAVATI,OBC EMOBC (EMR),77501,9
2026,Round 1,1261,DR R GODE MC AMARAVATI,OBC EMOBCW (EMR),77100,4
2026,Round 1,1261,DR R GODE MC AMARAVATI,OBC OPEN,76785,8
2026,Round 1,1261,DR R GODE MC AMARAVATI,OBC OPEN (EMD),73968,10
2026,Round 1,1261,DR R GODE MC AMARAVATI,OBC OPEN (W),75727,4
2026,Round 1,1261,DR R GODE MC AMARAVATI,OBC OPEN (W) (EMD),74028,4
2026,Round 1,1261,DR R GODE MC AMARAVATI,OPEN,76917,16
2026,Round 1,1261,DR R GODE MC AMARAVATI,OPEN (W),75830,10
2026,Round 1,1261,DR R GODE MC AMARAVATI,SC SC,159753,7
2026,Round 1,1261,DR R GODE MC AMARAVATI,SC SC (W),158886,3
2026,Round 1,1261,DR R GODE MC AMARAVATI,SEBC EMSEBC (EMR),78468,5
2026,Round 1,1261,DR R GODE MC AMARAVATI,SEBC OPEN (EMD),76464,5
2026,Round 1,1261,DR R GODE MC AMARAVATI,SEBC SEBC,79731,4
2026,Round 1,1261,DR R GODE MC AMARAVATI,SEBC SEBC(W),79761,4
2026,Round 1,1261,DR R GODE MC AMARAVATI,SOBC EMOBC (EMR),77456,1
2026,Round 1,1261,DR R GODE MC AMARAVATI,SOBC OPEN,76560,2
2026,Round 1,1261,DR R GODE MC AMARAVATI,ST ST,338178,4
2026,Round 1,1261,DR R GODE MC AMARAVATI,ST ST (W),337794,1
2026,Round 1,1261,DR R GODE MC AMARAVATI,VJA VJA,94261,2
2026,Round 1,1261,DR R GODE MC AMARAVATI,VJA VJA (W),101342,1
2026,Round 1,1267,GMC AMARAVATI,D2 DEF2 W,69584,1
2026,Round 1,1267,GMC AMARAVATI,D3 DEF3,40451,1
2026,Round 1,1267,GMC AMARAVATI,EWS EWS,65684,6
2026,Round 1,1267,GMC AMARAVATI,EWS EWS(W),65352,3
2026,Round 1,1267,GMC AMARAVATI,EWS PWD PWD-OPEN PH,370477,1
2026,Round 1,1267,GMC AMARAVATI,NTB NTB,100451,2
2026,Round 1,1267,GMC AMARAVATI,NTC NTC,55798,2
2026,Round 1,1267,GMC AMARAVATI,NTC NTC(W),58093,1
2026,Round 1,1267,GMC AMARAVATI,NTD D1 DEF1,91918,1
2026,Round 1,1267,GMC AMARAVATI,NTD NTD,44415,1
2026,Round 1,1267,GMC AMARAVATI,OBC D1 DEF1,96911,2
2026,Round 1,1267,GMC AMARAVATI,OBC HA HOBC,47722,1
2026,Round 1,1267,GMC AMARAVATI,OBC OBC,43974,7
2026,Round 1,1267,GMC AMARAVATI,OBC OBC(W),44652,4
2026,Round 1,1267,GMC AMARAVATI,OBC PWD PWD-OBC PH,956479,1
2026,Round 1,1267,GMC AMARAVATI,OPEN,36446,11
2026,Round 1,1267,GMC AMARAVATI,OPEN (W),34008,6
2026,Round 1,1267,GMC AMARAVATI,SC PWD PWD-SC PH,786588,1
2026,Round 1,1267,GMC AMARAVATI,SC SC,129875,7
2026,Round 1,1267,GMC AMARAVATI,SC SC (W),123283,4
2026,Round 1,1267,GMC AMARAVATI,SEBC EMSEBC (EMR),41696,1
2026,Round 1,1267,GMC AMARAVATI,SEBC OPEN (EMD),33819,1
2026,Round 1,1267,GMC AMARAVATI,SEBC SEBC,46850,4
2026,Round 1,1267,GMC AMARAVATI,SEBC SEBC(W),46313,2
2026,Round 1,1267,GMC AMARAVATI,SEBCHA HOPEN,43893,1
2026,Round 1,1267,GMC AMARAVATI,SOBC OBC,44164,1
2026,Round 1,1267,GMC AMARAVATI,SOBC OBC(W),41517,1
2026,Round 1,1267,GMC AMARAVATI,ST HA ST,280372,1
2026,Round 1,1267,GMC AMARAVATI,ST HA ST (W),236011,1
2026,Round 1,1267,GMC AMARAVATI,ST ST,294880,3
2026,Round 1,1267,GMC AMARAVATI,ST ST (W),290916,1
2026,Round 1,1267,GMC AMARAVATI,VJA HA HVJAW,97399,1
2026,Round 1,1267,GMC AMARAVATI,VJA VJA,64013,1
2026,Round 1,1267,GMC AMARAVATI,VJA VJA (W),81567,1
2026,Round 1,1268,GMC BHANDARA,D3 DEF3 W,83421,1
2026,Round 1,1268,GMC BHANDARA,EWS EWS,73845,5
2026,Round 1,1268,GMC BHANDARA,EWS EWS(W),74181,2
2026,Round 1,1268,GMC BHANDARA,NTB NTB,105213,2
2026,Round 1,1268,GMC BHANDARA,NTB NTB(W),121787,1
2026,Round 1,1268,GMC BHANDARA,NTC NTC,61153,1
2026,Round 1,1268,GMC BHANDARA,NTC NTC(W),65179,1
2026,Round 1,1268,GMC BHANDARA,NTC ORP-C ORPHANC-NT Orphan-C NT2,716791,1
2026,Round 1,1268,GMC BHANDARA,NTD HA HOPEN,50231,1
2026,Round 1,1268,GMC BHANDARA,NTD NTD,48573,1
2026,Round 1,1268,GMC BHANDARA,OBC D1 DEF1,103700,2
2026,Round 1,1268,GMC BHANDARA,OBC D2 DEF2,100516,1
2026,Round 1,1268,GMC BHANDARA,OBC EMOBCW (EMR),45975,1
2026,Round 1,1268,GMC BHANDARA,OBC OBC,51520,10
2026,Round 1,1268,GMC BHANDARA,OBC OBC(W),50343,4
2026,Round 1,1268,GMC BHANDARA,OBC OPEN (W) (EMD),43161,1
2026,Round 1,1268,GMC BHANDARA,OBC PWD PWD-OBC PH,1069022,1
2026,Round 1,1268,GMC BHANDARA,OPEN,45287,12
2026,Round 1,1268,GMC BHANDARA,OPEN (W),43291,6
2026,Round 1,1268,GMC BHANDARA,SC HA HSC,166957,1
2026,Round 1,1268,GMC BHANDARA,SC PWD PWD-OPEN PH,702168,1
2026,Round 1,1268,GMC BHANDARA,SC SC,142298,7
2026,Round 1,1268,GMC BHANDARA,SC SC (W),141957,3
2026,Round 1,1268,GMC BHANDARA,SEBC SEBC,51592,5
2026,Round 1,1268,GMC BHANDARA,SEBC SEBC(W),53764,2
2026,Round 1,1268,GMC BHANDARA,SEBCHA SEBC,50668,1
2026,Round 1,1268,GMC BHANDARA,ST ST,310876,3
2026,Round 1,1268,GMC BHANDARA,ST ST (W),307622,2
2026,Round 1,1268,GMC BHANDARA,VJA D1 DEF1 W,101116,1
2026,Round 1,1268,GMC BHANDARA,VJA VJA,81617,2
2026,Round 1,1268,GMC BHANDARA,VJA VJA (W),92836,1
2026,Round 1,1269,GMC BULDHANA,D3 DEF3,79819,1
2026,Round 1,1269,GMC BULDHANA,EWS EWS,70402,5
2026,Round 1,1269,GMC BULDHANA,EWS EWS(W),70127,3
2026,Round 1,1269,GMC BULDHANA,NTB NTB,105158,2
2026,Round 1,1269,GMC BULDHANA,NTB NTB(W),106248,1
2026,Round 1,1269,GMC BULDHANA,NTC HA NTC,55929,1
2026,Round 1,1269,GMC BULDHANA,NTC NTC,55498,1
2026,Round 1,1269,GMC BULDHANA,NTC NTC(W),62293,1
2026,Round 1,1269,GMC BULDHANA,NTC PWD PWD-OPEN PH,28696,1
2026,Round 1,1269,GMC BULDHANA,NTD HA HOPEN,48648,1
2026,Round 1,1269,GMC BULDHANA,NTD NTD,44847,1
2026,Round 1,1269,GMC BULDHANA,OBC D2 DEF2 W,113935,1
2026,Round 1,1269,GMC BULDHANA,OBC OBC,48837,9
2026,Round 1,1269,GMC BULDHANA,OBC OBC(W),49285,5
2026,Round 1,1269,GMC BULDHANA,OBC PWD PWD-OBC PH,981211,1
2026,Round 1,1269,GMC BULDHANA,OPEN,41834,12
2026,Round 1,1269,GMC BULDHANA,OPEN (W),41970,7
2026,Round 1,1269,GMC BULDHANA,SC D1 SC (W),139667,1
2026,Round 1,1269,GMC BULDHANA,SC HA HSC,166651,1
2026,Round 1,1269,GMC BULDHANA,SC PWD PWD-SC PH,1055370,1
2026,Round 1,1269,GMC BULDHANA,SC SC,138594,5
2026,Round 1,1269,GMC BULDHANA,SC SC (W),140561,3
2026,Round 1,1269,GMC BULDHANA,SEBC SEBC,49277,5
2026,Round 1,1269,GMC BULDHANA,SEBC SEBC(W),48520,2
2026,Round 1,1269,GMC BULDHANA,SEBCD1 DEF1,100520,2
2026,Round 1,1269,GMC BULDHANA,SEBCD1HA DEF1,101226,1
2026,Round 1,1269,GMC BULDHANA,SOBC OBC,48818,1
2026,Round 1,1269,GMC BULDHANA,ST ST,297241,4
2026,Round 1,1269,GMC BULDHANA,ST ST (W),298224,1
2026,Round 1,1269,GMC BULDHANA,VJA VJA,76491,2
2026,Round 1,1269,GMC BULDHANA,VJA VJA (W),73100,1
2026,Round 1,1270,GMC WASHIM,D3 DEF3,82844,1
2026,Round 1,1270,GMC WASHIM,EWS EWS,71338,4
2026,Round 1,1270,GMC WASHIM,EWS EWS(W),69952,3
2026,Round 1,1270,GMC WASHIM,HA HOPEN,49729,1
2026,Round 1,1270,GMC WASHIM,NTB NTB,103736,1
2026,Round 1,1270,GMC WASHIM,NTB NTB(W),108158,1
2026,Round 1,1270,GMC WASHIM,NTC NTC,60813,2
2026,Round 1,1270,GMC WASHIM,NTC NTC(W),61136,1
2026,Round 1,1270,GMC WASHIM,NTD NTD,45290,1
2026,Round 1,1270,GMC WASHIM,NTD NTD(W),48323,1
2026,Round 1,1270,GMC WASHIM,OBC D1 DEF1,105720,2
2026,Round 1,1270,GMC WASHIM,OBC HA HOBC,50476,1
2026,Round 1,1270,GMC WASHIM,OBC OBC,50653,9
2026,Round 1,1270,GMC WASHIM,OBC OBC(W),50322,4
2026,Round 1,1270,GMC WASHIM,OBC PWD PWD-OBC PH,636242,1
2026,Round 1,1270,GMC WASHIM,OPEN,43168,11
2026,Round 1,1270,GMC WASHIM,OPEN (W),44021,7
2026,Round 1,1270,GMC WASHIM,PWD PWD-OPEN PH,236679,1
2026,Round 1,1270,GMC WASHIM,SC SC,141921,8
2026,Round 1,1270,GMC WASHIM,SC SC (W),139263,3
2026,Round 1,1270,GMC WASHIM,SEBC SEBC,50596,5
2026,Round 1,1270,GMC WASHIM,SEBC SEBC(W),51328,2
2026,Round 1,1270,GMC WASHIM,SEBCD1 DEF1,103003,1
2026,Round 1,1270,GMC WASHIM,SEBCD2 DEF2 W,111566,1
2026,Round 1,1270,GMC WASHIM,SEBCHA SEBC,50639,1
2026,Round 1,1270,GMC WASHIM,SOBC OBC,50527,1
2026,Round 1,1270,GMC WASHIM,ST ST,307698,3
2026,Round 1,1270,GMC WASHIM,ST ST (W),310284,2
2026,Round 1,1270,GMC WASHIM,VJA HA HVJA,103071,1
2026,Round 1,1270,GMC WASHIM,VJA VJA,75562,1
2026,Round 1,1270,GMC WASHIM,VJA VJA (W),83727,1
2026,Round 1,1276,MALATI HOSP & MC MURTIZAPUR AKOLA,EWS OPEN,83091,3
2026,Round 1,1276,MALATI HOSP & MC MURTIZAPUR AKOLA,EWS OPEN (W),81581,2
2026,Round 1,1276,MALATI HOSP & MC MURTIZAPUR AKOLA,HA OPEN,83026,1
2026,Round 1,1276,MALATI HOSP & MC MURTIZAPUR AKOLA,I.Q.,451678,4
2026,Round 1,1276,MALATI HOSP & MC MURTIZAPUR AKOLA,NTB NTB,132123,1
2026,Round 1,1276,MALATI HOSP & MC MURTIZAPUR AKOLA,NTC OPEN,82658,2
2026,Round 1,1276,MALATI HOSP & MC MURTIZAPUR AKOLA,NTD EMNTD (EMR),85896,1
2026,Round 1,1276,MALATI HOSP & MC MURTIZAPUR AKOLA,NTD HA OPEN (EMD),78320,1
2026,Round 1,1276,MALATI HOSP & MC MURTIZAPUR AKOLA,OBC EMOBC (EMR),85448,3
2026,Round 1,1276,MALATI HOSP & MC MURTIZAPUR AKOLA,OBC EMOBCW (EMR),84178,1
2026,Round 1,1276,MALATI HOSP & MC MURTIZAPUR AKOLA,OBC HA OBC(W),86488,1
2026,Round 1,1276,MALATI HOSP & MC MURTIZAPUR AKOLA,OBC I.Q.,432123,2
2026,Round 1,1276,MALATI HOSP & MC MURTIZAPUR AKOLA,OBC OPEN,83543,4
2026,Round 1,1276,MALATI HOSP & MC MURTIZAPUR AKOLA,OBC OPEN (EMD),80204,3
2026,Round 1,1276,MALATI HOSP & MC MURTIZAPUR AKOLA,OBC OPEN (W) (EMD),80064,1
2026,Round 1,1276,MALATI HOSP & MC MURTIZAPUR AKOLA,OPEN,83233,2
2026,Round 1,1276,MALATI HOSP & MC MURTIZAPUR AKOLA,OPEN (W),82085,2
2026,Round 1,1276,MALATI HOSP & MC MURTIZAPUR AKOLA,SC I.Q.,445600,1
2026,Round 1,1276,MALATI HOSP & MC MURTIZAPUR AKOLA,SC SC,161001,2
2026,Round 1,1276,MALATI HOSP & MC MURTIZAPUR AKOLA,SC SC (W),160267,1
2026,Round 1,1276,MALATI HOSP & MC MURTIZAPUR AKOLA,SEBC EMSEBC (EMR),84800,1
2026,Round 1,1276,MALATI HOSP & MC MURTIZAPUR AKOLA,SEBC EMSEBCW (EMR),83754,1
2026,Round 1,1276,MALATI HOSP & MC MURTIZAPUR AKOLA,SEBC OPEN (EMD),82188,2
2026,Round 1,1276,MALATI HOSP & MC MURTIZAPUR AKOLA,SEBC OPEN (W),81471,2
2026,Round 1,1276,MALATI HOSP & MC MURTIZAPUR AKOLA,SEBC OPEN (W) (EMD),76567,1
2026,Round 1,1276,MALATI HOSP & MC MURTIZAPUR AKOLA,SEBC SEBC,85994,1
2026,Round 1,1276,MALATI HOSP & MC MURTIZAPUR AKOLA,SEBCHA EMSEBC (EMR),85891,1
2026,Round 1,1276,MALATI HOSP & MC MURTIZAPUR AKOLA,ST ST,340922,1
2026,Round 1,1276,MALATI HOSP & MC MURTIZAPUR AKOLA,ST ST (W),341028,1
2026,Round 1,1276,MALATI HOSP & MC MURTIZAPUR AKOLA,VJA VJA,101601,1
2026,Round 1,1327,GMC CH. SAMBHAJINAGAR,D3 DEF3 W,34979,1
2026,Round 1,1327,GMC CH. SAMBHAJINAGAR,EWS EWS,35048,10
2026,Round 1,1327,GMC CH. SAMBHAJINAGAR,EWS EWS(W),30419,4
2026,Round 1,1327,GMC CH. SAMBHAJINAGAR,EWS HA EWS,34368,1
2026,Round 1,1327,GMC CH. SAMBHAJINAGAR,EWS HA HEWS W,70156,1
2026,Round 1,1327,GMC CH. SAMBHAJINAGAR,EWS OPEN,3689,1
2026,Round 1,1327,GMC CH. SAMBHAJINAGAR,EWS PWD PWD-EWS PH,444097,1
2026,Round 1,1327,GMC CH. SAMBHAJINAGAR,HA HOPENW,22861,1
2026,Round 1,1327,GMC CH. SAMBHAJINAGAR,HA OPEN,12390,3
2026,Round 1,1327,GMC CH. SAMBHAJINAGAR,NTB NTB,46343,3
2026,Round 1,1327,GMC CH. SAMBHAJINAGAR,NTB NTB(W),24419,1
2026,Round 1,1327,GMC CH. SAMBHAJINAGAR,NTB PWD PWD-OPEN PH,378543,1
2026,Round 1,1327,GMC CH. SAMBHAJINAGAR,NTC D1 DEF1 W,20919,1
2026,Round 1,1327,GMC CH. SAMBHAJINAGAR,NTC HA HNTC,38456,1
2026,Round 1,1327,GMC CH. SAMBHAJINAGAR,NTC NTC,30311,3
2026,Round 1,1327,GMC CH. SAMBHAJINAGAR,NTC NTC(W),30039,2
2026,Round 1,1327,GMC CH. SAMBHAJINAGAR,NTD D2 DEF2,38149,1
2026,Round 1,1327,GMC CH. SAMBHAJINAGAR,NTD NTD,15908,2
2026,Round 1,1327,GMC CH. SAMBHAJINAGAR,NTD NTD(W),14293,1
2026,Round 1,1327,GMC CH. SAMBHAJINAGAR,NTD ORP-C ORPHANC OrphanC,259298,1
2026,Round 1,1327,GMC CH. SAMBHAJINAGAR,OBC D1 DEF1,28709,1
2026,Round 1,1327,GMC CH. SAMBHAJINAGAR,OBC EMOBC (EMR),15595,2
2026,Round 1,1327,GMC CH. SAMBHAJINAGAR,OBC EMOBCW (EMR),13682,1
2026,Round 1,1327,GMC CH. SAMBHAJINAGAR,OBC HA HOBC,21933,1
2026,Round 1,1327,GMC CH. SAMBHAJINAGAR,OBC OBC,21322,17
2026,Round 1,1327,GMC CH. SAMBHAJINAGAR,OBC OBC(W),21159,9
2026,Round 1,1327,GMC CH. SAMBHAJINAGAR,OBC OPEN (EMD),12354,2
2026,Round 1,1327,GMC CH. SAMBHAJINAGAR,OBC OPEN (W) (EMD),11522,1
2026,Round 1,1327,GMC CH. SAMBHAJINAGAR,OBC PWD PWD-OBC PH,534740,2
2026,Round 1,1327,GMC CH. SAMBHAJINAGAR,OPEN,13034,21
2026,Round 1,1327,GMC CH. SAMBHAJINAGAR,OPEN (W),12302,12
2026,Round 1,1327,GMC CH. SAMBHAJINAGAR,PWD PWD-OPEN PH,215019,1
2026,Round 1,1327,GMC CH. SAMBHAJINAGAR,SC PWD PEM SC PH (EMR),856845,1
2026,Round 1,1327,GMC CH. SAMBHAJINAGAR,SC PWD PWD-OPEN (EMD),350062,1
2026,Round 1,1327,GMC CH. SAMBHAJINAGAR,SC SC,81594,13
2026,Round 1,1327,GMC CH. SAMBHAJINAGAR,SC SC (W),80667,7
2026,Round 1,1327,GMC CH. SAMBHAJINAGAR,SEBC EMSEBC (EMR),13791,1
2026,Round 1,1327,GMC CH. SAMBHAJINAGAR,SEBC OPEN (EMD),9609,1
2026,Round 1,1327,GMC CH. SAMBHAJINAGAR,SEBC SEBC,18761,9
2026,Round 1,1327,GMC CH. SAMBHAJINAGAR,SEBC SEBC(W),16856,5
2026,Round 1,1327,GMC CH. SAMBHAJINAGAR,SEBCD1 DEF1,20694,1
2026,Round 1,1327,GMC CH. SAMBHAJINAGAR,SEBCHA HSEBC,17903,1
2026,Round 1,1327,GMC CH. SAMBHAJINAGAR,SEBCPWD PWD-SEBC PH,630653,1
2026,Round 1,1327,GMC CH. SAMBHAJINAGAR,ST ST,201156,8
2026,Round 1,1327,GMC CH. SAMBHAJINAGAR,ST ST (W),193057,3
2026,Round 1,1327,GMC CH. SAMBHAJINAGAR,VJA HA VJA,33925,1
2026,Round 1,1327,GMC CH. SAMBHAJINAGAR,VJA VJA,39331,3
2026,Round 1,1327,GMC CH. SAMBHAJINAGAR,VJA VJA (W),41836,1
2026,Round 1,1328,DR.S.C.GMC NANDED,D2 DEF2,70435,1
2026,Round 1,1328,DR.S.C.GMC NANDED,D3 DEF3 W,48502,1
2026,Round 1,1328,DR.S.C.GMC NANDED,EWS EWS,50021,9
2026,Round 1,1328,DR.S.C.GMC NANDED,EWS EWS(W),46813,4
2026,Round 1,1328,DR.S.C.GMC NANDED,EWS OPEN,21338,2
2026,Round 1,1328,DR.S.C.GMC NANDED,EWS OPEN (W),13252,2
2026,Round 1,1328,DR.S.C.GMC NANDED,HA HOPENW,32442,1
2026,Round 1,1328,DR.S.C.GMC NANDED,MKB MKB,50051,1
2026,Round 1,1328,DR.S.C.GMC NANDED,NTB HA HNTB,98134,1
2026,Round 1,1328,DR.S.C.GMC NANDED,NTB NTB,74687,1
2026,Round 1,1328,DR.S.C.GMC NANDED,NTB NTB(W),78567,1
2026,Round 1,1328,DR.S.C.GMC NANDED,NTC NTC,44493,3
2026,Round 1,1328,DR.S.C.GMC NANDED,NTC NTC(W),31817,1
2026,Round 1,1328,DR.S.C.GMC NANDED,NTD HA NTD(W),34770,1
2026,Round 1,1328,DR.S.C.GMC NANDED,NTD NTD,29138,2
2026,Round 1,1328,DR.S.C.GMC NANDED,OBC D1 DEF1,60726,1
2026,Round 1,1328,DR.S.C.GMC NANDED,OBC D1 DEF1 W,55364,1
2026,Round 1,1328,DR.S.C.GMC NANDED,OBC EMOBC (EMR),24609,1
2026,Round 1,1328,DR.S.C.GMC NANDED,OBC OBC,31471,13
2026,Round 1,1328,DR.S.C.GMC NANDED,OBC OBC(W),32042,7
2026,Round 1,1328,DR.S.C.GMC NANDED,OBC OPEN (EMD),21615,1
2026,Round 1,1328,DR.S.C.GMC NANDED,OBC ORP-C ORPHANC-OB Orphan-C OBC,735049,1
2026,Round 1,1328,DR.S.C.GMC NANDED,OBC PWD PWD-OBC PH,684254,1
2026,Round 1,1328,DR.S.C.GMC NANDED,OPEN,23800,17
2026,Round 1,1328,DR.S.C.GMC NANDED,OPEN (W),23155,7
2026,Round 1,1328,DR.S.C.GMC NANDED,PWD PWD-OPEN PH,479397,1
2026,Round 1,1328,DR.S.C.GMC NANDED,SC PWD PEM SC PH (EMR),1014371,1
2026,Round 1,1328,DR.S.C.GMC NANDED,SC PWD PWD-OPEN (EMD),377092,1
2026,Round 1,1328,DR.S.C.GMC NANDED,SC SC,101751,11
2026,Round 1,1328,DR.S.C.GMC NANDED,SC SC (W),96241,5
2026,Round 1,1328,DR.S.C.GMC NANDED,SEBC SEBC,28183,6
2026,Round 1,1328,DR.S.C.GMC NANDED,SEBC SEBC(W),28852,4
2026,Round 1,1328,DR.S.C.GMC NANDED,SEBCD1 DEF1,49444,1
2026,Round 1,1328,DR.S.C.GMC NANDED,SEBCHA HSEBC,30305,1
2026,Round 1,1328,DR.S.C.GMC NANDED,SEBCPWD PWD-SEBC PH,504499,1
2026,Round 1,1328,DR.S.C.GMC NANDED,SOBC OBC,31422,1
2026,Round 1,1328,DR.S.C.GMC NANDED,ST HA HST,234734,1
2026,Round 1,1328,DR.S.C.GMC NANDED,ST HA ST,237452,1
2026,Round 1,1328,DR.S.C.GMC NANDED,ST ST,245847,5
2026,Round 1,1328,DR.S.C.GMC NANDED,ST ST (W),224229,2
2026,Round 1,1328,DR.S.C.GMC NANDED,VJA PWD PWD-VJA PH,971530,1
2026,Round 1,1328,DR.S.C.GMC NANDED,VJA VJA,42760,1
2026,Round 1,1328,DR.S.C.GMC NANDED,VJA VJA (W),60393,1
2026,Round 1,1329,SRTR MC AMBAJOGAI,D1 DEF1,62879,1
2026,Round 1,1329,SRTR MC AMBAJOGAI,D3 DEF3,55538,1
2026,Round 1,1329,SRTR MC AMBAJOGAI,EWS EWS,57858,7
2026,Round 1,1329,SRTR MC AMBAJOGAI,EWS EWS(W),55986,4
2026,Round 1,1329,SRTR MC AMBAJOGAI,EWS PWD PWD-EWS PH,896173,1
2026,Round 1,1329,SRTR MC AMBAJOGAI,NTB NTB,81920,2
2026,Round 1,1329,SRTR MC AMBAJOGAI,NTB NTB(W),79567,1
2026,Round 1,1329,SRTR MC AMBAJOGAI,NTC NTC,41939,2
2026,Round 1,1329,SRTR MC AMBAJOGAI,NTC NTC(W),47448,1
2026,Round 1,1329,SRTR MC AMBAJOGAI,NTC PWD PWD-NTC PH,897024,1
2026,Round 1,1329,SRTR MC AMBAJOGAI,NTD D2 DEF2 W,79657,1
2026,Round 1,1329,SRTR MC AMBAJOGAI,NTD EMNTD (EMR),33046,1
2026,Round 1,1329,SRTR MC AMBAJOGAI,NTD HA HEM NTD (EMR),34635,1
2026,Round 1,1329,SRTR MC AMBAJOGAI,NTD HA HOPEN (EMD),29183,1
2026,Round 1,1329,SRTR MC AMBAJOGAI,NTD NTD(W),35479,1
2026,Round 1,1329,SRTR MC AMBAJOGAI,NTD OPEN,29960,1
2026,Round 1,1329,SRTR MC AMBAJOGAI,NTD OPEN (EMD),28605,1
2026,Round 1,1329,SRTR MC AMBAJOGAI,NTD PWD PWD-OPEN PH,453185,1
2026,Round 1,1329,SRTR MC AMBAJOGAI,OBC D1 DEF1 W,56229,1
2026,Round 1,1329,SRTR MC AMBAJOGAI,OBC EMOBCW (EMR),33774,1
2026,Round 1,1329,SRTR MC AMBAJOGAI,OBC HA HOBC W,35759,1
2026,Round 1,1329,SRTR MC AMBAJOGAI,OBC OBC,35768,16
2026,Round 1,1329,SRTR MC AMBAJOGAI,OBC OBC(W),35548,5
2026,Round 1,1329,SRTR MC AMBAJOGAI,OBC OPEN (W) (EMD),26794,1
2026,Round 1,1329,SRTR MC AMBAJOGAI,OBC PWD PWD-OBC PH,693735,1
2026,Round 1,1329,SRTR MC AMBAJOGAI,OPEN,29358,14
2026,Round 1,1329,SRTR MC AMBAJOGAI,OPEN (W),30111,5
2026,Round 1,1329,SRTR MC AMBAJOGAI,PWD PWD-OPEN PH,299970,1
2026,Round 1,1329,SRTR MC AMBAJOGAI,SC PWD PWD-SC PH,1013305,1
2026,Round 1,1329,SRTR MC AMBAJOGAI,SC SC,117981,10
2026,Round 1,1329,SRTR MC AMBAJOGAI,SC SC (W),119426,5
2026,Round 1,1329,SRTR MC AMBAJOGAI,SEBC EMSEBC (EMR),31479,5
2026,Round 1,1329,SRTR MC AMBAJOGAI,SEBC EMSEBCW (EMR),31895,3
2026,Round 1,1329,SRTR MC AMBAJOGAI,SEBC OPEN (EMD),30227,5
2026,Round 1,1329,SRTR MC AMBAJOGAI,SEBC OPEN (W) (EMD),30271,3
2026,Round 1,1329,SRTR MC AMBAJOGAI,SEBC SEBC,31907,3
2026,Round 1,1329,SRTR MC AMBAJOGAI,SEBC SEBC(W),32481,1
2026,Round 1,1329,SRTR MC AMBAJOGAI,SEBCD1 DEF1,56523,1
2026,Round 1,1329,SRTR MC AMBAJOGAI,SEBCPWD HA PWD-SEBC PH,1191441,1
2026,Round 1,1329,SRTR MC AMBAJOGAI,ST HA ST,265280,2
2026,Round 1,1329,SRTR MC AMBAJOGAI,ST ST,271801,4
2026,Round 1,1329,SRTR MC AMBAJOGAI,ST ST (W),259813,3
2026,Round 1,1329,SRTR MC AMBAJOGAI,VJA VJA,54599,3
2026,Round 1,1329,SRTR MC AMBAJOGAI,VJA VJA (W),66422,1
2026,Round 1,1330,MIMSR MC LATUR,EWS I.Q.,443761,1
2026,Round 1,1330,MIMSR MC LATUR,I.Q.,548267,10
2026,Round 1,1330,MIMSR MC LATUR,NTB NTB,83388,1
2026,Round 1,1330,MIMSR MC LATUR,NTB NTB(W),124647,1
2026,Round 1,1330,MIMSR MC LATUR,NTC NTC,66378,2
2026,Round 1,1330,MIMSR MC LATUR,NTC NTC(W),68567,1
2026,Round 1,1330,MIMSR MC LATUR,NTD EMNTD (EMR),65866,1
2026,Round 1,1330,MIMSR MC LATUR,NTD EMNTDW (EMR),67605,1
2026,Round 1,1330,MIMSR MC LATUR,NTD HA OPEN,63268,1
2026,Round 1,1330,MIMSR MC LATUR,NTD OPEN,64662,8
2026,Round 1,1330,MIMSR MC LATUR,NTD OPEN (EMD),50993,1
2026,Round 1,1330,MIMSR MC LATUR,NTD OPEN (W),60713,2
2026,Round 1,1330,MIMSR MC LATUR,NTD OPEN (W) (EMD),44144,1
2026,Round 1,1330,MIMSR MC LATUR,OBC EMOBC (EMR),67969,9
2026,Round 1,1330,MIMSR MC LATUR,OBC EMOBCW (EMR),65676,4
2026,Round 1,1330,MIMSR MC LATUR,OBC HA EMOBC (EMR),65208,1
2026,Round 1,1330,MIMSR MC LATUR,OBC HA OPEN (EMD),61595,1
2026,Round 1,1330,MIMSR MC LATUR,OBC I.Q.,563153,9
2026,Round 1,1330,MIMSR MC LATUR,OBC OPEN,64371,7
2026,Round 1,1330,MIMSR MC LATUR,OBC OPEN (EMD),61003,7
2026,Round 1,1330,MIMSR MC LATUR,OBC OPEN (W),63333,4
2026,Round 1,1330,MIMSR MC LATUR,OBC OPEN (W) (EMD),55445,3
2026,Round 1,1330,MIMSR MC LATUR,OPEN,64785,7
2026,Round 1,1330,MIMSR MC LATUR,OPEN (W),63135,6
2026,Round 1,1330,MIMSR MC LATUR,SC I.Q.,526661,1
2026,Round 1,1330,MIMSR MC LATUR,SC SC,150693,7
2026,Round 1,1330,MIMSR MC LATUR,SC SC (W),144797,3
2026,Round 1,1330,MIMSR MC LATUR,SEBC EMSEBC (EMR),67856,8
2026,Round 1,1330,MIMSR MC LATUR,SEBC EMSEBCW (EMR),68893,4
2026,Round 1,1330,MIMSR MC LATUR,SEBC I.Q.,315399,1
2026,Round 1,1330,MIMSR MC LATUR,SEBC OPEN,64501,10
2026,Round 1,1330,MIMSR MC LATUR,SEBC OPEN (EMD),63309,9
2026,Round 1,1330,MIMSR MC LATUR,SEBC OPEN (W),63483,2
2026,Round 1,1330,MIMSR MC LATUR,SEBC OPEN (W) (EMD),58969,4
2026,Round 1,1330,MIMSR MC LATUR,SEBCHA EMSEBC (EMR),65439,1
2026,Round 1,1330,MIMSR MC LATUR,SOBC HA OPEN (W) (EMD),56953,1
2026,Round 1,1330,MIMSR MC LATUR,SOBC OPEN,63738,1
2026,Round 1,1330,MIMSR MC LATUR,SOBC OPEN (EMD),60795,2
2026,Round 1,1330,MIMSR MC LATUR,ST ST,321138,3
2026,Round 1,1330,MIMSR MC LATUR,ST ST (W),318266,2
2026,Round 1,1330,MIMSR MC LATUR,VJA VJA,84692,2
2026,Round 1,1333,V.D. GMC LATUR,D2 DEF2,72550,1
2026,Round 1,1333,V.D. GMC LATUR,D3 DEF3 W,59958,1
2026,Round 1,1333,V.D. GMC LATUR,EWS D1 DEF1 W,51789,1
2026,Round 1,1333,V.D. GMC LATUR,EWS EWS,54238,8
2026,Round 1,1333,V.D. GMC LATUR,EWS EWS(W),52303,4
2026,Round 1,1333,V.D. GMC LATUR,EWS PWD PWD-EWS PH,944969,1
2026,Round 1,1333,V.D. GMC LATUR,NTB NTB,72789,1
2026,Round 1,1333,V.D. GMC LATUR,NTB NTB(W),82450,1
2026,Round 1,1333,V.D. GMC LATUR,NTB PWD PWD-NTB PH,852548,1
2026,Round 1,1333,V.D. GMC LATUR,NTC NTC,40836,4
2026,Round 1,1333,V.D. GMC LATUR,NTC NTC(W),33623,1
2026,Round 1,1333,V.D. GMC LATUR,NTD EMNTD (EMR),27581,1
2026,Round 1,1333,V.D. GMC LATUR,NTD NTD(W),31809,1
2026,Round 1,1333,V.D. GMC LATUR,NTD OPEN (EMD),24445,1
2026,Round 1,1333,V.D. GMC LATUR,NTD PWD PWD-NTD PH,843097,1
2026,Round 1,1333,V.D. GMC LATUR,OBC D1 DEF1,68439,2
2026,Round 1,1333,V.D. GMC LATUR,OBC EMOBC (EMR),30861,1
2026,Round 1,1333,V.D. GMC LATUR,OBC HA HEM OBC (EMR),33989,1
2026,Round 1,1333,V.D. GMC LATUR,OBC HA HOPEN (EMD),33644,1
2026,Round 1,1333,V.D. GMC LATUR,OBC OBC,33449,14
2026,Round 1,1333,V.D. GMC LATUR,OBC OBC(W),32110,6
2026,Round 1,1333,V.D. GMC LATUR,OBC OPEN (EMD),22254,1
2026,Round 1,1333,V.D. GMC LATUR,OBC PWD PWD-OBC PH,671307,1
2026,Round 1,1333,V.D. GMC LATUR,OPEN,25252,17
2026,Round 1,1333,V.D. GMC LATUR,OPEN (W),24496,9
2026,Round 1,1333,V.D. GMC LATUR,SC D1 SC,105251,1
2026,Round 1,1333,V.D. GMC LATUR,SC PWD PEM SC PH (EMR),737496,1
2026,Round 1,1333,V.D. GMC LATUR,SC PWD PWD-OPEN (EMD),88048,1
2026,Round 1,1333,V.D. GMC LATUR,SC PWD PWD-OPEN PH,253692,1
2026,Round 1,1333,V.D. GMC LATUR,SC SC,110632,10
2026,Round 1,1333,V.D. GMC LATUR,SC SC (W),107226,5
2026,Round 1,1333,V.D. GMC LATUR,SEBC EMSEBC (EMR),27802,1
2026,Round 1,1333,V.D. GMC LATUR,SEBC OPEN (EMD),21060,1
2026,Round 1,1333,V.D. GMC LATUR,SEBC SEBC,29541,7
2026,Round 1,1333,V.D. GMC LATUR,SEBC SEBC(W),30080,4
2026,Round 1,1333,V.D. GMC LATUR,SOBC OBC(W),30634,1
2026,Round 1,1333,V.D. GMC LATUR,ST HA HSTW,284243,1
2026,Round 1,1333,V.D. GMC LATUR,ST HA ST,251801,1
2026,Round 1,1333,V.D. GMC LATUR,ST ST,257292,5
2026,Round 1,1333,V.D. GMC LATUR,ST ST (W),236841,2
2026,Round 1,1333,V.D. GMC LATUR,VJA HA VJA,51440,1
2026,Round 1,1333,V.D. GMC LATUR,VJA VJA,48094,1
2026,Round 1,1333,V.D. GMC LATUR,VJA VJA (W),45297,1
2026,Round 1,1345,IIMSR JALNA,EWS I.Q. MINO,340365,4
2026,Round 1,1345,IIMSR JALNA,EWS OPEN (W) MINO,78003,9
2026,Round 1,1345,IIMSR JALNA,EWS OPEN MINO,87155,22
2026,Round 1,1345,IIMSR JALNA,HA OPEN (W) MINO,69869,1
2026,Round 1,1345,IIMSR JALNA,I.Q. MINO,360036,14
2026,Round 1,1345,IIMSR JALNA,OBC HA OPEN MINO,86197,3
2026,Round 1,1345,IIMSR JALNA,OBC I.Q. MINO,297754,4
2026,Round 1,1345,IIMSR JALNA,OBC OPEN (W) MINO,78577,9
2026,Round 1,1345,IIMSR JALNA,OBC OPEN MINO,86554,19
2026,Round 1,1345,IIMSR JALNA,OPEN (W) MINO,74849,19
2026,Round 1,1345,IIMSR JALNA,OPEN MINO,86763,46
2026,Round 1,1358,GMC DHARASHIV,D1 DEF1 W,92789,1
2026,Round 1,1358,GMC DHARASHIV,D2 DEF2,90701,1
2026,Round 1,1358,GMC DHARASHIV,D3 DEF3,62877,1
2026,Round 1,1358,GMC DHARASHIV,EWS EWS,64741,4
2026,Round 1,1358,GMC DHARASHIV,EWS EWS(W),62978,2
2026,Round 1,1358,GMC DHARASHIV,HA HOPEN,38548,1
2026,Round 1,1358,GMC DHARASHIV,NTB NTB,101371,2
2026,Round 1,1358,GMC DHARASHIV,NTB NTB(W),99209,1
2026,Round 1,1358,GMC DHARASHIV,NTC HA NTC(W),45779,1
2026,Round 1,1358,GMC DHARASHIV,NTC NTC,50601,2
2026,Round 1,1358,GMC DHARASHIV,NTD D1 DEF1,80417,1
2026,Round 1,1358,GMC DHARASHIV,NTD NTD,39995,1
2026,Round 1,1358,GMC DHARASHIV,OBC D1 DEF1,89535,1
2026,Round 1,1358,GMC DHARASHIV,OBC EMOBC (EMR),37671,2
2026,Round 1,1358,GMC DHARASHIV,OBC EMOBCW (EMR),39914,1
2026,Round 1,1358,GMC DHARASHIV,OBC HA HOBC,46422,1
2026,Round 1,1358,GMC DHARASHIV,OBC OBC,43007,7
2026,Round 1,1358,GMC DHARASHIV,OBC OBC(W),42057,3
2026,Round 1,1358,GMC DHARASHIV,OBC OPEN (EMD),36707,2
2026,Round 1,1358,GMC DHARASHIV,OBC OPEN (W) (EMD),36068,1
2026,Round 1,1358,GMC DHARASHIV,OBC PWD PEM OBC PH (EMR),815372,1
2026,Round 1,1358,GMC DHARASHIV,OBC PWD PWD-OPEN (EMD),755642,1
2026,Round 1,1358,GMC DHARASHIV,OPEN,36927,9
2026,Round 1,1358,GMC DHARASHIV,OPEN (W),36728,6
2026,Round 1,1358,GMC DHARASHIV,SC HA HSCW,168308,1
2026,Round 1,1358,GMC DHARASHIV,SC SC,129911,7
2026,Round 1,1358,GMC DHARASHIV,SC SC (W),120308,2
2026,Round 1,1358,GMC DHARASHIV,SEBC EMSEBC (EMR),39859,1
2026,Round 1,1358,GMC DHARASHIV,SEBC OPEN (EMD),33694,1
2026,Round 1,1358,GMC DHARASHIV,SEBC SEBC,42343,4
2026,Round 1,1358,GMC DHARASHIV,SEBC SEBC(W),38225,3
2026,Round 1,1358,GMC DHARASHIV,SOBC OBC(W),40201,1
2026,Round 1,1358,GMC DHARASHIV,ST HA ST,292766,1
2026,Round 1,1358,GMC DHARASHIV,ST ST,294704,3
2026,Round 1,1358,GMC DHARASHIV,ST ST (W),292929,2
2026,Round 1,1358,GMC DHARASHIV,VJA VJA,70355,2
2026,Round 1,1358,GMC DHARASHIV,VJA VJA (W),88377,1
2026,Round 1,1360,GMC PARBHANI,D2 DEF2 W,104050,1
2026,Round 1,1360,GMC PARBHANI,D3 DEF3,56937,1
2026,Round 1,1360,GMC PARBHANI,EWS EWS,67364,5
2026,Round 1,1360,GMC PARBHANI,EWS EWS(W),57896,2
2026,Round 1,1360,GMC PARBHANI,HA HOPEN,40298,1
2026,Round 1,1360,GMC PARBHANI,NTB NTB,103805,1
2026,Round 1,1360,GMC PARBHANI,NTB NTB(W),121322,1
2026,Round 1,1360,GMC PARBHANI,NTC HA NTC,51772,1
2026,Round 1,1360,GMC PARBHANI,NTC NTC,52933,1
2026,Round 1,1360,GMC PARBHANI,NTC NTC(W),58897,1
2026,Round 1,1360,GMC PARBHANI,NTD NTD(W),41906,1
2026,Round 1,1360,GMC PARBHANI,OBC D1 DEF1,98182,2
2026,Round 1,1360,GMC PARBHANI,OBC EMOBC (EMR),46470,3
2026,Round 1,1360,GMC PARBHANI,OBC HA HOBC,49341,1
2026,Round 1,1360,GMC PARBHANI,OBC OBC,48664,6
2026,Round 1,1360,GMC PARBHANI,OBC OBC(W),48182,5
2026,Round 1,1360,GMC PARBHANI,OBC OPEN (EMD),40630,3
2026,Round 1,1360,GMC PARBHANI,OBC PWD PWD-OPEN (EMD),256822,1
2026,Round 1,1360,GMC PARBHANI,OPEN,40393,9
2026,Round 1,1360,GMC PARBHANI,OPEN (W),39036,6
2026,Round 1,1360,GMC PARBHANI,SC PWD PWD-SC PH,1110485,1
2026,Round 1,1360,GMC PARBHANI,SC SC,135405,7
2026,Round 1,1360,GMC PARBHANI,SC SC (W),134486,3
2026,Round 1,1360,GMC PARBHANI,SEBC SEBC,47668,6
2026,Round 1,1360,GMC PARBHANI,SEBC SEBC(W),45959,3
2026,Round 1,1360,GMC PARBHANI,SEBCD1 DEF1,96536,1
2026,Round 1,1360,GMC PARBHANI,SOBC PWD PEM OBC PH (EMR),1034564,1
2026,Round 1,1360,GMC PARBHANI,ST HA ST,303716,1
2026,Round 1,1360,GMC PARBHANI,ST ST,304714,3
2026,Round 1,1360,GMC PARBHANI,ST ST (W),303455,2
2026,Round 1,1360,GMC PARBHANI,VJA VJA,72013,2
2026,Round 1,1360,GMC PARBHANI,VJA VJA (W),73416,1
2026,Round 1,1362,PMC PARBHANI,EWS OPEN,82111,4
2026,Round 1,1362,PMC PARBHANI,EWS OPEN (W),62498,1
2026,Round 1,1362,PMC PARBHANI,I.Q.,204835,16
2026,Round 1,1362,PMC PARBHANI,NTB NTB,132496,1
2026,Round 1,1362,PMC PARBHANI,NTB NTB(W),132300,1
2026,Round 1,1362,PMC PARBHANI,NTC EMNTC (EMR),85253,2
2026,Round 1,1362,PMC PARBHANI,NTC NTC(W),84777,1
2026,Round 1,1362,PMC PARBHANI,NTC OPEN (EMD),82034,2
2026,Round 1,1362,PMC PARBHANI,NTC OPEN (W),80278,1
2026,Round 1,1362,PMC PARBHANI,NTD EMNTD (EMR),84873,1
2026,Round 1,1362,PMC PARBHANI,NTD EMNTDW (EMR),85673,1
2026,Round 1,1362,PMC PARBHANI,NTD HA OPEN (W),79304,1
2026,Round 1,1362,PMC PARBHANI,NTD OPEN,82120,4
2026,Round 1,1362,PMC PARBHANI,NTD OPEN (EMD),78030,1
2026,Round 1,1362,PMC PARBHANI,NTD OPEN (W),78282,1
2026,Round 1,1362,PMC PARBHANI,NTD OPEN (W) (EMD),76060,1
2026,Round 1,1362,PMC PARBHANI,OBC EMOBC (EMR),85475,9
2026,Round 1,1362,PMC PARBHANI,OBC EMOBCW (EMR),85571,5
2026,Round 1,1362,PMC PARBHANI,OBC HA OPEN (EMD),78203,1
2026,Round 1,1362,PMC PARBHANI,OBC I.Q.,277611,4
2026,Round 1,1362,PMC PARBHANI,OBC OPEN,82037,12
2026,Round 1,1362,PMC PARBHANI,OBC OPEN (EMD),78347,7
2026,Round 1,1362,PMC PARBHANI,OBC OPEN (W),80845,6
2026,Round 1,1362,PMC PARBHANI,OBC OPEN (W) (EMD),78506,5
2026,Round 1,1362,PMC PARBHANI,OPEN,82056,10
2026,Round 1,1362,PMC PARBHANI,OPEN (W),79965,4
2026,Round 1,1362,PMC PARBHANI,SC D1 SC (W),153455,1
2026,Round 1,1362,PMC PARBHANI,SC SC,164383,7
2026,Round 1,1362,PMC PARBHANI,SC SC (W),160312,2
2026,Round 1,1362,PMC PARBHANI,SEBC EMSEBC (EMR),85620,8
2026,Round 1,1362,PMC PARBHANI,SEBC EMSEBCW (EMR),83154,2
2026,Round 1,1362,PMC PARBHANI,SEBC OPEN,82128,5
2026,Round 1,1362,PMC PARBHANI,SEBC OPEN (EMD),80859,8
2026,Round 1,1362,PMC PARBHANI,SEBC OPEN (W) (EMD),80581,2
2026,Round 1,1362,PMC PARBHANI,SEBC SEBC(W),85128,2
2026,Round 1,1362,PMC PARBHANI,SOBC I.Q.,230704,1
2026,Round 1,1362,PMC PARBHANI,SOBC OPEN (EMD),77835,1
2026,Round 1,1362,PMC PARBHANI,SOBC OPEN (W),78937,1
2026,Round 1,1362,PMC PARBHANI,ST ST,343701,4
2026,Round 1,1362,PMC PARBHANI,ST ST (W),338279,1
2026,Round 1,1362,PMC PARBHANI,VJA I.Q.,282515,1
2026,Round 1,1362,PMC PARBHANI,VJA VJA,100536,2
2026,Round 1,1365,RAMCHANDRA INST MC CH.SAMBHAJINAGAR,EWS I.Q.,169258,1
2026,Round 1,1365,RAMCHANDRA INST MC CH.SAMBHAJINAGAR,I.Q.,251396,14
2026,Round 1,1365,RAMCHANDRA INST MC CH.SAMBHAJINAGAR,NTB NTB,108322,2
2026,Round 1,1365,RAMCHANDRA INST MC CH.SAMBHAJINAGAR,NTC EMNTCW (EMR),66144,1
2026,Round 1,1365,RAMCHANDRA INST MC CH.SAMBHAJINAGAR,NTC NTC,66429,2
2026,Round 1,1365,RAMCHANDRA INST MC CH.SAMBHAJINAGAR,NTC OPEN (W) (EMD),53907,1
2026,Round 1,1365,RAMCHANDRA INST MC CH.SAMBHAJINAGAR,NTD EMNTD (EMR),62287,1
2026,Round 1,1365,RAMCHANDRA INST MC CH.SAMBHAJINAGAR,NTD OPEN,56401,3
2026,Round 1,1365,RAMCHANDRA INST MC CH.SAMBHAJINAGAR,NTD OPEN (EMD),49678,1
2026,Round 1,1365,RAMCHANDRA INST MC CH.SAMBHAJINAGAR,NTD OPEN (W),53606,1
2026,Round 1,1365,RAMCHANDRA INST MC CH.SAMBHAJINAGAR,OBC EMOBC (EMR),61371,9
2026,Round 1,1365,RAMCHANDRA INST MC CH.SAMBHAJINAGAR,OBC EMOBCW (EMR),60737,5
2026,Round 1,1365,RAMCHANDRA INST MC CH.SAMBHAJINAGAR,OBC HA OPEN (EMD),54562,1
2026,Round 1,1365,RAMCHANDRA INST MC CH.SAMBHAJINAGAR,OBC I.Q.,229873,6
2026,Round 1,1365,RAMCHANDRA INST MC CH.SAMBHAJINAGAR,OBC OPEN,57909,9
2026,Round 1,1365,RAMCHANDRA INST MC CH.SAMBHAJINAGAR,OBC OPEN (EMD),55099,7
2026,Round 1,1365,RAMCHANDRA INST MC CH.SAMBHAJINAGAR,OBC OPEN (W),55491,4
2026,Round 1,1365,RAMCHANDRA INST MC CH.SAMBHAJINAGAR,OBC OPEN (W) (EMD),53882,5
2026,Round 1,1365,RAMCHANDRA INST MC CH.SAMBHAJINAGAR,OPEN,57890,14
2026,Round 1,1365,RAMCHANDRA INST MC CH.SAMBHAJINAGAR,OPEN (W),55016,8
2026,Round 1,1365,RAMCHANDRA INST MC CH.SAMBHAJINAGAR,SC SC,148627,7
2026,Round 1,1365,RAMCHANDRA INST MC CH.SAMBHAJINAGAR,SC SC (W),147177,3
2026,Round 1,1365,RAMCHANDRA INST MC CH.SAMBHAJINAGAR,SEBC EMSEBC (EMR),61209,9
2026,Round 1,1365,RAMCHANDRA INST MC CH.SAMBHAJINAGAR,SEBC EMSEBCW (EMR),65476,4
2026,Round 1,1365,RAMCHANDRA INST MC CH.SAMBHAJINAGAR,SEBC I.Q.,226858,1
2026,Round 1,1365,RAMCHANDRA INST MC CH.SAMBHAJINAGAR,SEBC OPEN,58082,9
2026,Round 1,1365,RAMCHANDRA INST MC CH.SAMBHAJINAGAR,SEBC OPEN (EMD),55670,8
2026,Round 1,1365,RAMCHANDRA INST MC CH.SAMBHAJINAGAR,SEBC OPEN (W) (EMD),52697,4
2026,Round 1,1365,RAMCHANDRA INST MC CH.SAMBHAJINAGAR,SEBCHA OPEN (EMD),53258,1
2026,Round 1,1365,RAMCHANDRA INST MC CH.SAMBHAJINAGAR,SOBC OPEN (EMD),51707,1
2026,Round 1,1365,RAMCHANDRA INST MC CH.SAMBHAJINAGAR,ST ST,332253,4
2026,Round 1,1365,RAMCHANDRA INST MC CH.SAMBHAJINAGAR,ST ST (W),329603,2
2026,Round 1,1365,RAMCHANDRA INST MC CH.SAMBHAJINAGAR,VJA VJA,83673,1
2026,Round 1,1365,RAMCHANDRA INST MC CH.SAMBHAJINAGAR,VJA VJA (W),67333,1
2026,Round 1,1371,GMC HINGOLI,D3 DEF3,76612,1
2026,Round 1,1371,GMC HINGOLI,EWS EWS,72026,4
2026,Round 1,1371,GMC HINGOLI,EWS EWS(W),71899,2
2026,Round 1,1371,GMC HINGOLI,EWS HA HEWS,82607,1
2026,Round 1,1371,GMC HINGOLI,EWS PWD PWD-OPEN PH,541263,1
2026,Round 1,1371,GMC HINGOLI,NTB NTB,44585,1
2026,Round 1,1371,GMC HINGOLI,NTB NTB(W),122399,1
2026,Round 1,1371,GMC HINGOLI,NTC D1 DEF1,106306,1
2026,Round 1,1371,GMC HINGOLI,NTC HA HNTC W,69718,1
2026,Round 1,1371,GMC HINGOLI,NTC NTC,57526,2
2026,Round 1,1371,GMC HINGOLI,NTD NTD,46547,1
2026,Round 1,1371,GMC HINGOLI,OBC D1 DEF1,102187,1
2026,Round 1,1371,GMC HINGOLI,OBC D2 DEF2,111652,1
2026,Round 1,1371,GMC HINGOLI,OBC HA OBC,51020,1
2026,Round 1,1371,GMC HINGOLI,OBC HA OBC(W),51344,1
2026,Round 1,1371,GMC HINGOLI,OBC OBC,51225,9
2026,Round 1,1371,GMC HINGOLI,OBC OBC(W),51447,4
2026,Round 1,1371,GMC HINGOLI,OBC PWD PWD-OBC PH,1094543,1
2026,Round 1,1371,GMC HINGOLI,OPEN,44504,11
2026,Round 1,1371,GMC HINGOLI,OPEN (W),44838,7
2026,Round 1,1371,GMC HINGOLI,SC SC,142874,7
2026,Round 1,1371,GMC HINGOLI,SC SC (W),141515,3
2026,Round 1,1371,GMC HINGOLI,SEBC SEBC,51102,5
2026,Round 1,1371,GMC HINGOLI,SEBC SEBC(W),50433,3
2026,Round 1,1371,GMC HINGOLI,SEBCD1 DEF1 W,102596,1
2026,Round 1,1371,GMC HINGOLI,SEBCHA HOPEN,47586,1
2026,Round 1,1371,GMC HINGOLI,SEBCHA SEBC,50768,1
2026,Round 1,1371,GMC HINGOLI,ST D1 ST,309593,1
2026,Round 1,1371,GMC HINGOLI,ST ST,311481,3
2026,Round 1,1371,GMC HINGOLI,ST ST (W),310195,2
2026,Round 1,1371,GMC HINGOLI,VJA VJA,79541,2
2026,Round 1,1371,GMC HINGOLI,VJA VJA (W),96236,1
2026,Round 1,1372,GMC JALNA,D1 DEF1,98889,1
2026,Round 1,1372,GMC JALNA,D2 DEF2,105226,1
2026,Round 1,1372,GMC JALNA,D3 DEF3,66205,1
2026,Round 1,1372,GMC JALNA,EWS EWS,63464,5
2026,Round 1,1372,GMC JALNA,EWS EWS(W),59106,3
2026,Round 1,1372,GMC JALNA,HA HOPEN,39517,1
2026,Round 1,1372,GMC JALNA,NTB NTB,98249,1
2026,Round 1,1372,GMC JALNA,NTB NTB(W),121966,1
2026,Round 1,1372,GMC JALNA,NTC D1 DEF1,100433,1
2026,Round 1,1372,GMC JALNA,NTC D1 DEF1 W,98878,1
2026,Round 1,1372,GMC JALNA,NTC NTC,57772,1
2026,Round 1,1372,GMC JALNA,NTC NTC(W),58142,1
2026,Round 1,1372,GMC JALNA,NTD NTD,43066,1
2026,Round 1,1372,GMC JALNA,NTD NTD(W),39329,1
2026,Round 1,1372,GMC JALNA,OBC HA HOBC,46176,1
2026,Round 1,1372,GMC JALNA,OBC OBC,46688,9
2026,Round 1,1372,GMC JALNA,OBC OBC(W),45891,5
2026,Round 1,1372,GMC JALNA,OBC PWD PWD-OBC PH,889415,1
2026,Round 1,1372,GMC JALNA,OPEN,37986,12
2026,Round 1,1372,GMC JALNA,OPEN (W),36832,6
2026,Round 1,1372,GMC JALNA,SC SC,137957,8
2026,Round 1,1372,GMC JALNA,SC SC (W),136080,3
2026,Round 1,1372,GMC JALNA,SEBC SEBC,46199,5
2026,Round 1,1372,GMC JALNA,SEBC SEBC(W),45594,2
2026,Round 1,1372,GMC JALNA,SEBCPWD PWD-OPEN (EMD),643526,1
2026,Round 1,1372,GMC JALNA,ST HA ST (W),298496,1
2026,Round 1,1372,GMC JALNA,ST ST,297204,4
2026,Round 1,1372,GMC JALNA,ST ST (W),298146,1
2026,Round 1,1372,GMC JALNA,VJA VJA,66203,2
2026,Round 1,1372,GMC JALNA,VJA VJA (W),66799,1
2026,Round 1,1373,GMC GADCHIROLI,D1 DEF1 W,109020,1
2026,Round 1,1373,GMC GADCHIROLI,D2 DEF2,116692,1
2026,Round 1,1373,GMC GADCHIROLI,D3 DEF3,79039,1
2026,Round 1,1373,GMC GADCHIROLI,EWS EWS,74455,6
2026,Round 1,1373,GMC GADCHIROLI,EWS EWS(W),74250,2
2026,Round 1,1373,GMC GADCHIROLI,NTB HA NTB(W),123330,1
2026,Round 1,1373,GMC GADCHIROLI,NTB NTB,105853,1
2026,Round 1,1373,GMC GADCHIROLI,NTC NTC,61430,2
2026,Round 1,1373,GMC GADCHIROLI,NTC NTC(W),63657,1
2026,Round 1,1373,GMC GADCHIROLI,NTD NTD,49390,1
2026,Round 1,1373,GMC GADCHIROLI,NTD NTD(W),50634,1
2026,Round 1,1373,GMC GADCHIROLI,OBC D1 DEF1,109209,1
2026,Round 1,1373,GMC GADCHIROLI,OBC HA HOPEN,50803,1
2026,Round 1,1373,GMC GADCHIROLI,OBC HA OBC,51912,1
2026,Round 1,1373,GMC GADCHIROLI,OBC OBC,52299,9
2026,Round 1,1373,GMC GADCHIROLI,OBC OBC(W),52023,5
2026,Round 1,1373,GMC GADCHIROLI,OBC PWD PEM OBC PH (EMR),1111044,1
2026,Round 1,1373,GMC GADCHIROLI,OBC PWD PWD-OPEN (EMD),773538,1
2026,Round 1,1373,GMC GADCHIROLI,OPEN,47413,12
2026,Round 1,1373,GMC GADCHIROLI,OPEN (W),46354,7
2026,Round 1,1373,GMC GADCHIROLI,SC ORP-C ORPHANC-SC Orphan-C SC,536027,1
2026,Round 1,1373,GMC GADCHIROLI,SC PWD PWD-SC PH,1151916,1
2026,Round 1,1373,GMC GADCHIROLI,SC SC,143965,6
2026,Round 1,1373,GMC GADCHIROLI,SC SC (W),143523,3
2026,Round 1,1373,GMC GADCHIROLI,SEBC SEBC,52002,4
2026,Round 1,1373,GMC GADCHIROLI,SEBC SEBC(W),56470,2
2026,Round 1,1373,GMC GADCHIROLI,SEBCD1HA DEF1,107960,1
2026,Round 1,1373,GMC GADCHIROLI,SEBCHA SEBC,52137,1
2026,Round 1,1373,GMC GADCHIROLI,SOBC OBC,51599,1
2026,Round 1,1373,GMC GADCHIROLI,ST HA HST,313025,1
2026,Round 1,1373,GMC GADCHIROLI,ST ST,313452,3
2026,Round 1,1373,GMC GADCHIROLI,ST ST (W),311553,2
2026,Round 1,1373,GMC GADCHIROLI,VJA VJA,82570,1
2026,Round 1,1373,GMC GADCHIROLI,VJA VJA (W),97530,1
2026,Round 1,1377,BSP MC & HOSP CH.SAMBHAJINAGAR,EWS OPEN,85052,6
2026,Round 1,1377,BSP MC & HOSP CH.SAMBHAJINAGAR,EWS OPEN (W),85019,6
2026,Round 1,1377,BSP MC & HOSP CH.SAMBHAJINAGAR,HA I.Q.,305678,1
2026,Round 1,1377,BSP MC & HOSP CH.SAMBHAJINAGAR,I.Q.,473421,8
2026,Round 1,1377,BSP MC & HOSP CH.SAMBHAJINAGAR,NTB I.Q.,378698,1
2026,Round 1,1377,BSP MC & HOSP CH.SAMBHAJINAGAR,NTB NTB,133469,1
2026,Round 1,1377,BSP MC & HOSP CH.SAMBHAJINAGAR,NTB NTB(W),132025,1
2026,Round 1,1377,BSP MC & HOSP CH.SAMBHAJINAGAR,NTC EMNTC (EMR),87617,2
2026,Round 1,1377,BSP MC & HOSP CH.SAMBHAJINAGAR,NTC EMNTCW (EMR),87436,1
2026,Round 1,1377,BSP MC & HOSP CH.SAMBHAJINAGAR,NTC HA OPEN (W) (EMD),83039,1
2026,Round 1,1377,BSP MC & HOSP CH.SAMBHAJINAGAR,NTC OPEN,86090,4
2026,Round 1,1377,BSP MC & HOSP CH.SAMBHAJINAGAR,NTC OPEN (EMD),85256,2
2026,Round 1,1377,BSP MC & HOSP CH.SAMBHAJINAGAR,NTD EMNTD (EMR),86215,1
2026,Round 1,1377,BSP MC & HOSP CH.SAMBHAJINAGAR,NTD I.Q.,370500,3
2026,Round 1,1377,BSP MC & HOSP CH.SAMBHAJINAGAR,NTD OPEN,86150,7
2026,Round 1,1377,BSP MC & HOSP CH.SAMBHAJINAGAR,NTD OPEN (EMD),71903,1
2026,Round 1,1377,BSP MC & HOSP CH.SAMBHAJINAGAR,OBC EMOBC (EMR),87488,9
2026,Round 1,1377,BSP MC & HOSP CH.SAMBHAJINAGAR,OBC EMOBCW (EMR),87315,4
2026,Round 1,1377,BSP MC & HOSP CH.SAMBHAJINAGAR,OBC I.Q.,467202,6
2026,Round 1,1377,BSP MC & HOSP CH.SAMBHAJINAGAR,OBC OPEN,86100,4
2026,Round 1,1377,BSP MC & HOSP CH.SAMBHAJINAGAR,OBC OPEN (EMD),85595,9
2026,Round 1,1377,BSP MC & HOSP CH.SAMBHAJINAGAR,OBC OPEN (W),85133,3
2026,Round 1,1377,BSP MC & HOSP CH.SAMBHAJINAGAR,OBC OPEN (W) (EMD),80730,4
2026,Round 1,1377,BSP MC & HOSP CH.SAMBHAJINAGAR,OPEN,85788,9
2026,Round 1,1377,BSP MC & HOSP CH.SAMBHAJINAGAR,OPEN (W),85515,6
2026,Round 1,1377,BSP MC & HOSP CH.SAMBHAJINAGAR,SC I.Q.,438822,3
2026,Round 1,1377,BSP MC & HOSP CH.SAMBHAJINAGAR,SC SC,165480,7
2026,Round 1,1377,BSP MC & HOSP CH.SAMBHAJINAGAR,SC SC (W),163119,3
2026,Round 1,1377,BSP MC & HOSP CH.SAMBHAJINAGAR,SEBC EMSEBC (EMR),88740,9
2026,Round 1,1377,BSP MC & HOSP CH.SAMBHAJINAGAR,SEBC EMSEBCW (EMR),88089,2
2026,Round 1,1377,BSP MC & HOSP CH.SAMBHAJINAGAR,SEBC I.Q.,468843,1
2026,Round 1,1377,BSP MC & HOSP CH.SAMBHAJINAGAR,SEBC OPEN,85702,1
2026,Round 1,1377,BSP MC & HOSP CH.SAMBHAJINAGAR,SEBC OPEN (EMD),85587,9
2026,Round 1,1377,BSP MC & HOSP CH.SAMBHAJINAGAR,SEBC OPEN (W) (EMD),80615,2
2026,Round 1,1377,BSP MC & HOSP CH.SAMBHAJINAGAR,SEBC SEBC(W),88476,2
2026,Round 1,1377,BSP MC & HOSP CH.SAMBHAJINAGAR,SOBC EMOBC (EMR),86489,1
2026,Round 1,1377,BSP MC & HOSP CH.SAMBHAJINAGAR,SOBC HA OPEN (W),82305,1
2026,Round 1,1377,BSP MC & HOSP CH.SAMBHAJINAGAR,SOBC OPEN,85940,1
2026,Round 1,1377,BSP MC & HOSP CH.SAMBHAJINAGAR,SOBC OPEN (EMD),83361,1
2026,Round 1,1377,BSP MC & HOSP CH.SAMBHAJINAGAR,ST ST,346461,4
2026,Round 1,1377,BSP MC & HOSP CH.SAMBHAJINAGAR,ST ST (W),340841,1
2026,Round 1,1377,BSP MC & HOSP CH.SAMBHAJINAGAR,VJA VJA,101080,1
2026,Round 1,1377,BSP MC & HOSP CH.SAMBHAJINAGAR,VJA VJA (W),101266,1
2026,Round 1,2101,GDC MUMBAI,D2 DEF2,130609,1
2026,Round 1,2101,GDC MUMBAI,D3 DEF3,88673,1
2026,Round 1,2101,GDC MUMBAI,EWS EWS,104722,7
2026,Round 1,2101,GDC MUMBAI,EWS EWS(W),112284,3
2026,Round 1,2101,GDC MUMBAI,EWS HA OPEN,84543,1
2026,Round 1,2101,GDC MUMBAI,EWS OPEN,72364,1
2026,Round 1,2101,GDC MUMBAI,EWS PWD PWD-OPEN PH,634424,1
2026,Round 1,2101,GDC MUMBAI,MKB MKB W,150380,1
2026,Round 1,2101,GDC MUMBAI,NTB NTB,148202,2
2026,Round 1,2101,GDC MUMBAI,NTB NTB(W),136736,1
2026,Round 1,2101,GDC MUMBAI,NTC NTC,98187,3
2026,Round 1,2101,GDC MUMBAI,NTC NTC(W),88290,1
2026,Round 1,2101,GDC MUMBAI,NTD D1 DEF1 W,126794,1
2026,Round 1,2101,GDC MUMBAI,NTD NTD,96686,1
2026,Round 1,2101,GDC MUMBAI,NTD NTD(W),114960,1
2026,Round 1,2101,GDC MUMBAI,OBC D1 DEF1,126596,1
2026,Round 1,2101,GDC MUMBAI,OBC OBC,105930,12
2026,Round 1,2101,GDC MUMBAI,OBC OBC(W),99729,6
2026,Round 1,2101,GDC MUMBAI,OPEN,84971,14
2026,Round 1,2101,GDC MUMBAI,OPEN (W),70145,7
2026,Round 1,2101,GDC MUMBAI,PWD PWD-OPEN PH,1070968,1
2026,Round 1,2101,GDC MUMBAI,SC D2 SC,177679,1
2026,Round 1,2101,GDC MUMBAI,SC SC,196943,9
2026,Round 1,2101,GDC MUMBAI,SC SC (W),175655,4
2026,Round 1,2101,GDC MUMBAI,SEBC SEBC,102576,6
2026,Round 1,2101,GDC MUMBAI,SEBC SEBC(W),97508,3
2026,Round 1,2101,GDC MUMBAI,SEBCD1 DEF1,127555,1
2026,Round 1,2101,GDC MUMBAI,SEBCHA SEBC,103774,1
2026,Round 1,2101,GDC MUMBAI,ST ST,367071,4
2026,Round 1,2101,GDC MUMBAI,ST ST (W),361203,2
2026,Round 1,2101,GDC MUMBAI,VJA VJA,122319,2
2026,Round 1,2101,GDC MUMBAI,VJA VJA (W),112309,1
2026,Round 1,2102,Nair DC MUMBAI,D2 DEF2,157516,1
2026,Round 1,2102,Nair DC MUMBAI,EWS D1 DEF1,136549,1
2026,Round 1,2102,Nair DC MUMBAI,EWS EWS,91325,3
2026,Round 1,2102,Nair DC MUMBAI,EWS EWS(W),93176,2
2026,Round 1,2102,Nair DC MUMBAI,NTB NTB,162201,1
2026,Round 1,2102,Nair DC MUMBAI,NTB NTB(W),153218,1
2026,Round 1,2102,Nair DC MUMBAI,NTC NTC,100770,1
2026,Round 1,2102,Nair DC MUMBAI,NTC NTC(W),101606,1
2026,Round 1,2102,Nair DC MUMBAI,NTD NTD,90992,1
2026,Round 1,2102,Nair DC MUMBAI,NTD PWD PWD-OPEN PH,376969,1
2026,Round 1,2102,Nair DC MUMBAI,OBC D1 DEF1 W,126936,1
2026,Round 1,2102,Nair DC MUMBAI,OBC EMOBCW (EMR),86140,1
2026,Round 1,2102,Nair DC MUMBAI,OBC OBC,107554,7
2026,Round 1,2102,Nair DC MUMBAI,OBC OBC(W),98236,3
2026,Round 1,2102,Nair DC MUMBAI,OBC OPEN (W) (EMD),53758,1
2026,Round 1,2102,Nair DC MUMBAI,OPEN,70406,10
2026,Round 1,2102,Nair DC MUMBAI,OPEN (W),58385,3
2026,Round 1,2102,Nair DC MUMBAI,SC HA SC,205826,1
2026,Round 1,2102,Nair DC MUMBAI,SC SC,202881,5
2026,Round 1,2102,Nair DC MUMBAI,SC SC (W),199636,3
2026,Round 1,2102,Nair DC MUMBAI,SEBC SEBC,104091,4
2026,Round 1,2102,Nair DC MUMBAI,SEBC SEBC(W),99744,2
2026,Round 1,2102,Nair DC MUMBAI,SEBCHA SEBC,105068,1
2026,Round 1,2102,Nair DC MUMBAI,ST ORP-C ORPHANC OrphanC,925504,1
2026,Round 1,2102,Nair DC MUMBAI,ST ST,383574,3
2026,Round 1,2102,Nair DC MUMBAI,ST ST (W),383030,1
2026,Round 1,2102,Nair DC MUMBAI,VJA VJA,133413,1
2026,Round 1,2102,Nair DC MUMBAI,VJA VJA (W),124125,1
2026,Round 1,2104,V Patil DC SANGLI,EWS OPEN,200299,3
2026,Round 1,2104,V Patil DC SANGLI,HA OPEN,201120,1
2026,Round 1,2104,V Patil DC SANGLI,I.Q.,852095,3
2026,Round 1,2104,V Patil DC SANGLI,NTC EMNTC (EMR),220688,1
2026,Round 1,2104,V Patil DC SANGLI,NTC I.Q.,822861,1
2026,Round 1,2104,V Patil DC SANGLI,NTC OPEN (EMD),208511,1
2026,Round 1,2104,V Patil DC SANGLI,NTD OPEN,209402,1
2026,Round 1,2104,V Patil DC SANGLI,OBC EMOBC (EMR),250525,3
2026,Round 1,2104,V Patil DC SANGLI,OBC EMOBCW (EMR),224173,1
2026,Round 1,2104,V Patil DC SANGLI,OBC HA OPEN (EMD),194030,1
2026,Round 1,2104,V Patil DC SANGLI,OBC OPEN,194993,1
2026,Round 1,2104,V Patil DC SANGLI,OBC OPEN (EMD),191588,2
2026,Round 1,2104,V Patil DC SANGLI,OBC OPEN (W),172942,2
2026,Round 1,2104,V Patil DC SANGLI,OBC OPEN (W) (EMD),132494,1
2026,Round 1,2104,V Patil DC SANGLI,OPEN,211793,4
2026,Round 1,2104,V Patil DC SANGLI,OPEN (W),175872,3
2026,Round 1,2104,V Patil DC SANGLI,SC SC,290865,2
2026,Round 1,2104,V Patil DC SANGLI,SC SC (W),265817,1
2026,Round 1,2104,V Patil DC SANGLI,SEBC EMSEBC (EMR),214426,1
2026,Round 1,2104,V Patil DC SANGLI,SEBC I.Q.,831842,2
2026,Round 1,2104,V Patil DC SANGLI,SEBC OPEN (EMD),205724,1
2026,Round 1,2104,V Patil DC SANGLI,SEBC SEBC,227067,1
2026,Round 1,2104,V Patil DC SANGLI,SEBC SEBC(W),223566,1
2026,Round 1,2104,V Patil DC SANGLI,ST ST (W),507963,1
2026,Round 1,2104,V Patil DC SANGLI,VJA VJA,256291,1
2026,Round 1,2105,MGVM DC NASIK,EWS OPEN,222522,7
2026,Round 1,2105,MGVM DC NASIK,EWS OPEN (W),181996,3
2026,Round 1,2105,MGVM DC NASIK,I.Q.,905870,9
2026,Round 1,2105,MGVM DC NASIK,NTB NTB,280008,1
2026,Round 1,2105,MGVM DC NASIK,NTB NTB(W),313129,1
2026,Round 1,2105,MGVM DC NASIK,NTC NTC,227554,1
2026,Round 1,2105,MGVM DC NASIK,NTC OPEN,222731,2
2026,Round 1,2105,MGVM DC NASIK,NTD EMNTD (EMR),233266,1
2026,Round 1,2105,MGVM DC NASIK,NTD I.Q.,490081,1
2026,Round 1,2105,MGVM DC NASIK,NTD OPEN,222942,1
2026,Round 1,2105,MGVM DC NASIK,NTD OPEN (EMD),185110,1
2026,Round 1,2105,MGVM DC NASIK,NTD OPEN (W),144115,1
2026,Round 1,2105,MGVM DC NASIK,OBC EMOBC (EMR),239353,4
2026,Round 1,2105,MGVM DC NASIK,OBC EMOBCW (EMR),229525,1
2026,Round 1,2105,MGVM DC NASIK,OBC HA EMOBC (EMR),237423,1
2026,Round 1,2105,MGVM DC NASIK,OBC HA EMOBCW (EMR),234736,2
2026,Round 1,2105,MGVM DC NASIK,OBC I.Q.,962522,4
2026,Round 1,2105,MGVM DC NASIK,OBC OPEN,212518,2
2026,Round 1,2105,MGVM DC NASIK,OBC OPEN (EMD),209745,6
2026,Round 1,2105,MGVM DC NASIK,OBC OPEN (W),181333,2
2026,Round 1,2105,MGVM DC NASIK,OBC OPEN (W) (EMD),165238,3
2026,Round 1,2105,MGVM DC NASIK,OPEN,218673,12
2026,Round 1,2105,MGVM DC NASIK,OPEN (W),181625,4
2026,Round 1,2105,MGVM DC NASIK,SC EMSC (EMR),263794,1
2026,Round 1,2105,MGVM DC NASIK,SC HA SC,293232,1
2026,Round 1,2105,MGVM DC NASIK,SC OPEN (EMD),195647,1
2026,Round 1,2105,MGVM DC NASIK,SC SC,304735,3
2026,Round 1,2105,MGVM DC NASIK,SC SC (W),293198,2
2026,Round 1,2105,MGVM DC NASIK,SEBC EMSEBC (EMR),255013,2
2026,Round 1,2105,MGVM DC NASIK,SEBC EMSEBCW (EMR),247290,2
2026,Round 1,2105,MGVM DC NASIK,SEBC OPEN (EMD),180840,2
2026,Round 1,2105,MGVM DC NASIK,SEBC OPEN (W) (EMD),165861,2
2026,Round 1,2105,MGVM DC NASIK,SEBC SEBC,272183,4
2026,Round 1,2105,MGVM DC NASIK,SEBC SEBC(W),254259,1
2026,Round 1,2105,MGVM DC NASIK,SOBC EMOBC (EMR),229174,1
2026,Round 1,2105,MGVM DC NASIK,ST I.Q.,895795,1
2026,Round 1,2105,MGVM DC NASIK,ST ST,586742,2
2026,Round 1,2105,MGVM DC NASIK,ST ST (W),510959,1
2026,Round 1,2105,MGVM DC NASIK,VJA EMVJA (EMR),236859,1
2026,Round 1,2105,MGVM DC NASIK,VJA OPEN,207555,1
2026,Round 1,2105,MGVM DC NASIK,VJA OPEN (EMD),220513,1
2026,Round 1,2105,MGVM DC NASIK,VJA VJA (W),330356,1
2026,Round 1,2115,YMT DC NEW MUMBAI,EWS HA OPEN (W),142156,1
2026,Round 1,2115,YMT DC NEW MUMBAI,EWS I.Q.,661485,1
2026,Round 1,2115,YMT DC NEW MUMBAI,EWS OPEN,162349,7
2026,Round 1,2115,YMT DC NEW MUMBAI,EWS OPEN (W),147558,3
2026,Round 1,2115,YMT DC NEW MUMBAI,I.Q.,835374,11
2026,Round 1,2115,YMT DC NEW MUMBAI,NTB NTB(W),294652,1
2026,Round 1,2115,YMT DC NEW MUMBAI,NTC EMNTC (EMR),192780,1
2026,Round 1,2115,YMT DC NEW MUMBAI,NTC HA OPEN,160502,1
2026,Round 1,2115,YMT DC NEW MUMBAI,NTC NTC(W),171635,1
2026,Round 1,2115,YMT DC NEW MUMBAI,NTC OPEN (EMD),158916,1
2026,Round 1,2115,YMT DC NEW MUMBAI,NTD EMNTD (EMR),180794,1
2026,Round 1,2115,YMT DC NEW MUMBAI,NTD OPEN (EMD),156121,1
2026,Round 1,2115,YMT DC NEW MUMBAI,NTD OPEN (W),127920,1
2026,Round 1,2115,YMT DC NEW MUMBAI,OBC EMOBC (EMR),176083,4
2026,Round 1,2115,YMT DC NEW MUMBAI,OBC EMOBCW (EMR),174250,2
2026,Round 1,2115,YMT DC NEW MUMBAI,OBC I.Q.,785799,2
2026,Round 1,2115,YMT DC NEW MUMBAI,OBC OBC,179891,3
2026,Round 1,2115,YMT DC NEW MUMBAI,OBC OBC(W),175164,1
2026,Round 1,2115,YMT DC NEW MUMBAI,OBC OPEN,139307,1
2026,Round 1,2115,YMT DC NEW MUMBAI,OBC OPEN (EMD),170398,4
2026,Round 1,2115,YMT DC NEW MUMBAI,OBC OPEN (W) (EMD),146105,2
2026,Round 1,2115,YMT DC NEW MUMBAI,OPEN,167187,18
2026,Round 1,2115,YMT DC NEW MUMBAI,OPEN (W),147413,7
2026,Round 1,2115,YMT DC NEW MUMBAI,SC I.Q.,834508,1
2026,Round 1,2115,YMT DC NEW MUMBAI,SC SC,260209,5
2026,Round 1,2115,YMT DC NEW MUMBAI,SC SC (W),246712,2
2026,Round 1,2115,YMT DC NEW MUMBAI,SEBC EMSEBC (EMR),217209,2
2026,Round 1,2115,YMT DC NEW MUMBAI,SEBC OPEN (EMD),162016,2
2026,Round 1,2115,YMT DC NEW MUMBAI,SEBC OPEN (W),139394,1
2026,Round 1,2115,YMT DC NEW MUMBAI,SEBC SEBC,223399,3
2026,Round 1,2115,YMT DC NEW MUMBAI,SEBC SEBC(W),210010,3
2026,Round 1,2115,YMT DC NEW MUMBAI,SEBCD1 SEBC,221748,1
2026,Round 1,2115,YMT DC NEW MUMBAI,ST ST,548584,2
2026,Round 1,2115,YMT DC NEW MUMBAI,ST ST (W),522395,1
2026,Round 1,2115,YMT DC NEW MUMBAI,VJA EMVJA (EMR),203718,1
2026,Round 1,2115,YMT DC NEW MUMBAI,VJA OPEN (EMD),162657,1
2026,Round 1,2116,"D Y PATIL DC LOHGAON, PUNE",EWS OPEN,211830,3
2026,Round 1,2116,"D Y PATIL DC LOHGAON, PUNE",EWS OPEN (W),183757,1
2026,Round 1,2116,"D Y PATIL DC LOHGAON, PUNE",I.Q.,795056,9
2026,Round 1,2116,"D Y PATIL DC LOHGAON, PUNE",NTB EMNTB (EMR),232485,1
2026,Round 1,2116,"D Y PATIL DC LOHGAON, PUNE",NTB OPEN (EMD),195457,1
2026,Round 1,2116,"D Y PATIL DC LOHGAON, PUNE",NTC D1 I.Q.,797780,1
2026,Round 1,2116,"D Y PATIL DC LOHGAON, PUNE",NTC EMNTC (EMR),226330,1
2026,Round 1,2116,"D Y PATIL DC LOHGAON, PUNE",NTC I.Q.,475756,1
2026,Round 1,2116,"D Y PATIL DC LOHGAON, PUNE",NTC NTC(W),222612,1
2026,Round 1,2116,"D Y PATIL DC LOHGAON, PUNE",NTC OPEN,214447,1
2026,Round 1,2116,"D Y PATIL DC LOHGAON, PUNE",NTC OPEN (EMD),207929,1
2026,Round 1,2116,"D Y PATIL DC LOHGAON, PUNE",NTD HA EMNTD (EMR),223245,1
2026,Round 1,2116,"D Y PATIL DC LOHGAON, PUNE",NTD OPEN (EMD),219324,1
2026,Round 1,2116,"D Y PATIL DC LOHGAON, PUNE",OBC EMOBC (EMR),231737,6
2026,Round 1,2116,"D Y PATIL DC LOHGAON, PUNE",OBC EMOBCW (EMR),227972,3
2026,Round 1,2116,"D Y PATIL DC LOHGAON, PUNE",OBC I.Q.,742515,4
2026,Round 1,2116,"D Y PATIL DC LOHGAON, PUNE",OBC OBC,232655,1
2026,Round 1,2116,"D Y PATIL DC LOHGAON, PUNE",OBC OPEN,217000,2
2026,Round 1,2116,"D Y PATIL DC LOHGAON, PUNE",OBC OPEN (EMD),212134,6
2026,Round 1,2116,"D Y PATIL DC LOHGAON, PUNE",OBC OPEN (W),169190,3
2026,Round 1,2116,"D Y PATIL DC LOHGAON, PUNE",OBC OPEN (W) (EMD),164105,3
2026,Round 1,2116,"D Y PATIL DC LOHGAON, PUNE",OPEN,219659,14
2026,Round 1,2116,"D Y PATIL DC LOHGAON, PUNE",OPEN (W),182210,5
2026,Round 1,2116,"D Y PATIL DC LOHGAON, PUNE",SC D1 OPEN (EMD),208664,1
2026,Round 1,2116,"D Y PATIL DC LOHGAON, PUNE",SC D1 SC (W),270138,1
2026,Round 1,2116,"D Y PATIL DC LOHGAON, PUNE",SC EMSC (EMR),271850,2
2026,Round 1,2116,"D Y PATIL DC LOHGAON, PUNE",SC OPEN (EMD),215397,1
2026,Round 1,2116,"D Y PATIL DC LOHGAON, PUNE",SC SC,277146,2
2026,Round 1,2116,"D Y PATIL DC LOHGAON, PUNE",SC SC (W),248613,1
2026,Round 1,2116,"D Y PATIL DC LOHGAON, PUNE",SEBC EMSEBC (EMR),235605,1
2026,Round 1,2116,"D Y PATIL DC LOHGAON, PUNE",SEBC EMSEBCW (EMR),227732,1
2026,Round 1,2116,"D Y PATIL DC LOHGAON, PUNE",SEBC OPEN,136433,1
2026,Round 1,2116,"D Y PATIL DC LOHGAON, PUNE",SEBC OPEN (EMD),188801,1
2026,Round 1,2116,"D Y PATIL DC LOHGAON, PUNE",SEBC OPEN (W),182028,1
2026,Round 1,2116,"D Y PATIL DC LOHGAON, PUNE",SEBC OPEN (W) (EMD),179414,2
2026,Round 1,2116,"D Y PATIL DC LOHGAON, PUNE",SEBC SEBC,253802,5
2026,Round 1,2116,"D Y PATIL DC LOHGAON, PUNE",SEBCD1 EMSEBCW (EMR),222936,1
2026,Round 1,2116,"D Y PATIL DC LOHGAON, PUNE",ST ST,514777,3
2026,Round 1,2116,"D Y PATIL DC LOHGAON, PUNE",ST ST (W),438335,1
2026,Round 1,2116,"D Y PATIL DC LOHGAON, PUNE",VJA EMVJA (EMR),248327,1
2026,Round 1,2116,"D Y PATIL DC LOHGAON, PUNE",VJA HA OPEN (EMD),155253,1
2026,Round 1,2116,"D Y PATIL DC LOHGAON, PUNE",VJA OPEN,214358,2
2026,Round 1,2116,"D Y PATIL DC LOHGAON, PUNE",VJA OPEN (W),156756,1
2026,Round 1,2117,SMBT DC SANGAMNER,EWS OPEN,281162,4
2026,Round 1,2117,SMBT DC SANGAMNER,EWS OPEN (W),233918,1
2026,Round 1,2117,SMBT DC SANGAMNER,I.Q.,978013,6
2026,Round 1,2117,SMBT DC SANGAMNER,NTB NTB(W),317474,1
2026,Round 1,2117,SMBT DC SANGAMNER,NTC EMNTC (EMR),291814,1
2026,Round 1,2117,SMBT DC SANGAMNER,NTC HA OPEN,280153,1
2026,Round 1,2117,SMBT DC SANGAMNER,NTC OPEN (EMD),280035,1
2026,Round 1,2117,SMBT DC SANGAMNER,NTC OPEN (W),253467,2
2026,Round 1,2117,SMBT DC SANGAMNER,NTD EMNTD (EMR),298515,1
2026,Round 1,2117,SMBT DC SANGAMNER,NTD I.Q.,1022720,1
2026,Round 1,2117,SMBT DC SANGAMNER,NTD OPEN,289922,3
2026,Round 1,2117,SMBT DC SANGAMNER,NTD OPEN (EMD),247048,1
2026,Round 1,2117,SMBT DC SANGAMNER,OBC D1 OPEN (W),257829,1
2026,Round 1,2117,SMBT DC SANGAMNER,OBC D1 OPEN (W) (EMD),221759,1
2026,Round 1,2117,SMBT DC SANGAMNER,OBC D2 I.Q.,850662,1
2026,Round 1,2117,SMBT DC SANGAMNER,OBC EMOBC (EMR),312914,3
2026,Round 1,2117,SMBT DC SANGAMNER,OBC EMOBCW (EMR),293574,3
2026,Round 1,2117,SMBT DC SANGAMNER,OBC HA EMOBC (EMR),313891,1
2026,Round 1,2117,SMBT DC SANGAMNER,OBC HA OPEN (EMD),279855,1
2026,Round 1,2117,SMBT DC SANGAMNER,OBC I.Q.,1045724,6
2026,Round 1,2117,SMBT DC SANGAMNER,OBC OPEN,286864,1
2026,Round 1,2117,SMBT DC SANGAMNER,OBC OPEN (EMD),283103,6
2026,Round 1,2117,SMBT DC SANGAMNER,OBC OPEN (W),242699,1
2026,Round 1,2117,SMBT DC SANGAMNER,OBC OPEN (W) (EMD),234991,2
2026,Round 1,2117,SMBT DC SANGAMNER,OPEN,289826,14
2026,Round 1,2117,SMBT DC SANGAMNER,OPEN (W),262382,8
2026,Round 1,2117,SMBT DC SANGAMNER,SC EMSC (EMR),310399,2
2026,Round 1,2117,SMBT DC SANGAMNER,SC OPEN (EMD),279234,2
2026,Round 1,2117,SMBT DC SANGAMNER,SC SC,311589,2
2026,Round 1,2117,SMBT DC SANGAMNER,SC SC (W),308506,2
2026,Round 1,2117,SMBT DC SANGAMNER,SEBC EMSEBC (EMR),300294,1
2026,Round 1,2117,SMBT DC SANGAMNER,SEBC I.Q.,1016253,1
2026,Round 1,2117,SMBT DC SANGAMNER,SEBC SEBC,347808,5
2026,Round 1,2117,SMBT DC SANGAMNER,SEBC SEBC(W),323307,2
2026,Round 1,2117,SMBT DC SANGAMNER,SEBCD1 OPEN (EMD),284796,1
2026,Round 1,2117,SMBT DC SANGAMNER,SOBC EMOBC (EMR),310959,3
2026,Round 1,2117,SMBT DC SANGAMNER,ST ST,637783,3
2026,Round 1,2117,SMBT DC SANGAMNER,ST ST (W),580276,1
2026,Round 1,2117,SMBT DC SANGAMNER,VJA EMVJA (EMR),345690,1
2026,Round 1,2117,SMBT DC SANGAMNER,VJA OPEN (EMD),289133,1
2026,Round 1,2117,SMBT DC SANGAMNER,VJA VJA (W),306843,1
2026,Round 1,2118,PDU DC SOLAPUR,EWS I.Q.,990759,1
2026,Round 1,2118,PDU DC SOLAPUR,EWS OPEN,286036,2
2026,Round 1,2118,PDU DC SOLAPUR,EWS OPEN (W),272122,3
2026,Round 1,2118,PDU DC SOLAPUR,I.Q.,762974,2
2026,Round 1,2118,PDU DC SOLAPUR,NTB NTB,360384,1
2026,Round 1,2118,PDU DC SOLAPUR,NTC EMNTC (EMR),321275,1
2026,Round 1,2118,PDU DC SOLAPUR,NTC NTC(W),328622,1
2026,Round 1,2118,PDU DC SOLAPUR,NTC OPEN,306339,1
2026,Round 1,2118,PDU DC SOLAPUR,NTC OPEN (EMD),294953,1
2026,Round 1,2118,PDU DC SOLAPUR,NTD D1 NTD(W),338671,1
2026,Round 1,2118,PDU DC SOLAPUR,NTD I.Q.,1173019,1
2026,Round 1,2118,PDU DC SOLAPUR,NTD OPEN,305721,3
2026,Round 1,2118,PDU DC SOLAPUR,OBC D1 EMOBC (EMR),327832,1
2026,Round 1,2118,PDU DC SOLAPUR,OBC EMOBC (EMR),329681,5
2026,Round 1,2118,PDU DC SOLAPUR,OBC EMOBCW (EMR),320278,1
2026,Round 1,2118,PDU DC SOLAPUR,OBC I.Q.,1051215,5
2026,Round 1,2118,PDU DC SOLAPUR,OBC OBC,332264,1
2026,Round 1,2118,PDU DC SOLAPUR,OBC OPEN (EMD),310090,6
2026,Round 1,2118,PDU DC SOLAPUR,OBC OPEN (W),270021,3
2026,Round 1,2118,PDU DC SOLAPUR,OBC OPEN (W) (EMD),208121,2
2026,Round 1,2118,PDU DC SOLAPUR,OPEN,310427,19
2026,Round 1,2118,PDU DC SOLAPUR,OPEN (W),251608,5
2026,Round 1,2118,PDU DC SOLAPUR,SC EMSC (EMR),328558,2
2026,Round 1,2118,PDU DC SOLAPUR,SC I.Q.,1065335,3
2026,Round 1,2118,PDU DC SOLAPUR,SC OPEN (EMD),310532,2
2026,Round 1,2118,PDU DC SOLAPUR,SC SC,330812,2
2026,Round 1,2118,PDU DC SOLAPUR,SC SC (W),328177,2
2026,Round 1,2118,PDU DC SOLAPUR,SEBC EMSEBC (EMR),365420,2
2026,Round 1,2118,PDU DC SOLAPUR,SEBC EMSEBCW (EMR),337771,2
2026,Round 1,2118,PDU DC SOLAPUR,SEBC I.Q.,1145057,2
2026,Round 1,2118,PDU DC SOLAPUR,SEBC OPEN (EMD),286385,2
2026,Round 1,2118,PDU DC SOLAPUR,SEBC OPEN (W) (EMD),266057,2
2026,Round 1,2118,PDU DC SOLAPUR,SEBC SEBC,389882,4
2026,Round 1,2118,PDU DC SOLAPUR,SEBC SEBC(W),337870,1
2026,Round 1,2118,PDU DC SOLAPUR,SOBC EMOBCW (EMR),315772,1
2026,Round 1,2118,PDU DC SOLAPUR,ST HA ST,668112,1
2026,Round 1,2118,PDU DC SOLAPUR,ST ST,671319,2
2026,Round 1,2118,PDU DC SOLAPUR,ST ST (W),630709,1
2026,Round 1,2118,PDU DC SOLAPUR,VJA VJA,441905,1
2026,Round 1,2118,PDU DC SOLAPUR,VJA VJA (W),320049,1
2026,Round 1,2119,MAR DC PUNE,EWS OPEN (W) MINO,235320,5
2026,Round 1,2119,MAR DC PUNE,EWS OPEN MINO,314105,17
2026,Round 1,2119,MAR DC PUNE,I.Q. MINO,989239,8
2026,Round 1,2119,MAR DC PUNE,OBC I.Q. MINO,1029374,1
2026,Round 1,2119,MAR DC PUNE,OBC OPEN (W) MINO,242064,3
2026,Round 1,2119,MAR DC PUNE,OBC OPEN MINO,301703,4
2026,Round 1,2119,MAR DC PUNE,OPEN (W) MINO,241900,17
2026,Round 1,2119,MAR DC PUNE,OPEN MINO,314533,39
2026,Round 1,2120,KORE DC KOLHAPUR,EWS HA OPEN,261313,1
2026,Round 1,2120,KORE DC KOLHAPUR,EWS OPEN,238250,1
2026,Round 1,2120,KORE DC KOLHAPUR,EWS OPEN (W),156861,1
2026,Round 1,2120,KORE DC KOLHAPUR,I.Q.,978731,3
2026,Round 1,2120,KORE DC KOLHAPUR,NTC EMNTC (EMR),326712,1
2026,Round 1,2120,KORE DC KOLHAPUR,NTC I.Q.,936108,2
2026,Round 1,2120,KORE DC KOLHAPUR,NTC OPEN,272786,1
2026,Round 1,2120,KORE DC KOLHAPUR,NTC OPEN (EMD),267314,1
2026,Round 1,2120,KORE DC KOLHAPUR,NTC OPEN (W),234512,1
2026,Round 1,2120,KORE DC KOLHAPUR,NTD EMNTD (EMR),289358,1
2026,Round 1,2120,KORE DC KOLHAPUR,NTD OPEN,277051,2
2026,Round 1,2120,KORE DC KOLHAPUR,NTD OPEN (EMD),251101,1
2026,Round 1,2120,KORE DC KOLHAPUR,OBC EMOBC (EMR),304208,4
2026,Round 1,2120,KORE DC KOLHAPUR,OBC EMOBCW (EMR),285747,2
2026,Round 1,2120,KORE DC KOLHAPUR,OBC I.Q.,947072,2
2026,Round 1,2120,KORE DC KOLHAPUR,OBC OPEN (EMD),271803,4
2026,Round 1,2120,KORE DC KOLHAPUR,OBC OPEN (W) (EMD),240684,2
2026,Round 1,2120,KORE DC KOLHAPUR,OPEN,266545,8
2026,Round 1,2120,KORE DC KOLHAPUR,OPEN (W),243824,3
2026,Round 1,2120,KORE DC KOLHAPUR,SC HA SC,291542,1
2026,Round 1,2120,KORE DC KOLHAPUR,SC SC,292808,2
2026,Round 1,2120,KORE DC KOLHAPUR,SC SC (W),287266,1
2026,Round 1,2120,KORE DC KOLHAPUR,SEBC EMSEBC (EMR),309100,2
2026,Round 1,2120,KORE DC KOLHAPUR,SEBC EMSEBCW (EMR),287455,1
2026,Round 1,2120,KORE DC KOLHAPUR,SEBC I.Q.,891492,2
2026,Round 1,2120,KORE DC KOLHAPUR,SEBC OPEN (EMD),262720,2
2026,Round 1,2120,KORE DC KOLHAPUR,SEBC OPEN (W) (EMD),236768,2
2026,Round 1,2120,KORE DC KOLHAPUR,SEBCD1 EMSEBC (EMR),303082,1
2026,Round 1,2120,KORE DC KOLHAPUR,SEBCHA EMSEBCW (EMR),297075,1
2026,Round 1,2120,KORE DC KOLHAPUR,SEBCHA OPEN (EMD),244711,1
2026,Round 1,2120,KORE DC KOLHAPUR,ST ST,391888,1
2026,Round 1,2120,KORE DC KOLHAPUR,ST ST (W),541086,1
2026,Round 1,2120,KORE DC KOLHAPUR,VJA VJA,303002,1
2026,Round 1,2121,ACPM DC DHULE,EWS I.Q.,960129,1
2026,Round 1,2121,ACPM DC DHULE,EWS OPEN,283884,6
2026,Round 1,2121,ACPM DC DHULE,EWS OPEN (W),236699,6
2026,Round 1,2121,ACPM DC DHULE,I.Q.,972388,9
2026,Round 1,2121,ACPM DC DHULE,NTB NTB,331633,1
2026,Round 1,2121,ACPM DC DHULE,NTB NTB(W),312879,1
2026,Round 1,2121,ACPM DC DHULE,NTC EMNTC (EMR),334653,1
2026,Round 1,2121,ACPM DC DHULE,NTC OPEN (EMD),155359,1
2026,Round 1,2121,ACPM DC DHULE,NTD EMNTD (EMR),303801,1
2026,Round 1,2121,ACPM DC DHULE,NTD HA OPEN (EMD),184396,1
2026,Round 1,2121,ACPM DC DHULE,NTD OPEN,271063,1
2026,Round 1,2121,ACPM DC DHULE,OBC EMOBC (EMR),321523,7
2026,Round 1,2121,ACPM DC DHULE,OBC EMOBCW (EMR),310447,3
2026,Round 1,2121,ACPM DC DHULE,OBC I.Q.,967807,2
2026,Round 1,2121,ACPM DC DHULE,OBC OPEN,270632,3
2026,Round 1,2121,ACPM DC DHULE,OBC OPEN (EMD),256757,7
2026,Round 1,2121,ACPM DC DHULE,OBC OPEN (W),233420,3
2026,Round 1,2121,ACPM DC DHULE,OBC OPEN (W) (EMD),170254,3
2026,Round 1,2121,ACPM DC DHULE,OPEN,281632,15
2026,Round 1,2121,ACPM DC DHULE,OPEN (W),231107,3
2026,Round 1,2121,ACPM DC DHULE,SC EMSC (EMR),314445,1
2026,Round 1,2121,ACPM DC DHULE,SC I.Q.,901259,3
2026,Round 1,2121,ACPM DC DHULE,SC OPEN (EMD),282021,1
2026,Round 1,2121,ACPM DC DHULE,SC SC,327201,3
2026,Round 1,2121,ACPM DC DHULE,SC SC (W),308671,2
2026,Round 1,2121,ACPM DC DHULE,SEBC EMSEBC (EMR),365592,1
2026,Round 1,2121,ACPM DC DHULE,SEBC OPEN (EMD),135036,1
2026,Round 1,2121,ACPM DC DHULE,SEBC SEBC,405120,3
2026,Round 1,2121,ACPM DC DHULE,SEBC SEBC(W),285605,1
2026,Round 1,2121,ACPM DC DHULE,SEBCD1 SEBC,410783,1
2026,Round 1,2121,ACPM DC DHULE,SEBCD1 SEBC(W),349906,1
2026,Round 1,2121,ACPM DC DHULE,SEBCHA SEBC,408457,1
2026,Round 1,2121,ACPM DC DHULE,ST ST,675106,3
2026,Round 1,2121,ACPM DC DHULE,ST ST (W),370902,1
2026,Round 1,2121,ACPM DC DHULE,VJA OPEN (W),187696,1
2026,Round 1,2121,ACPM DC DHULE,VJA VJA,314741,1
2026,Round 1,2122,TERNA DC NEW MUMBAI,EWS D1 I.Q.,673679,1
2026,Round 1,2122,TERNA DC NEW MUMBAI,EWS OPEN,174695,8
2026,Round 1,2122,TERNA DC NEW MUMBAI,EWS OPEN (W),157619,5
2026,Round 1,2122,TERNA DC NEW MUMBAI,I.Q.,824596,12
2026,Round 1,2122,TERNA DC NEW MUMBAI,NTB NTB,238043,1
2026,Round 1,2122,TERNA DC NEW MUMBAI,NTC NTC,185140,1
2026,Round 1,2122,TERNA DC NEW MUMBAI,NTC NTC(W),190084,1
2026,Round 1,2122,TERNA DC NEW MUMBAI,NTD HA EMNTDW (EMR),191688,1
2026,Round 1,2122,TERNA DC NEW MUMBAI,NTD HA OPEN,176362,1
2026,Round 1,2122,TERNA DC NEW MUMBAI,NTD OPEN (W) (EMD),151171,1
2026,Round 1,2122,TERNA DC NEW MUMBAI,OBC EMOBC (EMR),198997,5
2026,Round 1,2122,TERNA DC NEW MUMBAI,OBC EMOBCW (EMR),188547,2
2026,Round 1,2122,TERNA DC NEW MUMBAI,OBC HA EMOBC (EMR),195728,1
2026,Round 1,2122,TERNA DC NEW MUMBAI,OBC I.Q.,816441,1
2026,Round 1,2122,TERNA DC NEW MUMBAI,OBC OBC,199458,1
2026,Round 1,2122,TERNA DC NEW MUMBAI,OBC OBC(W),189866,1
2026,Round 1,2122,TERNA DC NEW MUMBAI,OBC OPEN (EMD),174619,6
2026,Round 1,2122,TERNA DC NEW MUMBAI,OBC OPEN (W) (EMD),158970,2
2026,Round 1,2122,TERNA DC NEW MUMBAI,OPEN,178294,16
2026,Round 1,2122,TERNA DC NEW MUMBAI,OPEN (W),156134,8
2026,Round 1,2122,TERNA DC NEW MUMBAI,SC I.Q.,825912,1
2026,Round 1,2122,TERNA DC NEW MUMBAI,SC SC,269658,5
2026,Round 1,2122,TERNA DC NEW MUMBAI,SC SC (W),246227,2
2026,Round 1,2122,TERNA DC NEW MUMBAI,SEBC EMSEBC (EMR),222715,4
2026,Round 1,2122,TERNA DC NEW MUMBAI,SEBC OPEN (EMD),174026,4
2026,Round 1,2122,TERNA DC NEW MUMBAI,SEBC SEBC,229942,2
2026,Round 1,2122,TERNA DC NEW MUMBAI,SEBC SEBC(W),195054,2
2026,Round 1,2122,TERNA DC NEW MUMBAI,SEBCHA OPEN,161534,1
2026,Round 1,2122,TERNA DC NEW MUMBAI,ST HA ST,518418,1
2026,Round 1,2122,TERNA DC NEW MUMBAI,ST ST,447019,1
2026,Round 1,2122,TERNA DC NEW MUMBAI,ST ST (W),507977,1
2026,Round 1,2122,TERNA DC NEW MUMBAI,VJA VJA,188148,1
2026,Round 1,2123,MGM DC NEW MUMBAI,EWS OPEN,136964,4
2026,Round 1,2123,MGM DC NEW MUMBAI,I.Q.,677024,14
2026,Round 1,2123,MGM DC NEW MUMBAI,NTB NTB,171215,1
2026,Round 1,2123,MGM DC NEW MUMBAI,NTC EMNTC (EMR),164112,1
2026,Round 1,2123,MGM DC NEW MUMBAI,NTC NTC(W),155093,1
2026,Round 1,2123,MGM DC NEW MUMBAI,NTC OPEN (EMD),134101,1
2026,Round 1,2123,MGM DC NEW MUMBAI,NTD NTD,147676,1
2026,Round 1,2123,MGM DC NEW MUMBAI,OBC EMOBC (EMR),157883,7
2026,Round 1,2123,MGM DC NEW MUMBAI,OBC EMOBCW (EMR),142140,1
2026,Round 1,2123,MGM DC NEW MUMBAI,OBC HA EMOBCW (EMR),145729,1
2026,Round 1,2123,MGM DC NEW MUMBAI,OBC HA OPEN (EMD),130838,3
2026,Round 1,2123,MGM DC NEW MUMBAI,OBC I.Q.,510198,1
2026,Round 1,2123,MGM DC NEW MUMBAI,OBC OPEN,138769,2
2026,Round 1,2123,MGM DC NEW MUMBAI,OBC OPEN (EMD),133233,4
2026,Round 1,2123,MGM DC NEW MUMBAI,OBC OPEN (W) (EMD),121905,3
2026,Round 1,2123,MGM DC NEW MUMBAI,OPEN,139420,17
2026,Round 1,2123,MGM DC NEW MUMBAI,OPEN (W),122052,12
2026,Round 1,2123,MGM DC NEW MUMBAI,SC HA SC (W),232276,1
2026,Round 1,2123,MGM DC NEW MUMBAI,SC SC,233564,4
2026,Round 1,2123,MGM DC NEW MUMBAI,SC SC (W),213259,1
2026,Round 1,2123,MGM DC NEW MUMBAI,SEBC EMSEBC (EMR),160273,3
2026,Round 1,2123,MGM DC NEW MUMBAI,SEBC EMSEBCW (EMR),141909,1
2026,Round 1,2123,MGM DC NEW MUMBAI,SEBC OPEN (EMD),134811,4
2026,Round 1,2123,MGM DC NEW MUMBAI,SEBC OPEN (W) (EMD),116036,1
2026,Round 1,2123,MGM DC NEW MUMBAI,SEBC SEBC,160893,2
2026,Round 1,2123,MGM DC NEW MUMBAI,SEBC SEBC(W),151779,1
2026,Round 1,2123,MGM DC NEW MUMBAI,SEBCHA EMSEBC (EMR),157472,1
2026,Round 1,2123,MGM DC NEW MUMBAI,SOBC EMOBCW (EMR),142878,1
2026,Round 1,2123,MGM DC NEW MUMBAI,SOBC OPEN,136512,1
2026,Round 1,2123,MGM DC NEW MUMBAI,ST ST,468472,3
2026,Round 1,2123,MGM DC NEW MUMBAI,ST ST (W),455172,1
2026,Round 1,2123,MGM DC NEW MUMBAI,VJA VJA,187670,1
2026,Round 1,2127,"YOGITA DC KHED, RATNAGIRI",D3 OPEN,324957,2
2026,Round 1,2127,"YOGITA DC KHED, RATNAGIRI",EWS OPEN,336824,5
2026,Round 1,2127,"YOGITA DC KHED, RATNAGIRI",EWS OPEN (W),304097,3
2026,Round 1,2127,"YOGITA DC KHED, RATNAGIRI",HA OPEN (W),306484,1
2026,Round 1,2127,"YOGITA DC KHED, RATNAGIRI",I.Q.,857880,1
2026,Round 1,2127,"YOGITA DC KHED, RATNAGIRI",NTB NTB,348756,1
2026,Round 1,2127,"YOGITA DC KHED, RATNAGIRI",NTC EMNTC (EMR),360109,1
2026,Round 1,2127,"YOGITA DC KHED, RATNAGIRI",NTC NTC(W),345120,1
2026,Round 1,2127,"YOGITA DC KHED, RATNAGIRI",NTC OPEN,339570,1
2026,Round 1,2127,"YOGITA DC KHED, RATNAGIRI",NTC OPEN (EMD),245378,1
2026,Round 1,2127,"YOGITA DC KHED, RATNAGIRI",NTC OPEN (W),309106,1
2026,Round 1,2127,"YOGITA DC KHED, RATNAGIRI",NTD EMNTD (EMR),350065,1
2026,Round 1,2127,"YOGITA DC KHED, RATNAGIRI",NTD HA OPEN,328798,1
2026,Round 1,2127,"YOGITA DC KHED, RATNAGIRI",NTD OPEN (EMD),314777,1
2026,Round 1,2127,"YOGITA DC KHED, RATNAGIRI",OBC D2 EMOBC (EMR),354409,1
2026,Round 1,2127,"YOGITA DC KHED, RATNAGIRI",OBC D2 OPEN (W) (EMD),239446,1
2026,Round 1,2127,"YOGITA DC KHED, RATNAGIRI",OBC EMOBC (EMR),356444,3
2026,Round 1,2127,"YOGITA DC KHED, RATNAGIRI",OBC EMOBCW (EMR),354165,2
2026,Round 1,2127,"YOGITA DC KHED, RATNAGIRI",OBC HA EMOBCW (EMR),347897,1
2026,Round 1,2127,"YOGITA DC KHED, RATNAGIRI",OBC HA I.Q.,1180460,1
2026,Round 1,2127,"YOGITA DC KHED, RATNAGIRI",OBC HA OPEN (W) (EMD),278788,1
2026,Round 1,2127,"YOGITA DC KHED, RATNAGIRI",OBC I.Q.,1172744,5
2026,Round 1,2127,"YOGITA DC KHED, RATNAGIRI",OBC OBC,359211,2
2026,Round 1,2127,"YOGITA DC KHED, RATNAGIRI",OBC OPEN (EMD),340164,4
2026,Round 1,2127,"YOGITA DC KHED, RATNAGIRI",OBC OPEN (W),309112,1
2026,Round 1,2127,"YOGITA DC KHED, RATNAGIRI",OBC OPEN (W) (EMD),293040,1
2026,Round 1,2127,"YOGITA DC KHED, RATNAGIRI",OPEN,340539,14
2026,Round 1,2127,"YOGITA DC KHED, RATNAGIRI",OPEN (W),300329,5
2026,Round 1,2127,"YOGITA DC KHED, RATNAGIRI",SC EMSC (EMR),361366,5
2026,Round 1,2127,"YOGITA DC KHED, RATNAGIRI",SC EMSCW (EMR),348042,1
2026,Round 1,2127,"YOGITA DC KHED, RATNAGIRI",SC I.Q.,1096527,1
2026,Round 1,2127,"YOGITA DC KHED, RATNAGIRI",SC OPEN (EMD),336396,5
2026,Round 1,2127,"YOGITA DC KHED, RATNAGIRI",SC OPEN (W) (EMD),300910,1
2026,Round 1,2127,"YOGITA DC KHED, RATNAGIRI",SC SC (W),350924,1
2026,Round 1,2127,"YOGITA DC KHED, RATNAGIRI",SEBC EMSEBC (EMR),369818,1
2026,Round 1,2127,"YOGITA DC KHED, RATNAGIRI",SEBC SEBC,418948,4
2026,Round 1,2127,"YOGITA DC KHED, RATNAGIRI",SEBC SEBC(W),351558,2
2026,Round 1,2127,"YOGITA DC KHED, RATNAGIRI",SEBCD1HA SEBC(W),382645,1
2026,Round 1,2127,"YOGITA DC KHED, RATNAGIRI",SEBCHA OPEN (EMD),302479,1
2026,Round 1,2127,"YOGITA DC KHED, RATNAGIRI",SEBCHA SEBC,398871,1
2026,Round 1,2127,"YOGITA DC KHED, RATNAGIRI",ST ST,624419,2
2026,Round 1,2127,"YOGITA DC KHED, RATNAGIRI",ST ST (W),608298,1
2026,Round 1,2127,"YOGITA DC KHED, RATNAGIRI",VJA EMVJA (EMR),405813,1
2026,Round 1,2127,"YOGITA DC KHED, RATNAGIRI",VJA OPEN (EMD),339045,1
2026,Round 1,2127,"YOGITA DC KHED, RATNAGIRI",VJA VJA (W),441219,1
2026,Round 1,2134,YCM DC AHILYANAGAR(A'NAGAR),D1 OPEN,336081,2
2026,Round 1,2134,YCM DC AHILYANAGAR(A'NAGAR),EWS OPEN,337334,8
2026,Round 1,2134,YCM DC AHILYANAGAR(A'NAGAR),EWS OPEN (W),303892,4
2026,Round 1,2134,YCM DC AHILYANAGAR(A'NAGAR),HA OPEN,316578,1
2026,Round 1,2134,YCM DC AHILYANAGAR(A'NAGAR),I.Q.,922451,5
2026,Round 1,2134,YCM DC AHILYANAGAR(A'NAGAR),NTB NTB,346284,1
2026,Round 1,2134,YCM DC AHILYANAGAR(A'NAGAR),NTC EMNTC (EMR),350505,1
2026,Round 1,2134,YCM DC AHILYANAGAR(A'NAGAR),NTC NTC,351512,1
2026,Round 1,2134,YCM DC AHILYANAGAR(A'NAGAR),NTC OPEN (EMD),335927,1
2026,Round 1,2134,YCM DC AHILYANAGAR(A'NAGAR),NTD EMNTDW (EMR),344985,1
2026,Round 1,2134,YCM DC AHILYANAGAR(A'NAGAR),NTD I.Q.,1018836,1
2026,Round 1,2134,YCM DC AHILYANAGAR(A'NAGAR),NTD OPEN,340507,3
2026,Round 1,2134,YCM DC AHILYANAGAR(A'NAGAR),NTD OPEN (W) (EMD),193299,1
2026,Round 1,2134,YCM DC AHILYANAGAR(A'NAGAR),OBC D1 EMOBC (EMR),350494,1
2026,Round 1,2134,YCM DC AHILYANAGAR(A'NAGAR),OBC EMOBC (EMR),360887,6
2026,Round 1,2134,YCM DC AHILYANAGAR(A'NAGAR),OBC EMOBCW (EMR),344117,2
2026,Round 1,2134,YCM DC AHILYANAGAR(A'NAGAR),OBC HA I.Q.,1069286,1
2026,Round 1,2134,YCM DC AHILYANAGAR(A'NAGAR),OBC I.Q.,1182748,5
2026,Round 1,2134,YCM DC AHILYANAGAR(A'NAGAR),OBC OPEN,339212,2
2026,Round 1,2134,YCM DC AHILYANAGAR(A'NAGAR),OBC OPEN (EMD),330566,6
2026,Round 1,2134,YCM DC AHILYANAGAR(A'NAGAR),OBC OPEN (W),308692,2
2026,Round 1,2134,YCM DC AHILYANAGAR(A'NAGAR),OBC OPEN (W) (EMD),277495,1
2026,Round 1,2134,YCM DC AHILYANAGAR(A'NAGAR),OPEN,342540,9
2026,Round 1,2134,YCM DC AHILYANAGAR(A'NAGAR),OPEN (W),309729,6
2026,Round 1,2134,YCM DC AHILYANAGAR(A'NAGAR),SC EMSC (EMR),344727,3
2026,Round 1,2134,YCM DC AHILYANAGAR(A'NAGAR),SC OPEN (EMD),339905,3
2026,Round 1,2134,YCM DC AHILYANAGAR(A'NAGAR),SC SC,350604,1
2026,Round 1,2134,YCM DC AHILYANAGAR(A'NAGAR),SC SC (W),353626,2
2026,Round 1,2134,YCM DC AHILYANAGAR(A'NAGAR),SEBC EMSEBCW (EMR),359285,1
2026,Round 1,2134,YCM DC AHILYANAGAR(A'NAGAR),SEBC OPEN (W) (EMD),301890,1
2026,Round 1,2134,YCM DC AHILYANAGAR(A'NAGAR),SEBC SEBC,407430,5
2026,Round 1,2134,YCM DC AHILYANAGAR(A'NAGAR),SEBC SEBC(W),366220,1
2026,Round 1,2134,YCM DC AHILYANAGAR(A'NAGAR),SEBCHA SEBC,405875,1
2026,Round 1,2134,YCM DC AHILYANAGAR(A'NAGAR),SOBC HA OPEN (EMD),326518,1
2026,Round 1,2134,YCM DC AHILYANAGAR(A'NAGAR),SOBC OPEN (W) (EMD),166149,1
2026,Round 1,2134,YCM DC AHILYANAGAR(A'NAGAR),ST ST,673734,3
2026,Round 1,2134,YCM DC AHILYANAGAR(A'NAGAR),ST ST (W),665321,1
2026,Round 1,2134,YCM DC AHILYANAGAR(A'NAGAR),VJA VJA,405778,1
2026,Round 1,2134,YCM DC AHILYANAGAR(A'NAGAR),VJA VJA (W),385701,1
2026,Round 1,2135,SMBT DC NASIK,EWS HA OPEN,246455,1
2026,Round 1,2135,SMBT DC NASIK,EWS OPEN,244962,8
2026,Round 1,2135,SMBT DC NASIK,EWS OPEN (W),192105,2
2026,Round 1,2135,SMBT DC NASIK,I.Q.,968956,10
2026,Round 1,2135,SMBT DC NASIK,NTB EMNTB (EMR),272325,1
2026,Round 1,2135,SMBT DC NASIK,NTB NTB(W),347387,1
2026,Round 1,2135,SMBT DC NASIK,NTB OPEN (EMD),246376,1
2026,Round 1,2135,SMBT DC NASIK,NTC EMNTC (EMR),265495,1
2026,Round 1,2135,SMBT DC NASIK,NTC I.Q.,862597,1
2026,Round 1,2135,SMBT DC NASIK,NTC OPEN (EMD),239692,1
2026,Round 1,2135,SMBT DC NASIK,NTD NTD,269192,1
2026,Round 1,2135,SMBT DC NASIK,OBC EMOBC (EMR),277416,6
2026,Round 1,2135,SMBT DC NASIK,OBC EMOBCW (EMR),262292,3
2026,Round 1,2135,SMBT DC NASIK,OBC I.Q.,766151,2
2026,Round 1,2135,SMBT DC NASIK,OBC OPEN,244277,5
2026,Round 1,2135,SMBT DC NASIK,OBC OPEN (EMD),234431,6
2026,Round 1,2135,SMBT DC NASIK,OBC OPEN (W),162969,1
2026,Round 1,2135,SMBT DC NASIK,OBC OPEN (W) (EMD),200359,3
2026,Round 1,2135,SMBT DC NASIK,OPEN,248141,12
2026,Round 1,2135,SMBT DC NASIK,OPEN (W),201131,7
2026,Round 1,2135,SMBT DC NASIK,SC HA SC,289660,1
2026,Round 1,2135,SMBT DC NASIK,SC SC,305640,4
2026,Round 1,2135,SMBT DC NASIK,SC SC (W),280718,2
2026,Round 1,2135,SMBT DC NASIK,SEBC EMSEBC (EMR),272988,1
2026,Round 1,2135,SMBT DC NASIK,SEBC EMSEBCW (EMR),261073,2
2026,Round 1,2135,SMBT DC NASIK,SEBC I.Q.,908707,1
2026,Round 1,2135,SMBT DC NASIK,SEBC OPEN (EMD),229090,1
2026,Round 1,2135,SMBT DC NASIK,SEBC OPEN (W) (EMD),199691,2
2026,Round 1,2135,SMBT DC NASIK,SEBC SEBC,317244,5
2026,Round 1,2135,SMBT DC NASIK,SEBCD1 SEBC(W),282012,1
2026,Round 1,2135,SMBT DC NASIK,ST HA ST,522391,1
2026,Round 1,2135,SMBT DC NASIK,ST ST,604727,1
2026,Round 1,2135,SMBT DC NASIK,ST ST (W),518090,1
2026,Round 1,2135,SMBT DC NASIK,VJA EMVJA (EMR),249221,1
2026,Round 1,2135,SMBT DC NASIK,VJA I.Q.,793427,1
2026,Round 1,2135,SMBT DC NASIK,VJA OPEN (EMD),239935,1
2026,Round 1,2135,SMBT DC NASIK,VJA VJA (W),280080,1
2026,Round 1,2136,GDC JALGAON,EWS EWS,131068,3
2026,Round 1,2136,GDC JALGAON,EWS EWS(W),119721,1
2026,Round 1,2136,GDC JALGAON,NTB NTB,165241,1
2026,Round 1,2136,GDC JALGAON,NTC NTC,131629,1
2026,Round 1,2136,GDC JALGAON,NTD D2 DEF2 W,162167,1
2026,Round 1,2136,GDC JALGAON,NTD NTD(W),138910,1
2026,Round 1,2136,GDC JALGAON,OBC D1 DEF1,158038,2
2026,Round 1,2136,GDC JALGAON,OBC EMOBC (EMR),115509,1
2026,Round 1,2136,GDC JALGAON,OBC OBC,118052,5
2026,Round 1,2136,GDC JALGAON,OBC OBC(W),113292,2
2026,Round 1,2136,GDC JALGAON,OBC OPEN (EMD),72542,1
2026,Round 1,2136,GDC JALGAON,OBC PWD PWD-OPEN PH,851822,1
2026,Round 1,2136,GDC JALGAON,OPEN,99701,5
2026,Round 1,2136,GDC JALGAON,OPEN (W),98513,3
2026,Round 1,2136,GDC JALGAON,SC SC,215605,3
2026,Round 1,2136,GDC JALGAON,SC SC (W),213953,1
2026,Round 1,2136,GDC JALGAON,SEBC SEBC,127524,3
2026,Round 1,2136,GDC JALGAON,SEBC SEBC(W),123764,1
2026,Round 1,2136,GDC JALGAON,ST HA ST,422554,2
2026,Round 1,2136,GDC JALGAON,ST ST (W),416342,1
2026,Round 1,2136,GDC JALGAON,VJA VJA,150194,1
2026,Round 1,2136,GDC JALGAON,VJA VJA (W),144753,1
2026,Round 1,2207,GDC NAGPUR,D2 DEF2,133302,1
2026,Round 1,2207,GDC NAGPUR,EWS EWS,117633,4
2026,Round 1,2207,GDC NAGPUR,EWS EWS(W),106482,2
2026,Round 1,2207,GDC NAGPUR,EWS OPEN (W),75465,1
2026,Round 1,2207,GDC NAGPUR,NTB NTB,129583,1
2026,Round 1,2207,GDC NAGPUR,NTC NTC,115424,1
2026,Round 1,2207,GDC NAGPUR,NTD EMNTD (EMR),115847,1
2026,Round 1,2207,GDC NAGPUR,NTD OPEN (EMD),88934,1
2026,Round 1,2207,GDC NAGPUR,NTD PWD PWD-OPEN PH,1139986,1
2026,Round 1,2207,GDC NAGPUR,OBC D1 DEF1,149757,1
2026,Round 1,2207,GDC NAGPUR,OBC D1 DEF1 W,139730,1
2026,Round 1,2207,GDC NAGPUR,OBC EMOBC (EMR),98893,1
2026,Round 1,2207,GDC NAGPUR,OBC EMOBCW (EMR),108119,1
2026,Round 1,2207,GDC NAGPUR,OBC OBC,111309,4
2026,Round 1,2207,GDC NAGPUR,OBC OBC(W),109258,2
2026,Round 1,2207,GDC NAGPUR,OBC OPEN (EMD),72383,1
2026,Round 1,2207,GDC NAGPUR,OBC OPEN (W) (EMD),65860,1
2026,Round 1,2207,GDC NAGPUR,OPEN,92071,5
2026,Round 1,2207,GDC NAGPUR,OPEN (W),88911,2
2026,Round 1,2207,GDC NAGPUR,SC SC,208943,4
2026,Round 1,2207,GDC NAGPUR,SC SC (W),197019,2
2026,Round 1,2207,GDC NAGPUR,SEBC EMSEBC (EMR),109574,1
2026,Round 1,2207,GDC NAGPUR,SEBC SEBC,120569,1
2026,Round 1,2207,GDC NAGPUR,SEBC SEBC(W),117163,2
2026,Round 1,2207,GDC NAGPUR,SEBCHA OPEN (EMD),54106,1
2026,Round 1,2207,GDC NAGPUR,SEBCHA SEBC,113001,1
2026,Round 1,2207,GDC NAGPUR,SOBC OBC,112138,2
2026,Round 1,2207,GDC NAGPUR,ST ST,407812,2
2026,Round 1,2207,GDC NAGPUR,ST ST (W),401923,2
2026,Round 1,2207,GDC NAGPUR,VJA VJA,137767,1
2026,Round 1,2211,VYWS DC AMRAVATI,EWS OPEN,347451,6
2026,Round 1,2211,VYWS DC AMRAVATI,EWS OPEN (W),303196,4
2026,Round 1,2211,VYWS DC AMRAVATI,HA OPEN,348094,1
2026,Round 1,2211,VYWS DC AMRAVATI,I.Q.,788299,2
2026,Round 1,2211,VYWS DC AMRAVATI,NTB EMNTB (EMR),363372,1
2026,Round 1,2211,VYWS DC AMRAVATI,NTB OPEN,322723,1
2026,Round 1,2211,VYWS DC AMRAVATI,NTB OPEN (EMD),243504,1
2026,Round 1,2211,VYWS DC AMRAVATI,NTC D1 EMNTC (EMR),415486,1
2026,Round 1,2211,VYWS DC AMRAVATI,NTC NTC(W),373714,1
2026,Round 1,2211,VYWS DC AMRAVATI,NTC OPEN,347336,1
2026,Round 1,2211,VYWS DC AMRAVATI,NTC OPEN (EMD),341396,1
2026,Round 1,2211,VYWS DC AMRAVATI,NTD EMNTD (EMR),362367,1
2026,Round 1,2211,VYWS DC AMRAVATI,NTD OPEN,330295,1
2026,Round 1,2211,VYWS DC AMRAVATI,NTD OPEN (EMD),326024,1
2026,Round 1,2211,VYWS DC AMRAVATI,NTD OPEN (W),297888,1
2026,Round 1,2211,VYWS DC AMRAVATI,OBC D1 I.Q.,991601,1
2026,Round 1,2211,VYWS DC AMRAVATI,OBC D1 OBC(W),362617,1
2026,Round 1,2211,VYWS DC AMRAVATI,OBC EMOBC (EMR),377343,6
2026,Round 1,2211,VYWS DC AMRAVATI,OBC EMOBCW (EMR),361822,2
2026,Round 1,2211,VYWS DC AMRAVATI,OBC I.Q.,1092532,4
2026,Round 1,2211,VYWS DC AMRAVATI,OBC OPEN,333370,1
2026,Round 1,2211,VYWS DC AMRAVATI,OBC OPEN (EMD),345099,6
2026,Round 1,2211,VYWS DC AMRAVATI,OBC OPEN (W),271441,2
2026,Round 1,2211,VYWS DC AMRAVATI,OBC OPEN (W) (EMD),292250,2
2026,Round 1,2211,VYWS DC AMRAVATI,OPEN,343090,8
2026,Round 1,2211,VYWS DC AMRAVATI,OPEN (W),308927,6
2026,Round 1,2211,VYWS DC AMRAVATI,SC EMSC (EMR),362183,5
2026,Round 1,2211,VYWS DC AMRAVATI,SC OPEN,343325,1
2026,Round 1,2211,VYWS DC AMRAVATI,SC OPEN (EMD),349318,5
2026,Round 1,2211,VYWS DC AMRAVATI,SC SC (W),359063,2
2026,Round 1,2211,VYWS DC AMRAVATI,SEBC I.Q.,967599,1
2026,Round 1,2211,VYWS DC AMRAVATI,SEBC SEBC,440706,6
2026,Round 1,2211,VYWS DC AMRAVATI,SEBC SEBC(W),427800,3
2026,Round 1,2211,VYWS DC AMRAVATI,ST ST,688656,3
2026,Round 1,2211,VYWS DC AMRAVATI,ST ST (W),681945,1
2026,Round 1,2211,VYWS DC AMRAVATI,VJA EMVJA (EMR),370519,1
2026,Round 1,2211,VYWS DC AMRAVATI,VJA OPEN,349632,1
2026,Round 1,2211,VYWS DC AMRAVATI,VJA OPEN (EMD),344131,1
2026,Round 1,2229,KAMBE DC AKOLA,EWS D1 OPEN,361902,1
2026,Round 1,2229,KAMBE DC AKOLA,EWS OPEN,373172,6
2026,Round 1,2229,KAMBE DC AKOLA,EWS OPEN (W),267414,4
2026,Round 1,2229,KAMBE DC AKOLA,I.Q.,960878,4
2026,Round 1,2229,KAMBE DC AKOLA,NTB EMNTB (EMR),383083,1
2026,Round 1,2229,KAMBE DC AKOLA,NTB I.Q.,979421,1
2026,Round 1,2229,KAMBE DC AKOLA,NTB OPEN,368027,1
2026,Round 1,2229,KAMBE DC AKOLA,NTB OPEN (EMD),361609,1
2026,Round 1,2229,KAMBE DC AKOLA,NTC NTC,449749,2
2026,Round 1,2229,KAMBE DC AKOLA,NTD NTD(W),374479,1
2026,Round 1,2229,KAMBE DC AKOLA,NTD OPEN,363815,1
2026,Round 1,2229,KAMBE DC AKOLA,OBC D1 OPEN,361506,1
2026,Round 1,2229,KAMBE DC AKOLA,OBC D2 OPEN (EMD),255837,1
2026,Round 1,2229,KAMBE DC AKOLA,OBC EMOBC (EMR),394024,5
2026,Round 1,2229,KAMBE DC AKOLA,OBC EMOBCW (EMR),381984,3
2026,Round 1,2229,KAMBE DC AKOLA,OBC HA EMOBC (EMR),377654,1
2026,Round 1,2229,KAMBE DC AKOLA,OBC I.Q.,1159911,4
2026,Round 1,2229,KAMBE DC AKOLA,OBC OPEN,372747,2
2026,Round 1,2229,KAMBE DC AKOLA,OBC OPEN (EMD),357500,5
2026,Round 1,2229,KAMBE DC AKOLA,OBC OPEN (W),341732,1
2026,Round 1,2229,KAMBE DC AKOLA,OBC OPEN (W) (EMD),342392,3
2026,Round 1,2229,KAMBE DC AKOLA,OPEN,372864,13
2026,Round 1,2229,KAMBE DC AKOLA,OPEN (W),353010,3
2026,Round 1,2229,KAMBE DC AKOLA,SC EMSC (EMR),383485,2
2026,Round 1,2229,KAMBE DC AKOLA,SC EMSCW (EMR),381342,2
2026,Round 1,2229,KAMBE DC AKOLA,SC I.Q.,1192090,1
2026,Round 1,2229,KAMBE DC AKOLA,SC OPEN (EMD),371441,2
2026,Round 1,2229,KAMBE DC AKOLA,SC OPEN (W) (EMD),340254,2
2026,Round 1,2229,KAMBE DC AKOLA,SC SC,390250,2
2026,Round 1,2229,KAMBE DC AKOLA,SEBC EMSEBCW (EMR),386421,1
2026,Round 1,2229,KAMBE DC AKOLA,SEBC I.Q.,1096105,2
2026,Round 1,2229,KAMBE DC AKOLA,SEBC OPEN (W) (EMD),171909,1
2026,Round 1,2229,KAMBE DC AKOLA,SEBC SEBC,459368,6
2026,Round 1,2229,KAMBE DC AKOLA,SEBC SEBC(W),442668,2
2026,Round 1,2229,KAMBE DC AKOLA,SOBC OPEN,364161,1
2026,Round 1,2229,KAMBE DC AKOLA,ST ST,660292,3
2026,Round 1,2229,KAMBE DC AKOLA,ST ST (W),495021,1
2026,Round 1,2229,KAMBE DC AKOLA,VJA EMVJA (EMR),464815,1
2026,Round 1,2229,KAMBE DC AKOLA,VJA EMVJAW (EMR),462776,1
2026,Round 1,2229,KAMBE DC AKOLA,VJA OPEN (EMD),367210,1
2026,Round 1,2229,KAMBE DC AKOLA,VJA OPEN (W) (EMD),256976,1
2026,Round 1,2230,SDKS DC NAGPUR,D1 OPEN,262822,1
2026,Round 1,2230,SDKS DC NAGPUR,EWS I.Q.,878205,1
2026,Round 1,2230,SDKS DC NAGPUR,EWS OPEN,265929,6
2026,Round 1,2230,SDKS DC NAGPUR,EWS OPEN (W),195709,2
2026,Round 1,2230,SDKS DC NAGPUR,I.Q.,916939,9
2026,Round 1,2230,SDKS DC NAGPUR,NTB EMNTB (EMR),303517,1
2026,Round 1,2230,SDKS DC NAGPUR,NTB OPEN (EMD),177807,1
2026,Round 1,2230,SDKS DC NAGPUR,NTC D1 NTC,316077,1
2026,Round 1,2230,SDKS DC NAGPUR,NTC NTC,363155,1
2026,Round 1,2230,SDKS DC NAGPUR,NTD NTD(W),348357,1
2026,Round 1,2230,SDKS DC NAGPUR,NTD OPEN,243977,1
2026,Round 1,2230,SDKS DC NAGPUR,OBC D1 OPEN (EMD),202711,1
2026,Round 1,2230,SDKS DC NAGPUR,OBC EMOBC (EMR),319071,6
2026,Round 1,2230,SDKS DC NAGPUR,OBC EMOBCW (EMR),304488,3
2026,Round 1,2230,SDKS DC NAGPUR,OBC I.Q.,992528,1
2026,Round 1,2230,SDKS DC NAGPUR,OBC OPEN,264996,3
2026,Round 1,2230,SDKS DC NAGPUR,OBC OPEN (EMD),246721,5
2026,Round 1,2230,SDKS DC NAGPUR,OBC OPEN (W),210904,5
2026,Round 1,2230,SDKS DC NAGPUR,OBC OPEN (W) (EMD),168700,3
2026,Round 1,2230,SDKS DC NAGPUR,OPEN,274657,12
2026,Round 1,2230,SDKS DC NAGPUR,OPEN (W),208913,4
2026,Round 1,2230,SDKS DC NAGPUR,SC EMSC (EMR),327166,4
2026,Round 1,2230,SDKS DC NAGPUR,SC I.Q.,1018224,2
2026,Round 1,2230,SDKS DC NAGPUR,SC OPEN,267772,1
2026,Round 1,2230,SDKS DC NAGPUR,SC OPEN (EMD),265721,4
2026,Round 1,2230,SDKS DC NAGPUR,SC SC (W),311662,2
2026,Round 1,2230,SDKS DC NAGPUR,SEBC EMSEBC (EMR),360943,1
2026,Round 1,2230,SDKS DC NAGPUR,SEBC OPEN (EMD),262530,1
2026,Round 1,2230,SDKS DC NAGPUR,SEBC SEBC,413281,4
2026,Round 1,2230,SDKS DC NAGPUR,SEBC SEBC(W),407505,3
2026,Round 1,2230,SDKS DC NAGPUR,SEBCHA SEBC,395139,1
2026,Round 1,2230,SDKS DC NAGPUR,SOBC I.Q.,1162838,2
2026,Round 1,2230,SDKS DC NAGPUR,SOBC OPEN (W),187096,1
2026,Round 1,2230,SDKS DC NAGPUR,ST ST,628986,3
2026,Round 1,2230,SDKS DC NAGPUR,ST ST (W),487856,1
2026,Round 1,2230,SDKS DC NAGPUR,VJA VJA,306125,1
2026,Round 1,2230,SDKS DC NAGPUR,VJA VJA (W),385034,1
2026,Round 1,2313,GDC CH. SAMBHAJINAGAR,D2 DEF2,157529,1
2026,Round 1,2313,GDC CH. SAMBHAJINAGAR,EWS EWS,129116,4
2026,Round 1,2313,GDC CH. SAMBHAJINAGAR,EWS EWS(W),126323,2
2026,Round 1,2313,GDC CH. SAMBHAJINAGAR,EWS OPEN (W),91564,1
2026,Round 1,2313,GDC CH. SAMBHAJINAGAR,MKB MKB,171759,1
2026,Round 1,2313,GDC CH. SAMBHAJINAGAR,NTC NTC,120329,1
2026,Round 1,2313,GDC CH. SAMBHAJINAGAR,NTC NTC(W),109759,1
2026,Round 1,2313,GDC CH. SAMBHAJINAGAR,NTD HA NTD,120817,1
2026,Round 1,2313,GDC CH. SAMBHAJINAGAR,OBC OBC,114349,6
2026,Round 1,2313,GDC CH. SAMBHAJINAGAR,OBC OBC(W),108578,3
2026,Round 1,2313,GDC CH. SAMBHAJINAGAR,OPEN,97751,7
2026,Round 1,2313,GDC CH. SAMBHAJINAGAR,OPEN (W),88086,2
2026,Round 1,2313,GDC CH. SAMBHAJINAGAR,PWD PWD-OPEN PH,921032,1
2026,Round 1,2313,GDC CH. SAMBHAJINAGAR,SC SC,211659,3
2026,Round 1,2313,GDC CH. SAMBHAJINAGAR,SC SC (W),209506,2
2026,Round 1,2313,GDC CH. SAMBHAJINAGAR,SEBC SEBC,122624,3
2026,Round 1,2313,GDC CH. SAMBHAJINAGAR,SEBC SEBC(W),120290,2
2026,Round 1,2313,GDC CH. SAMBHAJINAGAR,SEBCD1 DEF1,153011,1
2026,Round 1,2313,GDC CH. SAMBHAJINAGAR,SEBCD1 DEF1 W,111111,1
2026,Round 1,2313,GDC CH. SAMBHAJINAGAR,ST ST,394744,3
2026,Round 1,2313,GDC CH. SAMBHAJINAGAR,ST ST (W),370876,1
2026,Round 1,2313,GDC CH. SAMBHAJINAGAR,VJA HA VJA,141062,1
2026,Round 1,2313,GDC CH. SAMBHAJINAGAR,VJA OPEN (W),53392,1
2026,Round 1,2313,GDC CH. SAMBHAJINAGAR,VJA VJA,128568,1
2026,Round 1,2314,CSMSS DC CH. SAMBHAJINAGAR,EWS I.Q.,415514,1
2026,Round 1,2314,CSMSS DC CH. SAMBHAJINAGAR,EWS OPEN,199161,7
2026,Round 1,2314,CSMSS DC CH. SAMBHAJINAGAR,EWS OPEN (W),165776,4
2026,Round 1,2314,CSMSS DC CH. SAMBHAJINAGAR,I.Q.,891255,10
2026,Round 1,2314,CSMSS DC CH. SAMBHAJINAGAR,NTB NTB,249999,1
2026,Round 1,2314,CSMSS DC CH. SAMBHAJINAGAR,NTC EMNTC (EMR),206897,1
2026,Round 1,2314,CSMSS DC CH. SAMBHAJINAGAR,NTC I.Q.,844760,1
2026,Round 1,2314,CSMSS DC CH. SAMBHAJINAGAR,NTC NTC(W),224120,1
2026,Round 1,2314,CSMSS DC CH. SAMBHAJINAGAR,NTC OPEN,189753,1
2026,Round 1,2314,CSMSS DC CH. SAMBHAJINAGAR,NTC OPEN (EMD),181717,1
2026,Round 1,2314,CSMSS DC CH. SAMBHAJINAGAR,NTD D1 OPEN,195329,1
2026,Round 1,2314,CSMSS DC CH. SAMBHAJINAGAR,NTD D2 OPEN,203192,1
2026,Round 1,2314,CSMSS DC CH. SAMBHAJINAGAR,NTD EMNTD (EMR),210948,1
2026,Round 1,2314,CSMSS DC CH. SAMBHAJINAGAR,NTD I.Q.,725638,1
2026,Round 1,2314,CSMSS DC CH. SAMBHAJINAGAR,NTD OPEN,196824,2
2026,Round 1,2314,CSMSS DC CH. SAMBHAJINAGAR,NTD OPEN (EMD),185339,1
2026,Round 1,2314,CSMSS DC CH. SAMBHAJINAGAR,NTD OPEN (W),165260,2
2026,Round 1,2314,CSMSS DC CH. SAMBHAJINAGAR,OBC EMOBC (EMR),233785,7
2026,Round 1,2314,CSMSS DC CH. SAMBHAJINAGAR,OBC EMOBCW (EMR),228958,3
2026,Round 1,2314,CSMSS DC CH. SAMBHAJINAGAR,OBC HA OPEN (EMD),183866,1
2026,Round 1,2314,CSMSS DC CH. SAMBHAJINAGAR,OBC I.Q.,792699,2
2026,Round 1,2314,CSMSS DC CH. SAMBHAJINAGAR,OBC OPEN,203723,4
2026,Round 1,2314,CSMSS DC CH. SAMBHAJINAGAR,OBC OPEN (EMD),192634,6
2026,Round 1,2314,CSMSS DC CH. SAMBHAJINAGAR,OBC OPEN (W),168453,4
2026,Round 1,2314,CSMSS DC CH. SAMBHAJINAGAR,OBC OPEN (W) (EMD),159145,3
2026,Round 1,2314,CSMSS DC CH. SAMBHAJINAGAR,OPEN,204168,10
2026,Round 1,2314,CSMSS DC CH. SAMBHAJINAGAR,OPEN (W),116729,1
2026,Round 1,2314,CSMSS DC CH. SAMBHAJINAGAR,SC SC,300798,5
2026,Round 1,2314,CSMSS DC CH. SAMBHAJINAGAR,SC SC (W),289311,2
2026,Round 1,2314,CSMSS DC CH. SAMBHAJINAGAR,SEBC EMSEBCW (EMR),212099,1
2026,Round 1,2314,CSMSS DC CH. SAMBHAJINAGAR,SEBC OPEN (W) (EMD),176306,1
2026,Round 1,2314,CSMSS DC CH. SAMBHAJINAGAR,SEBC SEBC,234990,5
2026,Round 1,2314,CSMSS DC CH. SAMBHAJINAGAR,SEBC SEBC(W),220810,1
2026,Round 1,2314,CSMSS DC CH. SAMBHAJINAGAR,SEBCD1 SEBC,242284,1
2026,Round 1,2314,CSMSS DC CH. SAMBHAJINAGAR,ST HA ST,448761,1
2026,Round 1,2314,CSMSS DC CH. SAMBHAJINAGAR,ST ST,555629,1
2026,Round 1,2314,CSMSS DC CH. SAMBHAJINAGAR,ST ST (W),548334,1
2026,Round 1,2314,CSMSS DC CH. SAMBHAJINAGAR,VJA EMVJA (EMR),223197,1
2026,Round 1,2314,CSMSS DC CH. SAMBHAJINAGAR,VJA OPEN (EMD),169827,1
2026,Round 1,2314,CSMSS DC CH. SAMBHAJINAGAR,VJA OPEN (W),171421,1
2026,Round 1,2325,MIDSR DC LATUR,EWS OPEN,256500,3
2026,Round 1,2325,MIDSR DC LATUR,EWS OPEN (W),243826,6
2026,Round 1,2325,MIDSR DC LATUR,HA OPEN,260346,1
2026,Round 1,2325,MIDSR DC LATUR,I.Q.,535322,1
2026,Round 1,2325,MIDSR DC LATUR,NTB NTB,307197,1
2026,Round 1,2325,MIDSR DC LATUR,NTB NTB(W),302480,1
2026,Round 1,2325,MIDSR DC LATUR,NTC EMNTC (EMR),285055,1
2026,Round 1,2325,MIDSR DC LATUR,NTC EMNTCW (EMR),279938,1
2026,Round 1,2325,MIDSR DC LATUR,NTC I.Q.,1046983,3
2026,Round 1,2325,MIDSR DC LATUR,NTC OPEN,270608,2
2026,Round 1,2325,MIDSR DC LATUR,NTC OPEN (EMD),238843,1
2026,Round 1,2325,MIDSR DC LATUR,NTC OPEN (W),237556,3
2026,Round 1,2325,MIDSR DC LATUR,NTC OPEN (W) (EMD),151312,1
2026,Round 1,2325,MIDSR DC LATUR,NTD NTD(W),277843,1
2026,Round 1,2325,MIDSR DC LATUR,NTD OPEN,175569,2
2026,Round 1,2325,MIDSR DC LATUR,OBC D1 EMOBC (EMR),279131,1
2026,Round 1,2325,MIDSR DC LATUR,OBC D1 OPEN,276323,2
2026,Round 1,2325,MIDSR DC LATUR,OBC EMOBC (EMR),303486,5
2026,Round 1,2325,MIDSR DC LATUR,OBC EMOBCW (EMR),289802,2
2026,Round 1,2325,MIDSR DC LATUR,OBC I.Q.,1123468,5
2026,Round 1,2325,MIDSR DC LATUR,OBC OPEN,273389,1
2026,Round 1,2325,MIDSR DC LATUR,OBC OPEN (EMD),270264,6
2026,Round 1,2325,MIDSR DC LATUR,OBC OPEN (W) (EMD),170389,2
2026,Round 1,2325,MIDSR DC LATUR,OPEN,274729,10
2026,Round 1,2325,MIDSR DC LATUR,OPEN (W),243540,3
2026,Round 1,2325,MIDSR DC LATUR,SC EMSC (EMR),294654,1
2026,Round 1,2325,MIDSR DC LATUR,SC I.Q.,1115366,1
2026,Round 1,2325,MIDSR DC LATUR,SC OPEN (EMD),268148,1
2026,Round 1,2325,MIDSR DC LATUR,SC SC,308759,4
2026,Round 1,2325,MIDSR DC LATUR,SC SC (W),301990,1
2026,Round 1,2325,MIDSR DC LATUR,SEBC EMSEBC (EMR),335246,5
2026,Round 1,2325,MIDSR DC LATUR,SEBC OPEN (EMD),271073,5
2026,Round 1,2325,MIDSR DC LATUR,SEBC SEBC,339193,1
2026,Round 1,2325,MIDSR DC LATUR,SEBC SEBC(W),321860,1
2026,Round 1,2325,MIDSR DC LATUR,SEBCD2 SEBC(W),322707,1
2026,Round 1,2325,MIDSR DC LATUR,SEBCHA SEBC(W),293803,1
2026,Round 1,2325,MIDSR DC LATUR,SOBC OBC(W),291635,1
2026,Round 1,2325,MIDSR DC LATUR,ST HA ST,659042,2
2026,Round 1,2325,MIDSR DC LATUR,ST ST,645922,1
2026,Round 1,2325,MIDSR DC LATUR,ST ST (W),559862,1
2026,Round 1,2325,MIDSR DC LATUR,VJA EMVJA (EMR),292916,1
2026,Round 1,2325,MIDSR DC LATUR,VJA OPEN,272824,1
2026,Round 1,2325,MIDSR DC LATUR,VJA OPEN (EMD),264932,1
2026,Round 1,2326,SD DC PARBHANI,D2 OPEN (W),335133,1
2026,Round 1,2326,SD DC PARBHANI,EWS OPEN,384522,2
2026,Round 1,2326,SD DC PARBHANI,EWS OPEN (W),357180,4
2026,Round 1,2326,SD DC PARBHANI,I.Q.,516686,1
2026,Round 1,2326,SD DC PARBHANI,NTB HA EMNTB (EMR),423154,1
2026,Round 1,2326,SD DC PARBHANI,NTB NTB(W),405606,1
2026,Round 1,2326,SD DC PARBHANI,NTB OPEN,379467,1
2026,Round 1,2326,SD DC PARBHANI,NTB OPEN (EMD),373373,1
2026,Round 1,2326,SD DC PARBHANI,NTC D1 EMNTC (EMR),392742,1
2026,Round 1,2326,SD DC PARBHANI,NTC I.Q.,1081332,1
2026,Round 1,2326,SD DC PARBHANI,NTC OPEN (EMD),267798,1
2026,Round 1,2326,SD DC PARBHANI,NTC OPEN (W),338774,1
2026,Round 1,2326,SD DC PARBHANI,NTD NTD,396874,1
2026,Round 1,2326,SD DC PARBHANI,NTD OPEN (W),356647,1
2026,Round 1,2326,SD DC PARBHANI,OBC D1 EMOBC (EMR),389862,1
2026,Round 1,2326,SD DC PARBHANI,OBC D2 EMOBCW (EMR),388459,1
2026,Round 1,2326,SD DC PARBHANI,OBC EMOBC (EMR),397714,5
2026,Round 1,2326,SD DC PARBHANI,OBC EMOBCW (EMR),385933,1
2026,Round 1,2326,SD DC PARBHANI,OBC HA OPEN (EMD),370984,2
2026,Round 1,2326,SD DC PARBHANI,OBC I.Q.,1183395,4
2026,Round 1,2326,SD DC PARBHANI,OBC OBC,398443,1
2026,Round 1,2326,SD DC PARBHANI,OBC OPEN,357529,1
2026,Round 1,2326,SD DC PARBHANI,OBC OPEN (EMD),384093,4
2026,Round 1,2326,SD DC PARBHANI,OBC OPEN (W),360396,1
2026,Round 1,2326,SD DC PARBHANI,OBC OPEN (W) (EMD),211548,1
2026,Round 1,2326,SD DC PARBHANI,OPEN,382095,10
2026,Round 1,2326,SD DC PARBHANI,OPEN (W),358634,6
2026,Round 1,2326,SD DC PARBHANI,SC EMSC (EMR),407567,5
2026,Round 1,2326,SD DC PARBHANI,SC I.Q.,1121142,1
2026,Round 1,2326,SD DC PARBHANI,SC OPEN,383243,6
2026,Round 1,2326,SD DC PARBHANI,SC OPEN (EMD),373801,5
2026,Round 1,2326,SD DC PARBHANI,SC SC (W),401885,2
2026,Round 1,2326,SD DC PARBHANI,SEBC EMSEBC (EMR),417743,1
2026,Round 1,2326,SD DC PARBHANI,SEBC OPEN (EMD),355062,1
2026,Round 1,2326,SD DC PARBHANI,SEBC SEBC,436901,5
2026,Round 1,2326,SD DC PARBHANI,SEBC SEBC(W),416592,2
2026,Round 1,2326,SD DC PARBHANI,SOBC OPEN (W) (EMD),358554,1
2026,Round 1,2326,SD DC PARBHANI,ST ST,693199,2
2026,Round 1,2326,SD DC PARBHANI,ST ST (W),660486,1
2026,Round 1,2326,SD DC PARBHANI,VJA EMVJA (EMR),449557,1
2026,Round 1,2326,SD DC PARBHANI,VJA OPEN,349052,1
2026,Round 1,2326,SD DC PARBHANI,VJA OPEN (EMD),335475,1
2026,Round 1,2326,SD DC PARBHANI,VJA VJA (W),448913,1
2026,Round 1,2331,ADITYA DC BEED,D3 OPEN (W),285365,1
2026,Round 1,2331,ADITYA DC BEED,EWS OPEN,397971,3
2026,Round 1,2331,ADITYA DC BEED,EWS OPEN (W),386389,6
2026,Round 1,2331,ADITYA DC BEED,HA OPEN,409487,1
2026,Round 1,2331,ADITYA DC BEED,I.Q.,963717,1
2026,Round 1,2331,ADITYA DC BEED,NTB NTB,435229,1
2026,Round 1,2331,ADITYA DC BEED,NTC NTC,429313,2
2026,Round 1,2331,ADITYA DC BEED,NTD NTD,414625,1
2026,Round 1,2331,ADITYA DC BEED,NTD OPEN (W),377923,1
2026,Round 1,2331,ADITYA DC BEED,OBC EMOBC (EMR),417000,6
2026,Round 1,2331,ADITYA DC BEED,OBC EMOBCW (EMR),410646,2
2026,Round 1,2331,ADITYA DC BEED,OBC I.Q.,1158416,3
2026,Round 1,2331,ADITYA DC BEED,OBC OBC(W),411376,1
2026,Round 1,2331,ADITYA DC BEED,OBC OPEN,409799,2
2026,Round 1,2331,ADITYA DC BEED,OBC OPEN (EMD),406881,6
2026,Round 1,2331,ADITYA DC BEED,OBC OPEN (W) (EMD),352180,2
2026,Round 1,2331,ADITYA DC BEED,OPEN,408728,16
2026,Round 1,2331,ADITYA DC BEED,OPEN (W),387564,4
2026,Round 1,2331,ADITYA DC BEED,SC D1 EMSCW (EMR),411685,1
2026,Round 1,2331,ADITYA DC BEED,SC EMSC (EMR),421219,4
2026,Round 1,2331,ADITYA DC BEED,SC OPEN,406631,3
2026,Round 1,2331,ADITYA DC BEED,SC OPEN (EMD),402385,4
2026,Round 1,2331,ADITYA DC BEED,SC OPEN (W) (EMD),384664,1
2026,Round 1,2331,ADITYA DC BEED,SC SC (W),412351,1
2026,Round 1,2331,ADITYA DC BEED,SEBC I.Q.,1054175,2
2026,Round 1,2331,ADITYA DC BEED,SEBC SEBC,481406,5
2026,Round 1,2331,ADITYA DC BEED,SEBC SEBC(W),466079,2
2026,Round 1,2331,ADITYA DC BEED,SEBCHA SEBC,469189,1
2026,Round 1,2331,ADITYA DC BEED,SEBCHA SEBC(W),466737,1
2026,Round 1,2331,ADITYA DC BEED,ST ST,703689,3
2026,Round 1,2331,ADITYA DC BEED,ST ST (W),702586,1
2026,Round 1,2331,ADITYA DC BEED,VJA EMVJA (EMR),432023,1
2026,Round 1,2331,ADITYA DC BEED,VJA OPEN (EMD),391096,1
2026,Round 1,2331,ADITYA DC BEED,VJA VJA (W),465802,1
2026,Round 1,2332,HEDGEWAR DC HINGOLI,EWS I.Q.,752142,1
2026,Round 1,2332,HEDGEWAR DC HINGOLI,EWS OPEN,393317,8
2026,Round 1,2332,HEDGEWAR DC HINGOLI,NTB EMNTB (EMR),428347,1
2026,Round 1,2332,HEDGEWAR DC HINGOLI,NTB NTB(W),415533,1
2026,Round 1,2332,HEDGEWAR DC HINGOLI,NTB OPEN,391669,2
2026,Round 1,2332,HEDGEWAR DC HINGOLI,NTB OPEN (EMD),385976,1
2026,Round 1,2332,HEDGEWAR DC HINGOLI,NTC NTC,416061,1
2026,Round 1,2332,HEDGEWAR DC HINGOLI,NTC NTC(W),395292,1
2026,Round 1,2332,HEDGEWAR DC HINGOLI,NTD EMNTD (EMR),403709,1
2026,Round 1,2332,HEDGEWAR DC HINGOLI,NTD I.Q.,750825,1
2026,Round 1,2332,HEDGEWAR DC HINGOLI,NTD OPEN,393180,1
2026,Round 1,2332,HEDGEWAR DC HINGOLI,NTD OPEN (EMD),379632,1
2026,Round 1,2332,HEDGEWAR DC HINGOLI,NTD OPEN (W),323850,1
2026,Round 1,2332,HEDGEWAR DC HINGOLI,OBC D1 EMOBCW (EMR),395075,1
2026,Round 1,2332,HEDGEWAR DC HINGOLI,OBC EMOBC (EMR),402593,2
2026,Round 1,2332,HEDGEWAR DC HINGOLI,OBC EMOBCW (EMR),399881,2
2026,Round 1,2332,HEDGEWAR DC HINGOLI,OBC HA EMOBC (EMR),401262,1
2026,Round 1,2332,HEDGEWAR DC HINGOLI,OBC HA OPEN (EMD),380598,1
2026,Round 1,2332,HEDGEWAR DC HINGOLI,OBC I.Q.,1052730,4
2026,Round 1,2332,HEDGEWAR DC HINGOLI,OBC OBC,405258,4
2026,Round 1,2332,HEDGEWAR DC HINGOLI,OBC OPEN (EMD),392013,2
2026,Round 1,2332,HEDGEWAR DC HINGOLI,OBC OPEN (W),370895,1
2026,Round 1,2332,HEDGEWAR DC HINGOLI,OBC OPEN (W) (EMD),330230,3
2026,Round 1,2332,HEDGEWAR DC HINGOLI,OPEN,388466,13
2026,Round 1,2332,HEDGEWAR DC HINGOLI,OPEN (W),368526,8
2026,Round 1,2332,HEDGEWAR DC HINGOLI,SC D1 OPEN,386686,1
2026,Round 1,2332,HEDGEWAR DC HINGOLI,SC EMSC (EMR),417757,4
2026,Round 1,2332,HEDGEWAR DC HINGOLI,SC I.Q.,1071123,2
2026,Round 1,2332,HEDGEWAR DC HINGOLI,SC OPEN,390982,2
2026,Round 1,2332,HEDGEWAR DC HINGOLI,SC OPEN (EMD),382921,4
2026,Round 1,2332,HEDGEWAR DC HINGOLI,SC SC (W),404065,2
2026,Round 1,2332,HEDGEWAR DC HINGOLI,SEBC EMSEBCW (EMR),425245,1
2026,Round 1,2332,HEDGEWAR DC HINGOLI,SEBC OPEN (W) (EMD),297903,1
2026,Round 1,2332,HEDGEWAR DC HINGOLI,SEBC SEBC,465556,6
2026,Round 1,2332,HEDGEWAR DC HINGOLI,SEBC SEBC(W),439690,1
2026,Round 1,2332,HEDGEWAR DC HINGOLI,SEBCHA SEBC(W),437365,1
2026,Round 1,2332,HEDGEWAR DC HINGOLI,ST ST,516860,2
2026,Round 1,2332,HEDGEWAR DC HINGOLI,ST ST (W),464888,1
2026,Round 1,2332,HEDGEWAR DC HINGOLI,VJA OPEN (W),298264,1
2026,Round 1,2332,HEDGEWAR DC HINGOLI,VJA VJA,474813,1
2026,Round 1,2333,NANDED RURAL DC,EWS OPEN,353129,4
2026,Round 1,2333,NANDED RURAL DC,EWS OPEN (W),316755,3
2026,Round 1,2333,NANDED RURAL DC,HA OPEN (W),294968,1
2026,Round 1,2333,NANDED RURAL DC,I.Q.,927705,5
2026,Round 1,2333,NANDED RURAL DC,NTB EMNTB (EMR),364947,1
2026,Round 1,2333,NANDED RURAL DC,NTB OPEN (EMD),345762,1
2026,Round 1,2333,NANDED RURAL DC,NTC EMNTC (EMR),378458,1
2026,Round 1,2333,NANDED RURAL DC,NTC NTC(W),373731,1
2026,Round 1,2333,NANDED RURAL DC,NTC OPEN (EMD),337608,1
2026,Round 1,2333,NANDED RURAL DC,NTD EMNTD (EMR),355951,1
2026,Round 1,2333,NANDED RURAL DC,NTD I.Q.,1004914,1
2026,Round 1,2333,NANDED RURAL DC,NTD OPEN,348278,2
2026,Round 1,2333,NANDED RURAL DC,NTD OPEN (EMD),285260,1
2026,Round 1,2333,NANDED RURAL DC,NTD OPEN (W),307451,1
2026,Round 1,2333,NANDED RURAL DC,OBC EMOBC (EMR),390783,5
2026,Round 1,2333,NANDED RURAL DC,OBC EMOBCW (EMR),356792,3
2026,Round 1,2333,NANDED RURAL DC,OBC HA EMOBC (EMR),397195,2
2026,Round 1,2333,NANDED RURAL DC,OBC I.Q.,1136154,3
2026,Round 1,2333,NANDED RURAL DC,OBC OPEN,355226,3
2026,Round 1,2333,NANDED RURAL DC,OBC OPEN (EMD),338463,6
2026,Round 1,2333,NANDED RURAL DC,OBC OPEN (W),296886,1
2026,Round 1,2333,NANDED RURAL DC,OBC OPEN (W) (EMD),295575,3
2026,Round 1,2333,NANDED RURAL DC,OPEN,349527,9
2026,Round 1,2333,NANDED RURAL DC,OPEN (W),277358,6
2026,Round 1,2333,NANDED RURAL DC,SC EMSC (EMR),367198,3
2026,Round 1,2333,NANDED RURAL DC,SC OPEN (EMD),343417,3
2026,Round 1,2333,NANDED RURAL DC,SC OPEN (W),280859,1
2026,Round 1,2333,NANDED RURAL DC,SC SC,370766,2
2026,Round 1,2333,NANDED RURAL DC,SC SC (W),364483,2
2026,Round 1,2333,NANDED RURAL DC,SEBC EMSEBC (EMR),392417,2
2026,Round 1,2333,NANDED RURAL DC,SEBC I.Q.,1122841,1
2026,Round 1,2333,NANDED RURAL DC,SEBC OPEN (EMD),352225,1
2026,Round 1,2333,NANDED RURAL DC,SEBC SEBC,407800,3
2026,Round 1,2333,NANDED RURAL DC,SEBC SEBC(W),388152,2
2026,Round 1,2333,NANDED RURAL DC,SEBCD1 EMSEBC (EMR),373813,1
2026,Round 1,2333,NANDED RURAL DC,SEBCD1 OPEN (EMD),274129,2
2026,Round 1,2333,NANDED RURAL DC,SOBC OPEN,347694,2
2026,Round 1,2333,NANDED RURAL DC,SOBC OPEN (EMD),338471,1
2026,Round 1,2333,NANDED RURAL DC,ST ST,573042,2
2026,Round 1,2333,NANDED RURAL DC,ST ST (W),472159,1
2026,Round 1,2333,NANDED RURAL DC,VJA VJA,439075,1
2026,Round 2,1101,GMC MUMBAI(Ret.),D1 DEF1,17144,1
2026,Round 2,1101,GMC MUMBAI,D2 DEF2,34450,1
2026,Round 2,1101,GMC MUMBAI,D3 DEF3,11684,1
2026,Round 2,1101,GMC MUMBAI(No Change),EWS EWS,18286,9
2026,Round 2,1101,GMC MUMBAI(Ret.),EWS EWS,17892,3
2026,Round 2,1101,GMC MUMBAI,EWS EWS,11814,1
2026,Round 2,1101,GMC MUMBAI(Ret.),EWS EWS(W),12722,3
2026,Round 2,1101,GMC MUMBAI,EWS EWS(W),9149,1
2026,Round 2,1101,GMC MUMBAI(No Change),EWS EWS(W),16289,1
2026,Round 2,1101,GMC MUMBAI(No Change),EWS HA EWS,9770,1
2026,Round 2,1101,GMC MUMBAI(Ret.),EWS HA EWS(W),16962,1
2026,Round 2,1101,GMC MUMBAI(Ret.),EWS OPEN,4212,1
2026,Round 2,1101,GMC MUMBAI(Ret.),EWS OPEN (W),4285,1
2026,Round 2,1101,GMC MUMBAI,EWS PWD PWD-EWS PH,271399,1
2026,Round 2,1101,GMC MUMBAI,HA HOPEN,8534,1
2026,Round 2,1101,GMC MUMBAI,HA HOPENW,14054,1
2026,Round 2,1101,GMC MUMBAI(Ret.),MKB MKB W,27749,1
2026,Round 2,1101,GMC MUMBAI(Ret.),NTB NTB,24904,2
2026,Round 2,1101,GMC MUMBAI(No Change),NTB NTB,25593,1
2026,Round 2,1101,GMC MUMBAI(Ret.),NTB NTB(W),29572,1
2026,Round 2,1101,GMC MUMBAI(Ret.),NTB PWD PWD-NTB PH,842690,1
2026,Round 2,1101,GMC MUMBAI,NTC D1PWD PWD-OPEN PH,269125,1
2026,Round 2,1101,GMC MUMBAI(Ret.),NTC HA HNTC,35211,1
2026,Round 2,1101,GMC MUMBAI(Ret.),NTC NTC,13235,3
2026,Round 2,1101,GMC MUMBAI(No Change),NTC NTC,14070,2
2026,Round 2,1101,GMC MUMBAI(Ret.),NTC NTC(W),9875,2
2026,Round 2,1101,GMC MUMBAI(Ret.),NTD D1 DEF1,20168,1
2026,Round 2,1101,GMC MUMBAI(No Change),NTD EMNTD (EMR),7008,1
2026,Round 2,1101,GMC MUMBAI(No Change),NTD HA OPEN (EMD),4084,1
2026,Round 2,1101,GMC MUMBAI(No Pref),NTD NTD,7968,1
2026,Round 2,1101,GMC MUMBAI(Ret.),NTD NTD,9397,1
2026,Round 2,1101,GMC MUMBAI(Ret.),NTD NTD(W),10173,1
2026,Round 2,1101,GMC MUMBAI(No Change),OBC EMOBC (EMR),6993,3
2026,Round 2,1101,GMC MUMBAI(No Pref),OBC EMOBC (EMR),6890,2
2026,Round 2,1101,GMC MUMBAI(Ret.),OBC EMOBC (EMR),8296,1
2026,Round 2,1101,GMC MUMBAI,OBC EMOBC (EMR),10780,1
2026,Round 2,1101,GMC MUMBAI,OBC EMOBCW (EMR),12094,1
2026,Round 2,1101,GMC MUMBAI(Ret.),OBC HA EMOBC (EMR),7678,1
2026,Round 2,1101,GMC MUMBAI(No Change),OBC HA HOBC,7090,1
2026,Round 2,1101,GMC MUMBAI(Ret.),OBC HA OBC,9786,2
2026,Round 2,1101,GMC MUMBAI(No Change),OBC HA OBC,9105,1
2026,Round 2,1101,GMC MUMBAI(No Pref),OBC HA OBC,9820,1
2026,Round 2,1101,GMC MUMBAI(No Pref),OBC OBC,8852,1
2026,Round 2,1101,GMC MUMBAI(No Change),OBC OBC,10742,9
2026,Round 2,1101,GMC MUMBAI(Ret.),OBC OBC,10217,2
2026,Round 2,1101,GMC MUMBAI,OBC OBC,10888,1
2026,Round 2,1101,GMC MUMBAI(No Change),OBC OBC(W),10200,2
2026,Round 2,1101,GMC MUMBAI(Ret.),OBC OBC(W),11713,5
2026,Round 2,1101,GMC MUMBAI,OBC OBC(W),12887,3
2026,Round 2,1101,GMC MUMBAI,OBC OPEN,5395,2
2026,Round 2,1101,GMC MUMBAI(Ret.),OBC OPEN (EMD),5343,3
2026,Round 2,1101,GMC MUMBAI,OBC PWD PEM OBC PH (EMR),335466,1
2026,Round 2,1101,GMC MUMBAI(Ret.),OBC PWD PWD-OBC PH,313119,1
2026,Round 2,1101,GMC MUMBAI(Ret.),OBC PWD PWD-OPEN (EMD),118767,1
2026,Round 2,1101,GMC MUMBAI(No Change),OPEN,6163,7
2026,Round 2,1101,GMC MUMBAI(Ret.),OPEN,6376,4
2026,Round 2,1101,GMC MUMBAI,OPEN,8317,16
2026,Round 2,1101,GMC MUMBAI(No Change),OPEN (W),5359,7
2026,Round 2,1101,GMC MUMBAI(Ret.),OPEN (W),4547,1
2026,Round 2,1101,GMC MUMBAI,OPEN (W),7783,8
2026,Round 2,1101,GMC MUMBAI,PWD PWD-OPEN PH,52372,1
2026,Round 2,1101,GMC MUMBAI(No Pref),SC D1 SC,40708,1
2026,Round 2,1101,GMC MUMBAI(Ret.),SC HA HSCW,57410,1
2026,Round 2,1101,GMC MUMBAI(Ret.),SC HA SC,27290,1
2026,Round 2,1101,GMC MUMBAI(Ret.),SC PWD PWD-SC PH,529217,1
2026,Round 2,1101,GMC MUMBAI(No Pref),SC SC,34168,5
2026,Round 2,1101,GMC MUMBAI(Ret.),SC SC,39767,4
2026,Round 2,1101,GMC MUMBAI(No Change),SC SC,39247,2
2026,Round 2,1101,GMC MUMBAI,SC SC,48224,4
2026,Round 2,1101,GMC MUMBAI(No Pref),SC SC (W),13452,1
2026,Round 2,1101,GMC MUMBAI(No Change),SC SC (W),39118,2
2026,Round 2,1101,GMC MUMBAI,SC SC (W),52262,3
2026,Round 2,1101,GMC MUMBAI(Ret.),SC SC (W),37730,1
2026,Round 2,1101,GMC MUMBAI(No Change),SEBC EMSEBC (EMR),6929,2
2026,Round 2,1101,GMC MUMBAI(Ret.),SEBC EMSEBC (EMR),7723,1
2026,Round 2,1101,GMC MUMBAI(No Change),SEBC SEBC,8984,4
2026,Round 2,1101,GMC MUMBAI(Ret.),SEBC SEBC,8996,4
2026,Round 2,1101,GMC MUMBAI,SEBC SEBC,9364,1
2026,Round 2,1101,GMC MUMBAI(Ret.),SEBC SEBC(W),11366,4
2026,Round 2,1101,GMC MUMBAI(No Change),SEBC SEBC(W),10546,2
2026,Round 2,1101,GMC MUMBAI(Ret.),SEBCD1 DEF1 W,17368,1
2026,Round 2,1101,GMC MUMBAI(No Change),SEBCHA HSEBC,12554,1
2026,Round 2,1101,GMC MUMBAI(Ret.),SEBCPWD PWD-SEBC PH,452501,1
2026,Round 2,1101,GMC MUMBAI(Ret.),SOBC OBC(W),8505,1
2026,Round 2,1101,GMC MUMBAI(No Change),SOBC OPEN,6321,1
2026,Round 2,1101,GMC MUMBAI,ST D2 ST (W),129865,1
2026,Round 2,1101,GMC MUMBAI(Ret.),ST HA ST (W),80676,1
2026,Round 2,1101,GMC MUMBAI,ST ST,140757,4
2026,Round 2,1101,GMC MUMBAI(Ret.),ST ST,127653,4
2026,Round 2,1101,GMC MUMBAI(No Change),ST ST,99930,1
2026,Round 2,1101,GMC MUMBAI(No Pref),ST ST (W),121540,2
2026,Round 2,1101,GMC MUMBAI(Ret.),ST ST (W),46520,1
2026,Round 2,1101,GMC MUMBAI(Ret.),VJA PWD PWD-VJA PH,676033,1
2026,Round 2,1101,GMC MUMBAI(Ret.),VJA VJA,14561,2
2026,Round 2,1101,GMC MUMBAI(No Change),VJA VJA,12282,1
2026,Round 2,1101,GMC MUMBAI(Ret.),VJA VJA (W),13205,2
2026,Round 2,1102,Tilak MC MUMBAI(Ret.),D1 DEF1,20691,1
2026,Round 2,1102,Tilak MC MUMBAI,D3 DEF3,23097,1
2026,Round 2,1102,Tilak MC MUMBAI(No Change),EWS EWS,23775,6
2026,Round 2,1102,Tilak MC MUMBAI,EWS EWS,28362,2
2026,Round 2,1102,Tilak MC MUMBAI(No Change),EWS EWS(W),20317,3
2026,Round 2,1102,Tilak MC MUMBAI(Ret.),EWS EWS(W),16912,1
2026,Round 2,1102,Tilak MC MUMBAI,EWS EWS(W),28421,1
2026,Round 2,1102,Tilak MC MUMBAI(No Change),EWS HA EWS,19888,1
2026,Round 2,1102,Tilak MC MUMBAI(Ret.),EWS HA HEWS,14137,1
2026,Round 2,1102,Tilak MC MUMBAI(Ret.),EWS PWD PWD-EWS PH,475884,1
2026,Round 2,1102,Tilak MC MUMBAI(No Change),HA HOPENW,12010,1
2026,Round 2,1102,Tilak MC MUMBAI,NTB D1HA NTB(W),63394,1
2026,Round 2,1102,Tilak MC MUMBAI(No Change),NTB NTB,41021,2
2026,Round 2,1102,Tilak MC MUMBAI(Ret.),NTB NTB,46532,2
2026,Round 2,1102,Tilak MC MUMBAI(Ret.),NTC NTC,7533,1
2026,Round 2,1102,Tilak MC MUMBAI(No Change),NTC NTC,15002,1
2026,Round 2,1102,Tilak MC MUMBAI,NTC NTC,19544,1
2026,Round 2,1102,Tilak MC MUMBAI(No Change),NTC NTC(W),17134,2
2026,Round 2,1102,Tilak MC MUMBAI(No Change),NTC PWD PWD-NTC PH,475280,1
2026,Round 2,1102,Tilak MC MUMBAI(No Change),NTD NTD,15954,2
2026,Round 2,1102,Tilak MC MUMBAI(No Change),NTD NTD(W),12573,1
2026,Round 2,1102,Tilak MC MUMBAI,OBC D1 DEF1 W,23599,1
2026,Round 2,1102,Tilak MC MUMBAI(Ret.),OBC D2 DEF2 W,39228,1
2026,Round 2,1102,Tilak MC MUMBAI(Ret.),OBC HA HOBC W,25913,1
2026,Round 2,1102,Tilak MC MUMBAI(Ret.),OBC HA OBC,12209,1
2026,Round 2,1102,Tilak MC MUMBAI(No Change),OBC OBC,14531,7
2026,Round 2,1102,Tilak MC MUMBAI(Ret.),OBC OBC,11363,2
2026,Round 2,1102,Tilak MC MUMBAI(No Pref),OBC OBC,10919,1
2026,Round 2,1102,Tilak MC MUMBAI,OBC OBC,18135,6
2026,Round 2,1102,Tilak MC MUMBAI(No Change),OBC OBC(W),13894,8
2026,Round 2,1102,Tilak MC MUMBAI,OBC PWD PWD-OBC PH,484819,1
2026,Round 2,1102,Tilak MC MUMBAI(No Change),OPEN,4797,16
2026,Round 2,1102,Tilak MC MUMBAI,OPEN,5983,11
2026,Round 2,1102,Tilak MC MUMBAI(Ret.),OPEN,4886,2
2026,Round 2,1102,Tilak MC MUMBAI(No Change),OPEN (W),5763,8
2026,Round 2,1102,Tilak MC MUMBAI(Ret.),OPEN (W),5481,1
2026,Round 2,1102,Tilak MC MUMBAI,OPEN (W),7151,4
2026,Round 2,1102,Tilak MC MUMBAI(No Change),PWD HA PWD-OPEN PH,203403,1
2026,Round 2,1102,Tilak MC MUMBAI(Ret.),PWD PWD-OPEN PH,271663,1
2026,Round 2,1102,Tilak MC MUMBAI(No Change),SC D1 SC,60578,1
2026,Round 2,1102,Tilak MC MUMBAI(No Change),SC HA HSC,50397,1
2026,Round 2,1102,Tilak MC MUMBAI(No Change),SC HA SC,62747,1
2026,Round 2,1102,Tilak MC MUMBAI,SC PWD PWD-SC PH,1114770,1
2026,Round 2,1102,Tilak MC MUMBAI(Ret.),SC SC,64669,3
2026,Round 2,1102,Tilak MC MUMBAI(No Change),SC SC,65934,6
2026,Round 2,1102,Tilak MC MUMBAI,SC SC,67143,2
2026,Round 2,1102,Tilak MC MUMBAI(Ret.),SC SC (W),61837,2
2026,Round 2,1102,Tilak MC MUMBAI(No Change),SC SC (W),62403,4
2026,Round 2,1102,Tilak MC MUMBAI,SC SC (W),74564,1
2026,Round 2,1102,Tilak MC MUMBAI(No Change),SEBC EMSEBC (EMR),7988,1
2026,Round 2,1102,Tilak MC MUMBAI,SEBC SEBC,8151,1
2026,Round 2,1102,Tilak MC MUMBAI(No Change),SEBC SEBC,14707,8
2026,Round 2,1102,Tilak MC MUMBAI(No Change),SEBC SEBC(W),14540,3
2026,Round 2,1102,Tilak MC MUMBAI,SEBC SEBC(W),14887,2
2026,Round 2,1102,Tilak MC MUMBAI(No Change),SEBCD1 DEF1,22962,1
2026,Round 2,1102,Tilak MC MUMBAI(No Change),SEBCHA HSEBC,16323,1
2026,Round 2,1102,Tilak MC MUMBAI(No Change),SEBCPWD PWD-SEBC PH,588102,1
2026,Round 2,1102,Tilak MC MUMBAI(No Change),SOBC OBC,13912,2
2026,Round 2,1102,Tilak MC MUMBAI,SOBC OBC,18250,1
2026,Round 2,1102,Tilak MC MUMBAI(No Change),SOBC OBC(W),12782,1
2026,Round 2,1102,Tilak MC MUMBAI(No Change),ST HA ST,179010,1
2026,Round 2,1102,Tilak MC MUMBAI(No Change),ST ST,171926,5
2026,Round 2,1102,Tilak MC MUMBAI(Ret.),ST ST,178029,2
2026,Round 2,1102,Tilak MC MUMBAI(No Change),ST ST (W),141048,1
2026,Round 2,1102,Tilak MC MUMBAI,ST ST (W),209879,2
2026,Round 2,1102,Tilak MC MUMBAI(No Change),VJA PWD PWD-OPEN PH,226577,1
2026,Round 2,1102,Tilak MC MUMBAI(No Change),VJA VJA,26651,3
2026,Round 2,1102,Tilak MC MUMBAI(Ret.),VJA VJA,18042,1
2026,Round 2,1102,Tilak MC MUMBAI,VJA VJA (W),33469,1
2026,Round 2,1103,GSMC MUMBAI,D3 DEF3,20838,1
2026,Round 2,1103,GSMC MUMBAI(Ret.),EWS D1 DEF1,8392,1
2026,Round 2,1103,GSMC MUMBAI(Ret.),EWS EWS,5685,8
2026,Round 2,1103,GSMC MUMBAI(No Change),EWS EWS,3353,1
2026,Round 2,1103,GSMC MUMBAI(No Pref),EWS EWS,4590,2
2026,Round 2,1103,GSMC MUMBAI,EWS EWS,8335,3
2026,Round 2,1103,GSMC MUMBAI(Ret.),EWS EWS(W),2294,2
2026,Round 2,1103,GSMC MUMBAI(No Pref),EWS EWS(W),3931,2
2026,Round 2,1103,GSMC MUMBAI,EWS EWS(W),7727,1
2026,Round 2,1103,GSMC MUMBAI(Ret.),EWS HA EWS(W),3735,1
2026,Round 2,1103,GSMC MUMBAI,EWS OPEN,2762,1
2026,Round 2,1103,GSMC MUMBAI(Ret.),EWS PWD PWD-EWS PH,452951,1
2026,Round 2,1103,GSMC MUMBAI(Ret.),HA HOPENW,1295,1
2026,Round 2,1103,GSMC MUMBAI,HA OPEN (W),2540,1
2026,Round 2,1103,GSMC MUMBAI,NTB EMNTB (EMR),29736,1
2026,Round 2,1103,GSMC MUMBAI(Ret.),NTB HA NTB,12491,2
2026,Round 2,1103,GSMC MUMBAI(Ret.),NTB NTB,17235,1
2026,Round 2,1103,GSMC MUMBAI,NTB NTB(W),33436,1
2026,Round 2,1103,GSMC MUMBAI,NTC D1 DEF1 W,17911,1
2026,Round 2,1103,GSMC MUMBAI(Ret.),NTC HA EMNTC (EMR),2625,1
2026,Round 2,1103,GSMC MUMBAI(Ret.),NTC HA NTC,4947,1
2026,Round 2,1103,GSMC MUMBAI(Ret.),NTC HA NTC(W),4993,1
2026,Round 2,1103,GSMC MUMBAI(No Pref),NTC NTC,4859,2
2026,Round 2,1103,GSMC MUMBAI(Ret.),NTC NTC,6116,1
2026,Round 2,1103,GSMC MUMBAI(Ret.),NTC NTC(W),5781,1
2026,Round 2,1103,GSMC MUMBAI(Ret.),NTC PWD PWD-NTC PH,447236,1
2026,Round 2,1103,GSMC MUMBAI(Ret.),NTD D1 DEF1,12395,1
2026,Round 2,1103,GSMC MUMBAI,NTD D2 DEF2,38149,1
2026,Round 2,1103,GSMC MUMBAI(No Pref),NTD EMNTD (EMR),3456,1
2026,Round 2,1103,GSMC MUMBAI(No Pref),NTD EMNTDW (EMR),5048,1
2026,Round 2,1103,GSMC MUMBAI(No Pref),NTD NTD,3833,1
2026,Round 2,1103,GSMC MUMBAI(Ret.),NTD OPEN (W) (EMD),1541,1
2026,Round 2,1103,GSMC MUMBAI(Ret.),NTD PWD PWD-NTD PH,810342,1
2026,Round 2,1103,GSMC MUMBAI(No Pref),OBC EMOBC (EMR),1912,1
2026,Round 2,1103,GSMC MUMBAI(Ret.),OBC EMOBC (EMR),2153,1
2026,Round 2,1103,GSMC MUMBAI,OBC EMOBC (EMR),6001,13
2026,Round 2,1103,GSMC MUMBAI(No Pref),OBC HA HOBC W,6804,1
2026,Round 2,1103,GSMC MUMBAI,OBC HA HOPEN,732,1
2026,Round 2,1103,GSMC MUMBAI(Ret.),OBC HA OBC,3007,1
2026,Round 2,1103,GSMC MUMBAI(No Pref),OBC HA OBC,4211,1
2026,Round 2,1103,GSMC MUMBAI(Ret.),OBC OBC,4281,5
2026,Round 2,1103,GSMC MUMBAI(No Pref),OBC OBC,3973,2
2026,Round 2,1103,GSMC MUMBAI,OBC OBC,6244,1
2026,Round 2,1103,GSMC MUMBAI(No Change),OBC OBC(W),2775,1
2026,Round 2,1103,GSMC MUMBAI(Ret.),OBC OBC(W),5998,6
2026,Round 2,1103,GSMC MUMBAI,OBC OBC(W),7916,2
2026,Round 2,1103,GSMC MUMBAI,OBC OPEN (EMD),2868,6
2026,Round 2,1103,GSMC MUMBAI,OBC PWD PEM OBC PH (EMR),403084,1
2026,Round 2,1103,GSMC MUMBAI,OBC PWD PWD-OBC PH,458399,1
2026,Round 2,1103,GSMC MUMBAI,OPEN,2859,17
2026,Round 2,1103,GSMC MUMBAI(No Pref),OPEN,1141,2
2026,Round 2,1103,GSMC MUMBAI(Ret.),OPEN,1796,7
2026,Round 2,1103,GSMC MUMBAI(Ret.),OPEN (W),1919,6
2026,Round 2,1103,GSMC MUMBAI,OPEN (W),2606,8
2026,Round 2,1103,GSMC MUMBAI(No Pref),OPEN (W),1997,3
2026,Round 2,1103,GSMC MUMBAI,PWD PWD-OPEN PH,143295,1
2026,Round 2,1103,GSMC MUMBAI(Ret.),SC HA HSC,20959,1
2026,Round 2,1103,GSMC MUMBAI,SC PWD PEM SC PH (EMR),373042,1
2026,Round 2,1103,GSMC MUMBAI,SC PWD PWD-OPEN (EMD),191206,1
2026,Round 2,1103,GSMC MUMBAI,SC SC,38648,9
2026,Round 2,1103,GSMC MUMBAI(Ret.),SC SC,27059,5
2026,Round 2,1103,GSMC MUMBAI(No Pref),SC SC,22987,2
2026,Round 2,1103,GSMC MUMBAI(No Change),SC SC,22396,1
2026,Round 2,1103,GSMC MUMBAI(Ret.),SC SC (W),21969,3
2026,Round 2,1103,GSMC MUMBAI,SC SC (W),33174,6
2026,Round 2,1103,GSMC MUMBAI,SEBC EMSEBC (EMR),4485,2
2026,Round 2,1103,GSMC MUMBAI(No Pref),SEBC EMSEBCW (EMR),3247,1
2026,Round 2,1103,GSMC MUMBAI,SEBC EMSEBCW (EMR),5841,1
2026,Round 2,1103,GSMC MUMBAI,SEBC OPEN (EMD),2865,2
2026,Round 2,1103,GSMC MUMBAI(Ret.),SEBC SEBC,3994,5
2026,Round 2,1103,GSMC MUMBAI,SEBC SEBC,5908,5
2026,Round 2,1103,GSMC MUMBAI(Ret.),SEBC SEBC(W),3788,3
2026,Round 2,1103,GSMC MUMBAI(No Change),SEBC SEBC(W),3645,1
2026,Round 2,1103,GSMC MUMBAI(Ret.),SEBCHA HSEBC,3304,1
2026,Round 2,1103,GSMC MUMBAI,SEBCPWD PWD-SEBC PH,594294,1
2026,Round 2,1103,GSMC MUMBAI,SOBC EMOBCW (EMR),6963,1
2026,Round 2,1103,GSMC MUMBAI(Ret.),SOBC OBC,3903,1
2026,Round 2,1103,GSMC MUMBAI(Ret.),SOBC OBC(W),3854,1
2026,Round 2,1103,GSMC MUMBAI(Ret.),ST HA HST,95435,1
2026,Round 2,1103,GSMC MUMBAI(Ret.),ST PWD PWD-ST PH,578987,1
2026,Round 2,1103,GSMC MUMBAI(No Pref),ST ST,59709,3
2026,Round 2,1103,GSMC MUMBAI(Ret.),ST ST,64550,1
2026,Round 2,1103,GSMC MUMBAI,ST ST,99789,4
2026,Round 2,1103,GSMC MUMBAI(Ret.),ST ST (W),74604,4
2026,Round 2,1103,GSMC MUMBAI(No Pref),VJA EMVJA (EMR),2155,1
2026,Round 2,1103,GSMC MUMBAI(Ret.),VJA HA VJA,6515,1
2026,Round 2,1103,GSMC MUMBAI(Ret.),VJA PWD PWD-OPEN PH,14641,1
2026,Round 2,1103,GSMC MUMBAI(No Pref),VJA VJA,3450,1
2026,Round 2,1103,GSMC MUMBAI(Ret.),VJA VJA,5893,1
2026,Round 2,1103,GSMC MUMBAI(No Pref),VJA VJA (W),3046,1
2026,Round 2,1103,GSMC MUMBAI,VJA VJA (W),15534,1
2026,Round 2,1104,Nair MC MUMBAI(Ret.),D3 DEF3,14157,1
2026,Round 2,1104,Nair MC MUMBAI,EWS EWS,19860,1
2026,Round 2,1104,Nair MC MUMBAI(Ret.),EWS EWS,20835,1
2026,Round 2,1104,Nair MC MUMBAI(No Change),EWS EWS,24023,5
2026,Round 2,1104,Nair MC MUMBAI(No Pref),EWS EWS,23086,1
2026,Round 2,1104,Nair MC MUMBAI(No Change),EWS EWS(W),23278,3
2026,Round 2,1104,Nair MC MUMBAI,EWS EWS(W),22445,1
2026,Round 2,1104,Nair MC MUMBAI(No Change),EWS PWD PWD-EWS PH,805780,1
2026,Round 2,1104,Nair MC MUMBAI(No Change),HA OPEN,6889,1
2026,Round 2,1104,Nair MC MUMBAI,HA OPEN,8966,1
2026,Round 2,1104,Nair MC MUMBAI(No Change),NTB NTB,38405,1
2026,Round 2,1104,Nair MC MUMBAI,NTB NTB,42164,1
2026,Round 2,1104,Nair MC MUMBAI(No Change),NTB NTB(W),34358,1
2026,Round 2,1104,Nair MC MUMBAI(No Change),NTC HA EMNTC (EMR),16573,1
2026,Round 2,1104,Nair MC MUMBAI(No Change),NTC NTC,19492,2
2026,Round 2,1104,Nair MC MUMBAI(No Change),NTC NTC(W),15157,1
2026,Round 2,1104,Nair MC MUMBAI(No Change),NTC OPEN (EMD),6577,1
2026,Round 2,1104,Nair MC MUMBAI,NTD D1 DEF1 W,44696,1
2026,Round 2,1104,Nair MC MUMBAI(No Change),NTD NTD,10930,2
2026,Round 2,1104,Nair MC MUMBAI(No Change),NTD NTD(W),12682,1
2026,Round 2,1104,Nair MC MUMBAI(No Change),NTD OPEN (W),6961,1
2026,Round 2,1104,Nair MC MUMBAI(No Change),OBC D1 DEF1,27052,1
2026,Round 2,1104,Nair MC MUMBAI(No Change),OBC HA HEM OBC (EMR),11177,1
2026,Round 2,1104,Nair MC MUMBAI(No Change),OBC HA HOPEN (EMD),6501,1
2026,Round 2,1104,Nair MC MUMBAI(No Change),OBC HA OBC,12790,2
2026,Round 2,1104,Nair MC MUMBAI(No Change),OBC HA OBC(W),14788,1
2026,Round 2,1104,Nair MC MUMBAI(No Change),OBC OBC,13821,8
2026,Round 2,1104,Nair MC MUMBAI,OBC OBC,14587,4
2026,Round 2,1104,Nair MC MUMBAI(Ret.),OBC OBC,13018,1
2026,Round 2,1104,Nair MC MUMBAI(No Change),OBC OBC(W),16184,3
2026,Round 2,1104,Nair MC MUMBAI,OBC OBC(W),19340,3
2026,Round 2,1104,Nair MC MUMBAI,OBC OPEN,6588,1
2026,Round 2,1104,Nair MC MUMBAI(No Change),OBC PWD PWD-OBC PH,465850,1
2026,Round 2,1104,Nair MC MUMBAI(No Change),OPEN,6943,4
2026,Round 2,1104,Nair MC MUMBAI,OPEN,8882,11
2026,Round 2,1104,Nair MC MUMBAI(No Change),OPEN (W),5625,3
2026,Round 2,1104,Nair MC MUMBAI,OPEN (W),8128,6
2026,Round 2,1104,Nair MC MUMBAI(Ret.),ORP-C ORPHANC OrphanC,49574,1
2026,Round 2,1104,Nair MC MUMBAI(No Pref),PWD PWD-OPEN PH,277785,1
2026,Round 2,1104,Nair MC MUMBAI(Ret.),PWD PWD-OPEN PH,417310,1
2026,Round 2,1104,Nair MC MUMBAI(No Pref),SC HA SC,57509,1
2026,Round 2,1104,Nair MC MUMBAI,SC PWD PWD-SC PH,377092,1
2026,Round 2,1104,Nair MC MUMBAI(Ret.),SC SC,49933,1
2026,Round 2,1104,Nair MC MUMBAI(No Change),SC SC,65989,3
2026,Round 2,1104,Nair MC MUMBAI,SC SC,69320,5
2026,Round 2,1104,Nair MC MUMBAI(No Change),SC SC (W),72747,3
2026,Round 2,1104,Nair MC MUMBAI,SC SC (W),76115,2
2026,Round 2,1104,Nair MC MUMBAI(No Change),SEBC SEBC,13789,7
2026,Round 2,1104,Nair MC MUMBAI,SEBC SEBC,11149,1
2026,Round 2,1104,Nair MC MUMBAI(No Change),SEBC SEBC(W),14165,3
2026,Round 2,1104,Nair MC MUMBAI,SEBC SEBC(W),14047,1
2026,Round 2,1104,Nair MC MUMBAI(No Pref),SEBCD1 DEF1,26234,1
2026,Round 2,1104,Nair MC MUMBAI(No Change),SEBCHA HSEBC,12873,1
2026,Round 2,1104,Nair MC MUMBAI(No Change),ST HA HSTW,213451,1
2026,Round 2,1104,Nair MC MUMBAI(No Change),ST PWD PWD-ST PH,988094,1
2026,Round 2,1104,Nair MC MUMBAI(No Change),ST ST,151864,3
2026,Round 2,1104,Nair MC MUMBAI,ST ST,172751,2
2026,Round 2,1104,Nair MC MUMBAI,ST ST (W),105709,1
2026,Round 2,1104,Nair MC MUMBAI(No Change),ST ST (W),151037,1
2026,Round 2,1104,Nair MC MUMBAI,VJA D2 DEF2,59286,1
2026,Round 2,1104,Nair MC MUMBAI(No Change),VJA VJA,24114,2
2026,Round 2,1104,Nair MC MUMBAI(Ret.),VJA VJA,20119,1
2026,Round 2,1104,Nair MC MUMBAI(No Change),VJA VJA (W),27060,1
2026,Round 2,1105,K J Somaiya MC MUMBAI(No Change),I.Q.,81051,4
2026,Round 2,1105,K J Somaiya MC MUMBAI,I.Q.,109826,9
2026,Round 2,1105,K J Somaiya MC MUMBAI(Ret.),I.Q.,79546,2
2026,Round 2,1105,K J Somaiya MC MUMBAI,NTB NTB,103146,1
2026,Round 2,1105,K J Somaiya MC MUMBAI(Ret.),NTC NTC,58381,1
2026,Round 2,1105,K J Somaiya MC MUMBAI(No Change),NTC NTC(W),54297,1
2026,Round 2,1105,K J Somaiya MC MUMBAI,NTD NTD,54788,1
2026,Round 2,1105,K J Somaiya MC MUMBAI(No Change),OBC EMOBC (EMR),40697,1
2026,Round 2,1105,K J Somaiya MC MUMBAI(No Change),OBC HA OBC,47658,1
2026,Round 2,1105,K J Somaiya MC MUMBAI(Ret.),OBC OBC,48710,2
2026,Round 2,1105,K J Somaiya MC MUMBAI(No Change),OBC OBC,49133,1
2026,Round 2,1105,K J Somaiya MC MUMBAI,OBC OBC(W),31093,1
2026,Round 2,1105,K J Somaiya MC MUMBAI(No Change),OBC OBC(W),44302,2
2026,Round 2,1105,K J Somaiya MC MUMBAI(No Change),OBC OPEN (EMD),32658,1
2026,Round 2,1105,K J Somaiya MC MUMBAI(No Change),OPEN,33827,25
2026,Round 2,1105,K J Somaiya MC MUMBAI,OPEN,21011,5
2026,Round 2,1105,K J Somaiya MC MUMBAI(Ret.),OPEN,32737,4
2026,Round 2,1105,K J Somaiya MC MUMBAI(No Pref),OPEN,28155,1
2026,Round 2,1105,K J Somaiya MC MUMBAI(No Change),OPEN (W),24450,13
2026,Round 2,1105,K J Somaiya MC MUMBAI,OPEN (W),13949,1
2026,Round 2,1105,K J Somaiya MC MUMBAI(Ret.),OPEN (W),21508,1
2026,Round 2,1105,K J Somaiya MC MUMBAI(No Change),SC SC,113673,4
2026,Round 2,1105,K J Somaiya MC MUMBAI(No Change),SC SC (W),104622,2
2026,Round 2,1105,K J Somaiya MC MUMBAI,SEBC SEBC,45959,2
2026,Round 2,1105,K J Somaiya MC MUMBAI(No Change),SEBC SEBC,54507,3
2026,Round 2,1105,K J Somaiya MC MUMBAI(No Change),SEBC SEBC(W),48608,2
2026,Round 2,1105,K J Somaiya MC MUMBAI(Ret.),SEBC SEBC(W),50701,1
2026,Round 2,1105,K J Somaiya MC MUMBAI(No Change),SEBCHA SEBC,53925,1
2026,Round 2,1105,K J Somaiya MC MUMBAI,SOBC OBC,33943,1
2026,Round 2,1105,K J Somaiya MC MUMBAI(Ret.),SOBC OBC,47975,1
2026,Round 2,1105,K J Somaiya MC MUMBAI(No Change),ST HA ST,272160,1
2026,Round 2,1105,K J Somaiya MC MUMBAI,ST HA ST,303322,1
2026,Round 2,1105,K J Somaiya MC MUMBAI(No Change),ST ST,226131,1
2026,Round 2,1105,K J Somaiya MC MUMBAI(Ret.),ST ST (W),313753,1
2026,Round 2,1105,K J Somaiya MC MUMBAI(No Change),VJA VJA,83359,1
2026,Round 2,1108,Terna MC NERUL NAVI MUMBAI(No Change),EWS OPEN,49748,4
2026,Round 2,1108,Terna MC NERUL NAVI MUMBAI,EWS OPEN,53673,1
2026,Round 2,1108,Terna MC NERUL NAVI MUMBAI(No Change),I.Q.,151418,3
2026,Round 2,1108,Terna MC NERUL NAVI MUMBAI,I.Q.,248993,16
2026,Round 2,1108,Terna MC NERUL NAVI MUMBAI(Ret.),I.Q.,157720,1
2026,Round 2,1108,Terna MC NERUL NAVI MUMBAI,NTB I.Q.,250757,1
2026,Round 2,1108,Terna MC NERUL NAVI MUMBAI(No Change),NTB NTB,73555,1
2026,Round 2,1108,Terna MC NERUL NAVI MUMBAI(Ret.),NTB NTB(W),123495,1
2026,Round 2,1108,Terna MC NERUL NAVI MUMBAI(Ret.),NTC NTC,61644,1
2026,Round 2,1108,Terna MC NERUL NAVI MUMBAI,NTC NTC,62871,1
2026,Round 2,1108,Terna MC NERUL NAVI MUMBAI(No Change),NTC NTC(W),65380,1
2026,Round 2,1108,Terna MC NERUL NAVI MUMBAI(No Change),NTD EMNTD (EMR),53773,1
2026,Round 2,1108,Terna MC NERUL NAVI MUMBAI(No Change),NTD OPEN,52289,1
2026,Round 2,1108,Terna MC NERUL NAVI MUMBAI(No Change),NTD OPEN (EMD),51750,1
2026,Round 2,1108,Terna MC NERUL NAVI MUMBAI(No Change),OBC EMOBC (EMR),54263,5
2026,Round 2,1108,Terna MC NERUL NAVI MUMBAI,OBC I.Q.,207404,2
2026,Round 2,1108,Terna MC NERUL NAVI MUMBAI(No Change),OBC OBC,55744,5
2026,Round 2,1108,Terna MC NERUL NAVI MUMBAI(Ret.),OBC OBC(W),52891,1
2026,Round 2,1108,Terna MC NERUL NAVI MUMBAI(No Change),OBC OBC(W),53742,2
2026,Round 2,1108,Terna MC NERUL NAVI MUMBAI,OBC OBC(W),56299,1
2026,Round 2,1108,Terna MC NERUL NAVI MUMBAI(No Change),OBC OPEN (EMD),52126,5
2026,Round 2,1108,Terna MC NERUL NAVI MUMBAI(No Change),OPEN,52766,29
2026,Round 2,1108,Terna MC NERUL NAVI MUMBAI,OPEN,53443,9
2026,Round 2,1108,Terna MC NERUL NAVI MUMBAI(Ret.),OPEN,52070,3
2026,Round 2,1108,Terna MC NERUL NAVI MUMBAI(No Change),OPEN (W),47655,11
2026,Round 2,1108,Terna MC NERUL NAVI MUMBAI(Ret.),OPEN (W),47650,5
2026,Round 2,1108,Terna MC NERUL NAVI MUMBAI,OPEN (W),52958,7
2026,Round 2,1108,Terna MC NERUL NAVI MUMBAI,SC D1 SC,95292,1
2026,Round 2,1108,Terna MC NERUL NAVI MUMBAI(No Change),SC SC,129638,3
2026,Round 2,1108,Terna MC NERUL NAVI MUMBAI(Ret.),SC SC,143352,3
2026,Round 2,1108,Terna MC NERUL NAVI MUMBAI,SC SC (W),119508,1
2026,Round 2,1108,Terna MC NERUL NAVI MUMBAI(No Change),SC SC (W),140491,2
2026,Round 2,1108,Terna MC NERUL NAVI MUMBAI,SEBC EMSEBC (EMR),56080,1
2026,Round 2,1108,Terna MC NERUL NAVI MUMBAI(No Change),SEBC EMSEBC (EMR),57417,1
2026,Round 2,1108,Terna MC NERUL NAVI MUMBAI(No Change),SEBC SEBC,60705,4
2026,Round 2,1108,Terna MC NERUL NAVI MUMBAI(Ret.),SEBC SEBC,58896,1
2026,Round 2,1108,Terna MC NERUL NAVI MUMBAI(No Change),SEBC SEBC(W),53486,1
2026,Round 2,1108,Terna MC NERUL NAVI MUMBAI(Ret.),SEBC SEBC(W),55978,1
2026,Round 2,1108,Terna MC NERUL NAVI MUMBAI,SEBC SEBC(W),62833,2
2026,Round 2,1108,Terna MC NERUL NAVI MUMBAI(No Change),SEBCHA OPEN (EMD),52137,1
2026,Round 2,1108,Terna MC NERUL NAVI MUMBAI(No Change),SEBCHA SEBC,59292,2
2026,Round 2,1108,Terna MC NERUL NAVI MUMBAI,ST ST,317343,3
2026,Round 2,1108,Terna MC NERUL NAVI MUMBAI(No Change),ST ST,321936,1
2026,Round 2,1108,Terna MC NERUL NAVI MUMBAI(No Change),ST ST (W),327080,1
2026,Round 2,1108,Terna MC NERUL NAVI MUMBAI(No Change),VJA VJA,85399,1
2026,Round 2,1108,Terna MC NERUL NAVI MUMBAI(No Change),VJA VJA (W),98477,1
2026,Round 2,1109,RGMC KALVA THANE(Ret.),D1 DEF1,21065,1
2026,Round 2,1109,RGMC KALVA THANE(No Change),D1 DEF1 W,51134,1
2026,Round 2,1109,RGMC KALVA THANE(Ret.),D2 DEF2,48849,1
2026,Round 2,1109,RGMC KALVA THANE,D3 DEF3,40451,1
2026,Round 2,1109,RGMC KALVA THANE(Ret.),EWS EWS,21420,1
2026,Round 2,1109,RGMC KALVA THANE(No Change),EWS EWS,33643,3
2026,Round 2,1109,RGMC KALVA THANE,EWS EWS,34348,1
2026,Round 2,1109,RGMC KALVA THANE(Ret.),EWS EWS(W),29551,1
2026,Round 2,1109,RGMC KALVA THANE,EWS EWS(W),33991,1
2026,Round 2,1109,RGMC KALVA THANE,EWS HA HEWS,48683,1
2026,Round 2,1109,RGMC KALVA THANE(No Change),HA HOPENW,20505,1
2026,Round 2,1109,RGMC KALVA THANE(No Change),NTB HA NTB,68247,1
2026,Round 2,1109,RGMC KALVA THANE(Ret.),NTB NTB(W),65573,1
2026,Round 2,1109,RGMC KALVA THANE(No Change),NTC NTC,31066,2
2026,Round 2,1109,RGMC KALVA THANE(No Change),NTC NTC(W),28936,1
2026,Round 2,1109,RGMC KALVA THANE,NTD NTD,23272,1
2026,Round 2,1109,RGMC KALVA THANE(No Change),NTD NTD(W),35278,1
2026,Round 2,1109,RGMC KALVA THANE(No Change),NTD PWD PWD-OPEN PH,441610,1
2026,Round 2,1109,RGMC KALVA THANE(No Change),OBC D1 DEF1,34075,1
2026,Round 2,1109,RGMC KALVA THANE(No Change),OBC HA OBC,22148,1
2026,Round 2,1109,RGMC KALVA THANE,OBC HA OBC,24506,1
2026,Round 2,1109,RGMC KALVA THANE(No Change),OBC OBC,22473,2
2026,Round 2,1109,RGMC KALVA THANE,OBC OBC,26926,6
2026,Round 2,1109,RGMC KALVA THANE(No Change),OBC OBC(W),25257,2
2026,Round 2,1109,RGMC KALVA THANE,OBC OBC(W),26292,2
2026,Round 2,1109,RGMC KALVA THANE(Ret.),OBC PWD PWD-OBC PH,461698,1
2026,Round 2,1109,RGMC KALVA THANE(No Change),OPEN,10265,2
2026,Round 2,1109,RGMC KALVA THANE,OPEN,11595,10
2026,Round 2,1109,RGMC KALVA THANE(No Change),OPEN (W),10212,1
2026,Round 2,1109,RGMC KALVA THANE,OPEN (W),11347,4
2026,Round 2,1109,RGMC KALVA THANE,SC HA HSC,116739,1
2026,Round 2,1109,RGMC KALVA THANE,SC PWD PWD-SC PH,1107633,1
2026,Round 2,1109,RGMC KALVA THANE(No Change),SC SC,82132,5
2026,Round 2,1109,RGMC KALVA THANE,SC SC,82552,1
2026,Round 2,1109,RGMC KALVA THANE(No Change),SC SC (W),81130,2
2026,Round 2,1109,RGMC KALVA THANE,SC SC (W),83949,1
2026,Round 2,1109,RGMC KALVA THANE(No Change),SEBC SEBC,21853,3
2026,Round 2,1109,RGMC KALVA THANE(Ret.),SEBC SEBC,20600,1
2026,Round 2,1109,RGMC KALVA THANE,SEBC SEBC,23609,1
2026,Round 2,1109,RGMC KALVA THANE(No Change),SEBC SEBC(W),19908,2
2026,Round 2,1109,RGMC KALVA THANE,SEBC SEBC(W),19536,1
2026,Round 2,1109,RGMC KALVA THANE,SEBCPWD PWD-SEBC PH,886337,1
2026,Round 2,1109,RGMC KALVA THANE(No Change),SOBC OBC(W),24466,1
2026,Round 2,1109,RGMC KALVA THANE(No Change),ST D1 ST,220765,1
2026,Round 2,1109,RGMC KALVA THANE(No Change),ST HA ST,206375,1
2026,Round 2,1109,RGMC KALVA THANE(No Change),ST ST,213118,1
2026,Round 2,1109,RGMC KALVA THANE,ST ST,223787,1
2026,Round 2,1109,RGMC KALVA THANE,ST ST (W),215990,1
2026,Round 2,1109,RGMC KALVA THANE(No Change),ST ST (W),218007,1
2026,Round 2,1109,RGMC KALVA THANE(No Change),VJA ORP-A ORPHAN Orphan-A,1110051,1
2026,Round 2,1109,RGMC KALVA THANE(No Change),VJA VJA,38186,2
2026,Round 2,1109,RGMC KALVA THANE(No Change),VJA VJA (W),48095,1
2026,Round 2,1110,BJMC PUNE(Ret.),D3 DEF3 W,29622,1
2026,Round 2,1110,BJMC PUNE(Ret.),EWS EWS,16747,8
2026,Round 2,1110,BJMC PUNE(No Change),EWS EWS,12767,1
2026,Round 2,1110,BJMC PUNE,EWS EWS,19066,2
2026,Round 2,1110,BJMC PUNE(Ret.),EWS EWS(W),15224,5
2026,Round 2,1110,BJMC PUNE(No Change),EWS EWS(W),10250,1
2026,Round 2,1110,BJMC PUNE(No Change),EWS HA EWS,10529,1
2026,Round 2,1110,BJMC PUNE(Ret.),EWS HA EWS,12655,1
2026,Round 2,1110,BJMC PUNE(Ret.),EWS OPEN,3921,1
2026,Round 2,1110,BJMC PUNE(Ret.),EWS PWD PWD-EWS PH,460344,1
2026,Round 2,1110,BJMC PUNE(No Pref),HA HOPEN,3755,1
2026,Round 2,1110,BJMC PUNE(No Pref),HA OPEN,5075,1
2026,Round 2,1110,BJMC PUNE(Ret.),MKB MKB,13627,1
2026,Round 2,1110,BJMC PUNE(Ret.),NTB HA HNTB,58106,1
2026,Round 2,1110,BJMC PUNE(Ret.),NTB NTB,19553,3
2026,Round 2,1110,BJMC PUNE(Ret.),NTB NTB(W),30884,1
2026,Round 2,1110,BJMC PUNE(No Change),NTC NTC,10544,2
2026,Round 2,1110,BJMC PUNE(Ret.),NTC NTC,13553,3
2026,Round 2,1110,BJMC PUNE,NTC NTC,13707,1
2026,Round 2,1110,BJMC PUNE(Ret.),NTC NTC(W),17011,2
2026,Round 2,1110,BJMC PUNE,NTC PWD PWD-OPEN PH,195831,1
2026,Round 2,1110,BJMC PUNE(Ret.),NTD D1 DEF1 W,8866,1
2026,Round 2,1110,BJMC PUNE(No Change),NTD EMNTD (EMR),5865,1
2026,Round 2,1110,BJMC PUNE(No Change),NTD NTD,6035,1
2026,Round 2,1110,BJMC PUNE(Ret.),NTD NTD,7322,1
2026,Round 2,1110,BJMC PUNE(Ret.),NTD NTD(W),8341,1
2026,Round 2,1110,BJMC PUNE(No Change),NTD OPEN (EMD),5223,1
2026,Round 2,1110,BJMC PUNE(Ret.),OBC D1 DEF1,16471,2
2026,Round 2,1110,BJMC PUNE,OBC D2 DEF2,44533,1
2026,Round 2,1110,BJMC PUNE(No Change),OBC EMOBC (EMR),6475,1
2026,Round 2,1110,BJMC PUNE(Ret.),OBC EMOBC (EMR),6928,1
2026,Round 2,1110,BJMC PUNE,OBC EMOBC (EMR),9964,3
2026,Round 2,1110,BJMC PUNE(Ret.),OBC EMOBCW (EMR),6756,2
2026,Round 2,1110,BJMC PUNE(No Change),OBC OBC,8577,3
2026,Round 2,1110,BJMC PUNE(Ret.),OBC OBC,9644,15
2026,Round 2,1110,BJMC PUNE(No Pref),OBC OBC,8915,1
2026,Round 2,1110,BJMC PUNE(Ret.),OBC OBC(W),11513,6
2026,Round 2,1110,BJMC PUNE(No Change),OBC OBC(W),11508,2
2026,Round 2,1110,BJMC PUNE,OBC OBC(W),11832,1
2026,Round 2,1110,BJMC PUNE(Ret.),OBC OPEN (EMD),4348,1
2026,Round 2,1110,BJMC PUNE(No Pref),OBC OPEN (W),4666,1
2026,Round 2,1110,BJMC PUNE,OBC OPEN (W),5300,1
2026,Round 2,1110,BJMC PUNE(No Pref),OBC OPEN (W) (EMD),5875,1
2026,Round 2,1110,BJMC PUNE(Ret.),OBC ORP-C ORPHANC-OB Orphan-C OBC,59801,1
2026,Round 2,1110,BJMC PUNE(Ret.),OBC PWD PWD-OBC PH,308697,1
2026,Round 2,1110,BJMC PUNE(No Change),OBC PWD PWD-OBC PH,347653,1
2026,Round 2,1110,BJMC PUNE,OBC PWD PWD-OPEN PH,230727,1
2026,Round 2,1110,BJMC PUNE(Ret.),OPEN,5249,9
2026,Round 2,1110,BJMC PUNE,OPEN,6825,10
2026,Round 2,1110,BJMC PUNE(No Pref),OPEN,3594,1
2026,Round 2,1110,BJMC PUNE(No Change),OPEN,5364,8
2026,Round 2,1110,BJMC PUNE(Ret.),OPEN (W),4819,6
2026,Round 2,1110,BJMC PUNE(No Change),OPEN (W),4205,2
2026,Round 2,1110,BJMC PUNE,OPEN (W),6787,3
2026,Round 2,1110,BJMC PUNE(No Change),PWD PWD-OPEN PH,284019,1
2026,Round 2,1110,BJMC PUNE(Ret.),SC HA HSC,48979,1
2026,Round 2,1110,BJMC PUNE(Ret.),SC PWD PWD-SC PH,427097,1
2026,Round 2,1110,BJMC PUNE,SC SC,55658,5
2026,Round 2,1110,BJMC PUNE(Ret.),SC SC,54494,9
2026,Round 2,1110,BJMC PUNE(No Pref),SC SC,48443,1
2026,Round 2,1110,BJMC PUNE(No Change),SC SC,54667,2
2026,Round 2,1110,BJMC PUNE(Ret.),SC SC (W),51475,5
2026,Round 2,1110,BJMC PUNE,SC SC (W),61833,3
2026,Round 2,1110,BJMC PUNE(Ret.),SEBC EMSEBC (EMR),6180,1
2026,Round 2,1110,BJMC PUNE,SEBC EMSEBC (EMR),9244,1
2026,Round 2,1110,BJMC PUNE(Ret.),SEBC EMSEBCW (EMR),6259,1
2026,Round 2,1110,BJMC PUNE(No Change),SEBC EMSEBCW (EMR),7002,1
2026,Round 2,1110,BJMC PUNE,SEBC OPEN,3402,1
2026,Round 2,1110,BJMC PUNE(Ret.),SEBC OPEN (W),5467,1
2026,Round 2,1110,BJMC PUNE(Ret.),SEBC OPEN (W) (EMD),6161,2
2026,Round 2,1110,BJMC PUNE(No Change),SEBC SEBC,7377,3
2026,Round 2,1110,BJMC PUNE(Ret.),SEBC SEBC,8416,7
2026,Round 2,1110,BJMC PUNE(Ret.),SEBC SEBC(W),9033,2
2026,Round 2,1110,BJMC PUNE(Ret.),SEBCHA EMSEBCW (EMR),6830,1
2026,Round 2,1110,BJMC PUNE(Ret.),SEBCHA HOPENW,3453,1
2026,Round 2,1110,BJMC PUNE,SEBCHA HSEBC,13574,1
2026,Round 2,1110,BJMC PUNE(Ret.),SEBCHA SEBC,7007,1
2026,Round 2,1110,BJMC PUNE(No Change),SEBCHA SEBC(W),10275,1
2026,Round 2,1110,BJMC PUNE(Ret.),SEBCPWD PWD-SEBC PH,420716,1
2026,Round 2,1110,BJMC PUNE(Ret.),SOBC HA HOBC W,8849,1
2026,Round 2,1110,BJMC PUNE(No Change),SOBC OBC,7486,1
2026,Round 2,1110,BJMC PUNE,SOBC OPEN,3829,1
2026,Round 2,1110,BJMC PUNE(Ret.),SOBC OPEN (W) (EMD),4172,1
2026,Round 2,1110,BJMC PUNE(Ret.),ST HA ST (W),100655,1
2026,Round 2,1110,BJMC PUNE(Ret.),ST PWD PWD-ST PH,900605,1
2026,Round 2,1110,BJMC PUNE(Ret.),ST ST,121725,8
2026,Round 2,1110,BJMC PUNE(No Change),ST ST,113006,1
2026,Round 2,1110,BJMC PUNE,ST ST,127860,1
2026,Round 2,1110,BJMC PUNE(Ret.),ST ST (W),104569,3
2026,Round 2,1110,BJMC PUNE(Ret.),VJA PWD PWD-VJA PH,819687,1
2026,Round 2,1110,BJMC PUNE(Ret.),VJA VJA,11839,2
2026,Round 2,1110,BJMC PUNE(No Change),VJA VJA,10209,1
2026,Round 2,1110,BJMC PUNE(Ret.),VJA VJA (W),11656,1
2026,Round 2,1110,BJMC PUNE(No Change),VJA VJA (W),15649,1
2026,Round 2,1112,MIMER MC TALEGAON PUNE(Ret.),EWS OPEN,56201,1
2026,Round 2,1112,MIMER MC TALEGAON PUNE,HA OPEN,57483,1
2026,Round 2,1112,MIMER MC TALEGAON PUNE(Ret.),I.Q.,120414,1
2026,Round 2,1112,MIMER MC TALEGAON PUNE,I.Q.,535494,12
2026,Round 2,1112,MIMER MC TALEGAON PUNE(Ret.),NTB HA NTB(W),123337,1
2026,Round 2,1112,MIMER MC TALEGAON PUNE(No Change),NTB NTB,101684,1
2026,Round 2,1112,MIMER MC TALEGAON PUNE(Ret.),NTC EMNTC (EMR),60782,1
2026,Round 2,1112,MIMER MC TALEGAON PUNE(No Change),NTC HA NTC(W),57664,1
2026,Round 2,1112,MIMER MC TALEGAON PUNE(No Change),NTC OPEN (EMD),48809,1
2026,Round 2,1112,MIMER MC TALEGAON PUNE(No Change),NTD EMNTD (EMR),57674,1
2026,Round 2,1112,MIMER MC TALEGAON PUNE,NTD I.Q.,363815,1
2026,Round 2,1112,MIMER MC TALEGAON PUNE(No Change),NTD NTD(W),57103,1
2026,Round 2,1112,MIMER MC TALEGAON PUNE(No Change),NTD OPEN,55523,5
2026,Round 2,1112,MIMER MC TALEGAON PUNE,NTD OPEN,57740,1
2026,Round 2,1112,MIMER MC TALEGAON PUNE(No Change),NTD OPEN (EMD),51292,1
2026,Round 2,1112,MIMER MC TALEGAON PUNE(No Change),OBC EMOBC (EMR),58464,6
2026,Round 2,1112,MIMER MC TALEGAON PUNE(Ret.),OBC EMOBC (EMR),58479,1
2026,Round 2,1112,MIMER MC TALEGAON PUNE(No Change),OBC EMOBCW (EMR),58190,4
2026,Round 2,1112,MIMER MC TALEGAON PUNE(No Change),OBC HA EMOBC (EMR),58272,2
2026,Round 2,1112,MIMER MC TALEGAON PUNE(No Change),OBC HA OPEN,56512,1
2026,Round 2,1112,MIMER MC TALEGAON PUNE,OBC I.Q.,565103,5
2026,Round 2,1112,MIMER MC TALEGAON PUNE,OBC OPEN,51464,1
2026,Round 2,1112,MIMER MC TALEGAON PUNE(No Change),OBC OPEN,56572,3
2026,Round 2,1112,MIMER MC TALEGAON PUNE(No Change),OBC OPEN (EMD),55723,8
2026,Round 2,1112,MIMER MC TALEGAON PUNE(Ret.),OBC OPEN (EMD),55786,1
2026,Round 2,1112,MIMER MC TALEGAON PUNE(No Change),OBC OPEN (W),54130,4
2026,Round 2,1112,MIMER MC TALEGAON PUNE,OBC OPEN (W),56048,2
2026,Round 2,1112,MIMER MC TALEGAON PUNE(No Change),OBC OPEN (W) (EMD),52284,1
2026,Round 2,1112,MIMER MC TALEGAON PUNE(No Change),OPEN,56972,18
2026,Round 2,1112,MIMER MC TALEGAON PUNE,OPEN,57934,6
2026,Round 2,1112,MIMER MC TALEGAON PUNE,OPEN (W),57053,5
2026,Round 2,1112,MIMER MC TALEGAON PUNE(No Change),OPEN (W),53367,7
2026,Round 2,1112,MIMER MC TALEGAON PUNE,SC I.Q.,516244,1
2026,Round 2,1112,MIMER MC TALEGAON PUNE,SC SC,116270,1
2026,Round 2,1112,MIMER MC TALEGAON PUNE(No Change),SC SC,137155,6
2026,Round 2,1112,MIMER MC TALEGAON PUNE(Ret.),SC SC (W),107056,1
2026,Round 2,1112,MIMER MC TALEGAON PUNE(No Change),SC SC (W),131810,1
2026,Round 2,1112,MIMER MC TALEGAON PUNE,SEBC EMSEBC (EMR),57984,1
2026,Round 2,1112,MIMER MC TALEGAON PUNE(No Change),SEBC EMSEBC (EMR),62806,5
2026,Round 2,1112,MIMER MC TALEGAON PUNE(Ret.),SEBC EMSEBC (EMR),62151,1
2026,Round 2,1112,MIMER MC TALEGAON PUNE(No Change),SEBC EMSEBCW (EMR),60112,1
2026,Round 2,1112,MIMER MC TALEGAON PUNE,SEBC I.Q.,542372,1
2026,Round 2,1112,MIMER MC TALEGAON PUNE(No Change),SEBC OPEN (EMD),56694,7
2026,Round 2,1112,MIMER MC TALEGAON PUNE(No Change),SEBC OPEN (W),53224,1
2026,Round 2,1112,MIMER MC TALEGAON PUNE(No Change),SEBC OPEN (W) (EMD),53886,1
2026,Round 2,1112,MIMER MC TALEGAON PUNE(No Change),SEBC SEBC,62891,1
2026,Round 2,1112,MIMER MC TALEGAON PUNE(Ret.),SEBC SEBC,63237,1
2026,Round 2,1112,MIMER MC TALEGAON PUNE(No Change),SEBC SEBC(W),61672,2
2026,Round 2,1112,MIMER MC TALEGAON PUNE(No Change),SEBCHA EMSEBCW (EMR),60899,1
2026,Round 2,1112,MIMER MC TALEGAON PUNE(No Change),SOBC EMOBC (EMR),58268,1
2026,Round 2,1112,MIMER MC TALEGAON PUNE,SOBC HA OPEN (W),56953,1
2026,Round 2,1112,MIMER MC TALEGAON PUNE,SOBC I.Q.,563910,1
2026,Round 2,1112,MIMER MC TALEGAON PUNE,SOBC OPEN (W),55636,1
2026,Round 2,1112,MIMER MC TALEGAON PUNE(No Change),ST ST,323555,3
2026,Round 2,1112,MIMER MC TALEGAON PUNE(Ret.),ST ST,319373,1
2026,Round 2,1112,MIMER MC TALEGAON PUNE(Ret.),ST ST (W),318161,1
2026,Round 2,1112,MIMER MC TALEGAON PUNE(No Change),ST ST (W),328360,1
2026,Round 2,1112,MIMER MC TALEGAON PUNE(No Change),VJA VJA,89323,2
2026,Round 2,1114,V M MC SOLAPUR(No Change),D1 DEF1,36892,1
2026,Round 2,1114,V M MC SOLAPUR,D2 DEF2,69584,1
2026,Round 2,1114,V M MC SOLAPUR,D3 DEF3 W,48502,1
2026,Round 2,1114,V M MC SOLAPUR(Ret.),EWS EWS,46294,3
2026,Round 2,1114,V M MC SOLAPUR(No Change),EWS EWS,48324,7
2026,Round 2,1114,V M MC SOLAPUR,EWS EWS,49289,1
2026,Round 2,1114,V M MC SOLAPUR(No Change),EWS EWS(W),42909,3
2026,Round 2,1114,V M MC SOLAPUR(No Pref),EWS EWS(W),41555,2
2026,Round 2,1114,V M MC SOLAPUR(No Change),EWS PWD HA PWD-EWS PH,888270,1
2026,Round 2,1114,V M MC SOLAPUR,HA OPEN (W),20530,1
2026,Round 2,1114,V M MC SOLAPUR,MKB MKB,59021,1
2026,Round 2,1114,V M MC SOLAPUR(No Change),NTB NTB,67094,1
2026,Round 2,1114,V M MC SOLAPUR,NTB NTB,72789,2
2026,Round 2,1114,V M MC SOLAPUR(No Change),NTB NTB(W),72337,1
2026,Round 2,1114,V M MC SOLAPUR(No Pref),NTC D1 DEF1 W,25521,1
2026,Round 2,1114,V M MC SOLAPUR(Ret.),NTC EMNTC (EMR),24985,1
2026,Round 2,1114,V M MC SOLAPUR(No Change),NTC NTC,33621,2
2026,Round 2,1114,V M MC SOLAPUR(Ret.),NTC NTC(W),31959,1
2026,Round 2,1114,V M MC SOLAPUR(No Change),NTC NTC(W),33471,1
2026,Round 2,1114,V M MC SOLAPUR(Ret.),NTC OPEN (EMD),14315,1
2026,Round 2,1114,V M MC SOLAPUR,NTC PWD PWD-NTC PH,798687,1
2026,Round 2,1114,V M MC SOLAPUR(No Change),NTD EMNTD (EMR),21160,1
2026,Round 2,1114,V M MC SOLAPUR(No Change),NTD NTD,21738,1
2026,Round 2,1114,V M MC SOLAPUR,NTD NTD(W),36809,1
2026,Round 2,1114,V M MC SOLAPUR(No Change),NTD OPEN (EMD),17061,1
2026,Round 2,1114,V M MC SOLAPUR,NTD PWD PWD-OPEN PH,396397,1
2026,Round 2,1114,V M MC SOLAPUR(Ret.),OBC EMOBC (EMR),20379,1
2026,Round 2,1114,V M MC SOLAPUR(Ret.),OBC EMOBCW (EMR),22375,1
2026,Round 2,1114,V M MC SOLAPUR,OBC HA HOBC,31004,1
2026,Round 2,1114,V M MC SOLAPUR,OBC OBC,23926,2
2026,Round 2,1114,V M MC SOLAPUR(No Change),OBC OBC,26150,16
2026,Round 2,1114,V M MC SOLAPUR(No Change),OBC OBC(W),27364,5
2026,Round 2,1114,V M MC SOLAPUR,OBC OBC(W),28124,4
2026,Round 2,1114,V M MC SOLAPUR(No Change),OBC OPEN (EMD),18366,1
2026,Round 2,1114,V M MC SOLAPUR(No Change),OBC OPEN (W) (EMD),13642,1
2026,Round 2,1114,V M MC SOLAPUR(No Change),OBC PWD PEM OBC PH (EMR),626727,1
2026,Round 2,1114,V M MC SOLAPUR,OBC PWD PWD-OPEN PH,578926,1
2026,Round 2,1114,V M MC SOLAPUR(Ret.),OPEN,12173,1
2026,Round 2,1114,V M MC SOLAPUR(No Change),OPEN,18434,10
2026,Round 2,1114,V M MC SOLAPUR,OPEN,19980,11
2026,Round 2,1114,V M MC SOLAPUR(No Change),OPEN (W),17665,3
2026,Round 2,1114,V M MC SOLAPUR,OPEN (W),20852,8
2026,Round 2,1114,V M MC SOLAPUR(Ret.),PWD PWD-OPEN PH,154919,1
2026,Round 2,1114,V M MC SOLAPUR(Ret.),SC HA HSCW,116311,1
2026,Round 2,1114,V M MC SOLAPUR(No Change),SC ORP-C ORPHANC OrphanC,514669,1
2026,Round 2,1114,V M MC SOLAPUR,SC PWD PWD-SC PH,1176248,1
2026,Round 2,1114,V M MC SOLAPUR(No Change),SC SC,91521,10
2026,Round 2,1114,V M MC SOLAPUR,SC SC,94337,4
2026,Round 2,1114,V M MC SOLAPUR(Ret.),SC SC (W),76695,2
2026,Round 2,1114,V M MC SOLAPUR,SC SC (W),96241,2
2026,Round 2,1114,V M MC SOLAPUR(No Change),SC SC (W),87173,2
2026,Round 2,1114,V M MC SOLAPUR(No Change),SEBC EMSEBC (EMR),20241,2
2026,Round 2,1114,V M MC SOLAPUR(No Pref),SEBC OPEN (EMD),13756,1
2026,Round 2,1114,V M MC SOLAPUR(No Change),SEBC OPEN (EMD),17876,1
2026,Round 2,1114,V M MC SOLAPUR(No Change),SEBC SEBC,25538,7
2026,Round 2,1114,V M MC SOLAPUR,SEBC SEBC,24871,1
2026,Round 2,1114,V M MC SOLAPUR(Ret.),SEBC SEBC,25076,1
2026,Round 2,1114,V M MC SOLAPUR(No Change),SEBC SEBC(W),19269,1
2026,Round 2,1114,V M MC SOLAPUR(Ret.),SEBC SEBC(W),22726,1
2026,Round 2,1114,V M MC SOLAPUR,SEBC SEBC(W),26552,2
2026,Round 2,1114,V M MC SOLAPUR(No Change),SEBCD1 DEF1,42798,1
2026,Round 2,1114,V M MC SOLAPUR(No Change),SEBCHA HOPEN,24263,1
2026,Round 2,1114,V M MC SOLAPUR(No Change),SEBCHA HSEBC W,31985,1
2026,Round 2,1114,V M MC SOLAPUR(Ret.),SEBCPWD PWD-SEBC PH,716059,1
2026,Round 2,1114,V M MC SOLAPUR(No Change),SOBC OBC,24689,1
2026,Round 2,1114,V M MC SOLAPUR(No Change),ST HA ST (W),223805,1
2026,Round 2,1114,V M MC SOLAPUR,ST ST,200973,3
2026,Round 2,1114,V M MC SOLAPUR(No Change),ST ST,231418,4
2026,Round 2,1114,V M MC SOLAPUR(Ret.),ST ST (W),213161,1
2026,Round 2,1114,V M MC SOLAPUR(No Change),ST ST (W),241226,2
2026,Round 2,1114,V M MC SOLAPUR(No Change),VJA HA HVJA,54121,1
2026,Round 2,1114,V M MC SOLAPUR(No Change),VJA VJA,43791,3
2026,Round 2,1114,V M MC SOLAPUR(Ret.),VJA VJA (W),39049,1
2026,Round 2,1115,GMC MIRAJ(Ret.),D1 DEF1,43932,1
2026,Round 2,1115,GMC MIRAJ(No Change),D3 DEF3,52350,1
2026,Round 2,1115,GMC MIRAJ(No Change),EWS D1 DEF1,48830,1
2026,Round 2,1115,GMC MIRAJ,EWS D1 DEF1 W,51789,1
2026,Round 2,1115,GMC MIRAJ(No Change),EWS EWS,49884,4
2026,Round 2,1115,GMC MIRAJ(Ret.),EWS EWS,47153,5
2026,Round 2,1115,GMC MIRAJ,EWS EWS,51927,2
2026,Round 2,1115,GMC MIRAJ(No Change),EWS EWS(W),49487,4
2026,Round 2,1115,GMC MIRAJ,EWS EWS(W),51367,1
2026,Round 2,1115,GMC MIRAJ(No Change),EWS HA HEWS,48003,1
2026,Round 2,1115,GMC MIRAJ(No Change),MKB MKB,29858,1
2026,Round 2,1115,GMC MIRAJ(No Change),NTB HA HNTB,80766,1
2026,Round 2,1115,GMC MIRAJ(Ret.),NTB NTB,38976,1
2026,Round 2,1115,GMC MIRAJ(No Change),NTB NTB(W),71143,1
2026,Round 2,1115,GMC MIRAJ,NTB PWD PEM NTB PH (EMR),852548,1
2026,Round 2,1115,GMC MIRAJ,NTB PWD PWD-OPEN (EMD),256008,1
2026,Round 2,1115,GMC MIRAJ(No Change),NTB PWD PWD-OPEN PH,545293,1
2026,Round 2,1115,GMC MIRAJ(No Change),NTC NTC,33626,2
2026,Round 2,1115,GMC MIRAJ(Ret.),NTC NTC,35128,2
2026,Round 2,1115,GMC MIRAJ(No Change),NTC NTC(W),37593,2
2026,Round 2,1115,GMC MIRAJ(No Change),NTD EMNTD (EMR),24427,1
2026,Round 2,1115,GMC MIRAJ(No Change),NTD NTD(W),26928,1
2026,Round 2,1115,GMC MIRAJ,NTD OPEN,22763,1
2026,Round 2,1115,GMC MIRAJ(No Change),NTD OPEN (EMD),20572,1
2026,Round 2,1115,GMC MIRAJ(No Change),NTD PWD PWD-NTD PH,867337,1
2026,Round 2,1115,GMC MIRAJ(No Change),OBC D2 DEF2 W,69181,1
2026,Round 2,1115,GMC MIRAJ(Ret.),OBC EMOBC (EMR),26175,1
2026,Round 2,1115,GMC MIRAJ(No Change),OBC EMOBC (EMR),26282,1
2026,Round 2,1115,GMC MIRAJ(No Change),OBC HA HOBC W,27697,1
2026,Round 2,1115,GMC MIRAJ(No Change),OBC HA OBC(W),28493,2
2026,Round 2,1115,GMC MIRAJ(No Change),OBC HA OPEN (EMD),21354,1
2026,Round 2,1115,GMC MIRAJ(No Change),OBC OBC,29781,13
2026,Round 2,1115,GMC MIRAJ(Ret.),OBC OBC,30007,2
2026,Round 2,1115,GMC MIRAJ,OBC OBC,30668,3
2026,Round 2,1115,GMC MIRAJ,OBC OBC(W),31896,4
2026,Round 2,1115,GMC MIRAJ(No Change),OBC OBC(W),29550,2
2026,Round 2,1115,GMC MIRAJ(Ret.),OBC OBC(W),29445,1
2026,Round 2,1115,GMC MIRAJ(No Change),OBC PWD PEM OBC PH (EMR),610424,1
2026,Round 2,1115,GMC MIRAJ(No Change),OPEN,21192,15
2026,Round 2,1115,GMC MIRAJ,OPEN,22104,5
2026,Round 2,1115,GMC MIRAJ(No Change),OPEN (W),20400,5
2026,Round 2,1115,GMC MIRAJ,OPEN (W),24536,9
2026,Round 2,1115,GMC MIRAJ(No Change),PWD PWD-OPEN PH,504147,1
2026,Round 2,1115,GMC MIRAJ(No Change),SC HA HSC,113669,1
2026,Round 2,1115,GMC MIRAJ(No Change),SC HAORP-C ORPHANC OrphanC,547396,1
2026,Round 2,1115,GMC MIRAJ(Ret.),SC SC,98887,4
2026,Round 2,1115,GMC MIRAJ,SC SC,100524,3
2026,Round 2,1115,GMC MIRAJ(No Change),SC SC,99534,6
2026,Round 2,1115,GMC MIRAJ(No Change),SC SC (W),98518,6
2026,Round 2,1115,GMC MIRAJ,SC SC (W),97736,1
2026,Round 2,1115,GMC MIRAJ(No Change),SEBC EMSEBC (EMR),25122,1
2026,Round 2,1115,GMC MIRAJ,SEBC EMSEBC (EMR),27502,1
2026,Round 2,1115,GMC MIRAJ,SEBC OPEN,19794,1
2026,Round 2,1115,GMC MIRAJ(No Change),SEBC OPEN (EMD),20684,1
2026,Round 2,1115,GMC MIRAJ(No Change),SEBC SEBC,27095,6
2026,Round 2,1115,GMC MIRAJ(Ret.),SEBC SEBC,27197,1
2026,Round 2,1115,GMC MIRAJ,SEBC SEBC,27737,1
2026,Round 2,1115,GMC MIRAJ(No Change),SEBC SEBC(W),27431,2
2026,Round 2,1115,GMC MIRAJ,SEBC SEBC(W),28582,2
2026,Round 2,1115,GMC MIRAJ,SEBCHA HOPEN,30305,1
2026,Round 2,1115,GMC MIRAJ(No Change),SEBCHA SEBC,26905,1
2026,Round 2,1115,GMC MIRAJ(No Change),SEBCHA SEBC(W),26798,1
2026,Round 2,1115,GMC MIRAJ,SEBCPWD PWD-SEBC PH,1064853,1
2026,Round 2,1115,GMC MIRAJ(No Change),SOBC OBC,29360,1
2026,Round 2,1115,GMC MIRAJ(Ret.),SOBC OPEN (EMD),17796,1
2026,Round 2,1115,GMC MIRAJ,ST ST,244092,2
2026,Round 2,1115,GMC MIRAJ(Ret.),ST ST,239173,2
2026,Round 2,1115,GMC MIRAJ(No Change),ST ST,236968,4
2026,Round 2,1115,GMC MIRAJ(No Change),ST ST (W),229552,3
2026,Round 2,1115,GMC MIRAJ(No Change),VJA VJA,52360,3
2026,Round 2,1115,GMC MIRAJ(No Change),VJA VJA (W),64134,2
2026,Round 2,1118,V PAWAR MC NASIK,HA OPEN (W),62068,1
2026,Round 2,1118,V PAWAR MC NASIK(Ret.),I.Q.,111504,1
2026,Round 2,1118,V PAWAR MC NASIK(No Change),I.Q.,273625,1
2026,Round 2,1118,V PAWAR MC NASIK,I.Q.,647509,12
2026,Round 2,1118,V PAWAR MC NASIK(Ret.),NTB HA NTB,100348,1
2026,Round 2,1118,V PAWAR MC NASIK(No Change),NTC NTC,63324,1
2026,Round 2,1118,V PAWAR MC NASIK,NTC NTC,66397,1
2026,Round 2,1118,V PAWAR MC NASIK(No Change),NTC NTC(W),65780,1
2026,Round 2,1118,V PAWAR MC NASIK(No Change),NTD EMNTD (EMR),62543,1
2026,Round 2,1118,V PAWAR MC NASIK(No Change),NTD HA OPEN (EMD),43210,1
2026,Round 2,1118,V PAWAR MC NASIK,NTD I.Q.,283997,1
2026,Round 2,1118,V PAWAR MC NASIK(No Change),NTD NTD(W),67432,1
2026,Round 2,1118,V PAWAR MC NASIK(No Change),NTD OPEN,60505,5
2026,Round 2,1118,V PAWAR MC NASIK(Ret.),NTD OPEN,60191,2
2026,Round 2,1118,V PAWAR MC NASIK,NTD OPEN,66199,3
2026,Round 2,1118,V PAWAR MC NASIK(No Change),OBC EMOBC (EMR),63694,6
2026,Round 2,1118,V PAWAR MC NASIK(Ret.),OBC EMOBC (EMR),64096,2
2026,Round 2,1118,V PAWAR MC NASIK,OBC EMOBC (EMR),66712,1
2026,Round 2,1118,V PAWAR MC NASIK(No Change),OBC EMOBCW (EMR),62648,3
2026,Round 2,1118,V PAWAR MC NASIK(No Change),OBC HA EMOBC (EMR),63438,1
2026,Round 2,1118,V PAWAR MC NASIK,OBC HA OPEN,65246,2
2026,Round 2,1118,V PAWAR MC NASIK(No Pref),OBC HA OPEN (W),54723,1
2026,Round 2,1118,V PAWAR MC NASIK(Ret.),OBC I.Q.,292623,2
2026,Round 2,1118,V PAWAR MC NASIK,OBC I.Q.,651802,1
2026,Round 2,1118,V PAWAR MC NASIK,OBC OPEN,66220,6
2026,Round 2,1118,V PAWAR MC NASIK(No Change),OBC OPEN,61281,5
2026,Round 2,1118,V PAWAR MC NASIK(No Change),OBC OPEN (EMD),59631,6
2026,Round 2,1118,V PAWAR MC NASIK(Ret.),OBC OPEN (EMD),59508,3
2026,Round 2,1118,V PAWAR MC NASIK,OBC OPEN (W),64139,3
2026,Round 2,1118,V PAWAR MC NASIK(Ret.),OBC OPEN (W),55494,2
2026,Round 2,1118,V PAWAR MC NASIK(No Change),OBC OPEN (W),57891,2
2026,Round 2,1118,V PAWAR MC NASIK(No Pref),OBC OPEN (W) (EMD),48199,1
2026,Round 2,1118,V PAWAR MC NASIK(No Change),OBC OPEN (W) (EMD),52565,1
2026,Round 2,1118,V PAWAR MC NASIK(No Change),OPEN,61241,9
2026,Round 2,1118,V PAWAR MC NASIK,OPEN,65851,7
2026,Round 2,1118,V PAWAR MC NASIK,OPEN (W),63827,5
2026,Round 2,1118,V PAWAR MC NASIK(No Change),OPEN (W),58014,4
2026,Round 2,1118,V PAWAR MC NASIK(Ret.),SC I.Q.,449753,1
2026,Round 2,1118,V PAWAR MC NASIK,SC I.Q.,652453,2
2026,Round 2,1118,V PAWAR MC NASIK,SC SC,140015,2
2026,Round 2,1118,V PAWAR MC NASIK(No Change),SC SC,148343,5
2026,Round 2,1118,V PAWAR MC NASIK(Ret.),SC SC (W),144686,1
2026,Round 2,1118,V PAWAR MC NASIK(No Change),SC SC (W),145632,2
2026,Round 2,1118,V PAWAR MC NASIK(No Change),SEBC EMSEBC (EMR),65132,2
2026,Round 2,1118,V PAWAR MC NASIK(Ret.),SEBC EMSEBC (EMR),65871,1
2026,Round 2,1118,V PAWAR MC NASIK(No Change),SEBC EMSEBCW (EMR),63445,2
2026,Round 2,1118,V PAWAR MC NASIK,SEBC I.Q.,548800,1
2026,Round 2,1118,V PAWAR MC NASIK(No Change),SEBC OPEN (EMD),60514,1
2026,Round 2,1118,V PAWAR MC NASIK,SEBC OPEN (W),64100,2
2026,Round 2,1118,V PAWAR MC NASIK,SEBC SEBC,66953,1
2026,Round 2,1118,V PAWAR MC NASIK(No Change),SEBC SEBC,68141,3
2026,Round 2,1118,V PAWAR MC NASIK(Ret.),SEBC SEBC,67911,1
2026,Round 2,1118,V PAWAR MC NASIK(No Change),SEBC SEBC(W),64648,2
2026,Round 2,1118,V PAWAR MC NASIK,SEBCHA OPEN,65883,1
2026,Round 2,1118,V PAWAR MC NASIK(No Change),SEBCHA OPEN (EMD),58952,2
2026,Round 2,1118,V PAWAR MC NASIK(No Change),SEBCHA SEBC,66562,1
2026,Round 2,1118,V PAWAR MC NASIK(Ret.),SOBC EMOBCW (EMR),61712,1
2026,Round 2,1118,V PAWAR MC NASIK(No Change),SOBC OPEN,60701,1
2026,Round 2,1118,V PAWAR MC NASIK,SOBC OPEN (W),62836,1
2026,Round 2,1118,V PAWAR MC NASIK(Ret.),ST ST,280327,1
2026,Round 2,1118,V PAWAR MC NASIK(No Change),ST ST,316512,3
2026,Round 2,1118,V PAWAR MC NASIK(No Change),ST ST (W),314400,1
2026,Round 2,1118,V PAWAR MC NASIK(No Change),VJA VJA,90188,2
2026,Round 2,1118,V PAWAR MC NASIK(Ret.),VJA VJA (W),99032,1
2026,Round 2,1119,B HIRE MC DHULE(Ret.),D3 DEF3,60565,1
2026,Round 2,1119,B HIRE MC DHULE(No Change),EWS EWS,58682,4
2026,Round 2,1119,B HIRE MC DHULE,EWS EWS,54908,2
2026,Round 2,1119,B HIRE MC DHULE(Ret.),EWS EWS,58967,2
2026,Round 2,1119,B HIRE MC DHULE(Ret.),EWS EWS(W),56282,3
2026,Round 2,1119,B HIRE MC DHULE,EWS EWS(W),61299,1
2026,Round 2,1119,B HIRE MC DHULE(Ret.),EWS OPEN,24167,1
2026,Round 2,1119,B HIRE MC DHULE,MKB MKB,79291,1
2026,Round 2,1119,B HIRE MC DHULE(No Change),NTB NTB,84920,1
2026,Round 2,1119,B HIRE MC DHULE,NTB NTB,94274,1
2026,Round 2,1119,B HIRE MC DHULE(Ret.),NTB NTB(W),78755,1
2026,Round 2,1119,B HIRE MC DHULE(No Change),NTC D1 DEF1,74803,1
2026,Round 2,1119,B HIRE MC DHULE(No Change),NTC D2 DEF2 W,82246,1
2026,Round 2,1119,B HIRE MC DHULE(No Change),NTC NTC,46236,3
2026,Round 2,1119,B HIRE MC DHULE(No Change),NTC NTC(W),43502,1
2026,Round 2,1119,B HIRE MC DHULE,NTD NTD,33362,1
2026,Round 2,1119,B HIRE MC DHULE(No Change),NTD NTD,35633,1
2026,Round 2,1119,B HIRE MC DHULE,NTD NTD(W),44144,1
2026,Round 2,1119,B HIRE MC DHULE,OBC D1 DEF1 W,88604,1
2026,Round 2,1119,B HIRE MC DHULE(No Change),OBC EMOBC (EMR),36964,5
2026,Round 2,1119,B HIRE MC DHULE,OBC EMOBC (EMR),35355,1
2026,Round 2,1119,B HIRE MC DHULE(No Change),OBC EMOBCW (EMR),36502,1
2026,Round 2,1119,B HIRE MC DHULE,OBC EMOBCW (EMR),40967,2
2026,Round 2,1119,B HIRE MC DHULE(No Change),OBC HA EMOBC (EMR),35636,1
2026,Round 2,1119,B HIRE MC DHULE(No Change),OBC HA HOPENW,28934,1
2026,Round 2,1119,B HIRE MC DHULE,OBC OBC,36254,1
2026,Round 2,1119,B HIRE MC DHULE(No Change),OBC OBC,39634,7
2026,Round 2,1119,B HIRE MC DHULE(Ret.),OBC OBC,38831,1
2026,Round 2,1119,B HIRE MC DHULE(Ret.),OBC OBC(W),37088,1
2026,Round 2,1119,B HIRE MC DHULE(No Change),OBC OBC(W),39209,2
2026,Round 2,1119,B HIRE MC DHULE,OBC OBC(W),41622,1
2026,Round 2,1119,B HIRE MC DHULE(No Change),OBC OPEN,28588,1
2026,Round 2,1119,B HIRE MC DHULE(Ret.),OBC OPEN (EMD),22446,2
2026,Round 2,1119,B HIRE MC DHULE(No Change),OBC OPEN (EMD),28686,4
2026,Round 2,1119,B HIRE MC DHULE(No Change),OBC OPEN (W),27899,1
2026,Round 2,1119,B HIRE MC DHULE(No Change),OBC OPEN (W) (EMD),25041,1
2026,Round 2,1119,B HIRE MC DHULE,OBC OPEN (W) (EMD),26204,1
2026,Round 2,1119,B HIRE MC DHULE(Ret.),OBC OPEN (W) (EMD),27884,1
2026,Round 2,1119,B HIRE MC DHULE,OBC PWD HA PEM OBC PH (EMR),296298,1
2026,Round 2,1119,B HIRE MC DHULE(Ret.),OBC PWD PWD-OPEN (EMD),559991,1
2026,Round 2,1119,B HIRE MC DHULE(No Change),OPEN,30879,6
2026,Round 2,1119,B HIRE MC DHULE,OPEN,32633,6
2026,Round 2,1119,B HIRE MC DHULE(No Change),OPEN (W),30718,5
2026,Round 2,1119,B HIRE MC DHULE(No Change),PWD PWD-OPEN PH,813270,1
2026,Round 2,1119,B HIRE MC DHULE(Ret.),SC HA HSC,120722,1
2026,Round 2,1119,B HIRE MC DHULE(Ret.),SC SC,120117,3
2026,Round 2,1119,B HIRE MC DHULE,SC SC,111816,2
2026,Round 2,1119,B HIRE MC DHULE(No Change),SC SC,120258,3
2026,Round 2,1119,B HIRE MC DHULE(No Change),SC SC (W),124283,5
2026,Round 2,1119,B HIRE MC DHULE,SEBC SEBC,38610,2
2026,Round 2,1119,B HIRE MC DHULE(No Change),SEBC SEBC,38349,7
2026,Round 2,1119,B HIRE MC DHULE,SEBC SEBC(W),33932,1
2026,Round 2,1119,B HIRE MC DHULE(No Change),SEBC SEBC(W),41010,2
2026,Round 2,1119,B HIRE MC DHULE(No Change),SEBCD1 DEF1,74289,1
2026,Round 2,1119,B HIRE MC DHULE,SEBCHA HSEBC,43893,1
2026,Round 2,1119,B HIRE MC DHULE(No Change),ST HA ST,253298,1
2026,Round 2,1119,B HIRE MC DHULE(No Change),ST ST,250708,2
2026,Round 2,1119,B HIRE MC DHULE(Ret.),ST ST,251225,1
2026,Round 2,1119,B HIRE MC DHULE,ST ST,255900,2
2026,Round 2,1119,B HIRE MC DHULE(No Change),ST ST (W),276982,3
2026,Round 2,1119,B HIRE MC DHULE(No Change),VJA VJA,61155,2
2026,Round 2,1119,B HIRE MC DHULE(No Change),VJA VJA (W),67040,1
2026,Round 2,1120,ACPM MC DHULE(No Change),EWS OPEN,73246,1
2026,Round 2,1120,ACPM MC DHULE(No Change),EWS OPEN (W),72567,1
2026,Round 2,1120,ACPM MC DHULE(No Change),I.Q.,283561,2
2026,Round 2,1120,ACPM MC DHULE,I.Q.,419382,3
2026,Round 2,1120,ACPM MC DHULE(No Change),NTB NTB,128585,1
2026,Round 2,1120,ACPM MC DHULE,NTC EMNTC (EMR),76478,1
2026,Round 2,1120,ACPM MC DHULE,NTC NTC(W),76305,1
2026,Round 2,1120,ACPM MC DHULE(No Change),NTC OPEN (EMD),68429,1
2026,Round 2,1120,ACPM MC DHULE,NTD I.Q.,361681,1
2026,Round 2,1120,ACPM MC DHULE(No Change),NTD NTD,74629,1
2026,Round 2,1120,ACPM MC DHULE(No Change),NTD OPEN (W),73153,1
2026,Round 2,1120,ACPM MC DHULE,NTD OPEN (W),75849,2
2026,Round 2,1120,ACPM MC DHULE(No Change),OBC EMOBC (EMR),76072,4
2026,Round 2,1120,ACPM MC DHULE,OBC EMOBC (EMR),76441,3
2026,Round 2,1120,ACPM MC DHULE(No Change),OBC EMOBCW (EMR),74370,1
2026,Round 2,1120,ACPM MC DHULE,OBC HA OPEN,74635,1
2026,Round 2,1120,ACPM MC DHULE(No Change),OBC HA OPEN (EMD),61858,1
2026,Round 2,1120,ACPM MC DHULE(No Change),OBC HA OPEN (W) (EMD),67836,1
2026,Round 2,1120,ACPM MC DHULE,OBC I.Q.,442408,5
2026,Round 2,1120,ACPM MC DHULE(No Change),OBC I.Q.,332424,1
2026,Round 2,1120,ACPM MC DHULE(No Change),OBC OBC(W),74934,1
2026,Round 2,1120,ACPM MC DHULE,OBC OPEN,74410,5
2026,Round 2,1120,ACPM MC DHULE(No Change),OBC OPEN,73440,2
2026,Round 2,1120,ACPM MC DHULE(No Change),OBC OPEN (EMD),70125,3
2026,Round 2,1120,ACPM MC DHULE,OBC OPEN (W),75670,2
2026,Round 2,1120,ACPM MC DHULE(No Change),OBC OPEN (W) (EMD),64764,1
2026,Round 2,1120,ACPM MC DHULE(No Change),OPEN,72730,12
2026,Round 2,1120,ACPM MC DHULE,OPEN,74517,6
2026,Round 2,1120,ACPM MC DHULE(Ret.),OPEN,72106,1
2026,Round 2,1120,ACPM MC DHULE,OPEN (W),75912,8
2026,Round 2,1120,ACPM MC DHULE(Ret.),SC I.Q.,325097,1
2026,Round 2,1120,ACPM MC DHULE,SC I.Q.,353042,1
2026,Round 2,1120,ACPM MC DHULE,SC SC,146165,1
2026,Round 2,1120,ACPM MC DHULE(No Change),SC SC,158908,4
2026,Round 2,1120,ACPM MC DHULE(No Change),SC SC (W),158132,2
2026,Round 2,1120,ACPM MC DHULE(No Change),SEBC EMSEBC (EMR),73983,1
2026,Round 2,1120,ACPM MC DHULE,SEBC EMSEBC (EMR),75758,1
2026,Round 2,1120,ACPM MC DHULE(No Change),SEBC EMSEBCW (EMR),79946,1
2026,Round 2,1120,ACPM MC DHULE,SEBC OPEN,74592,2
2026,Round 2,1120,ACPM MC DHULE(No Change),SEBC SEBC,74993,2
2026,Round 2,1120,ACPM MC DHULE,SEBC SEBC,78127,2
2026,Round 2,1120,ACPM MC DHULE(No Change),SEBC SEBC(W),80294,1
2026,Round 2,1120,ACPM MC DHULE(No Change),SOBC EMOBCW (EMR),73755,1
2026,Round 2,1120,ACPM MC DHULE(No Change),ST HA ST,323665,1
2026,Round 2,1120,ACPM MC DHULE(No Change),ST ST,323840,1
2026,Round 2,1120,ACPM MC DHULE(No Change),ST ST (W),337697,1
2026,Round 2,1120,ACPM MC DHULE,VJA I.Q.,429972,1
2026,Round 2,1120,ACPM MC DHULE(No Change),VJA OPEN,71826,1
2026,Round 2,1120,ACPM MC DHULE(No Change),VJA VJA,99611,1
2026,Round 2,1132,GMC KOLHAPUR,D2 DEF2,69231,1
2026,Round 2,1132,GMC KOLHAPUR,D3 DEF3,53694,1
2026,Round 2,1132,GMC KOLHAPUR(Ret.),EWS EWS,47523,3
2026,Round 2,1132,GMC KOLHAPUR(No Change),EWS EWS,47077,4
2026,Round 2,1132,GMC KOLHAPUR(Ret.),EWS EWS(W),46609,2
2026,Round 2,1132,GMC KOLHAPUR,EWS EWS(W),38134,1
2026,Round 2,1132,GMC KOLHAPUR(No Change),EWS EWS(W),39045,1
2026,Round 2,1132,GMC KOLHAPUR,EWS HA EWS,39946,1
2026,Round 2,1132,GMC KOLHAPUR(No Change),EWS HA HEWS,45062,1
2026,Round 2,1132,GMC KOLHAPUR,MKB MKB W,58236,1
2026,Round 2,1132,GMC KOLHAPUR,NTB NTB,64984,1
2026,Round 2,1132,GMC KOLHAPUR(No Change),NTB NTB,69770,1
2026,Round 2,1132,GMC KOLHAPUR(Ret.),NTB NTB(W),71257,1
2026,Round 2,1132,GMC KOLHAPUR(No Change),NTC NTC,29888,2
2026,Round 2,1132,GMC KOLHAPUR(Ret.),NTC NTC,32073,1
2026,Round 2,1132,GMC KOLHAPUR(Ret.),NTC NTC(W),22773,1
2026,Round 2,1132,GMC KOLHAPUR(Ret.),NTD NTD,20543,1
2026,Round 2,1132,GMC KOLHAPUR(No Change),NTD NTD,21750,1
2026,Round 2,1132,GMC KOLHAPUR(No Change),NTD NTD(W),20198,1
2026,Round 2,1132,GMC KOLHAPUR(Ret.),OBC D1 DEF1,39286,1
2026,Round 2,1132,GMC KOLHAPUR(No Change),OBC EMOBC (EMR),22829,2
2026,Round 2,1132,GMC KOLHAPUR(Ret.),OBC EMOBC (EMR),22849,1
2026,Round 2,1132,GMC KOLHAPUR(Ret.),OBC HA HOBC W,27421,1
2026,Round 2,1132,GMC KOLHAPUR(No Change),OBC HA OBC,23229,1
2026,Round 2,1132,GMC KOLHAPUR(Ret.),OBC HA OPEN (EMD),16277,1
2026,Round 2,1132,GMC KOLHAPUR(No Change),OBC HA OPEN (EMD),16454,1
2026,Round 2,1132,GMC KOLHAPUR(Ret.),OBC OBC,26157,3
2026,Round 2,1132,GMC KOLHAPUR,OBC OBC,23608,1
2026,Round 2,1132,GMC KOLHAPUR(No Change),OBC OBC,25869,7
2026,Round 2,1132,GMC KOLHAPUR(Ret.),OBC OBC(W),23421,3
2026,Round 2,1132,GMC KOLHAPUR(No Change),OBC OBC(W),22176,1
2026,Round 2,1132,GMC KOLHAPUR(No Pref),OBC OBC(W),22429,1
2026,Round 2,1132,GMC KOLHAPUR,OBC OBC(W),24776,1
2026,Round 2,1132,GMC KOLHAPUR(No Change),OBC OPEN (EMD),11082,1
2026,Round 2,1132,GMC KOLHAPUR,OBC PWD PEM OBC PH (EMR),610437,1
2026,Round 2,1132,GMC KOLHAPUR(No Change),OBC PWD PWD-OPEN (EMD),617049,1
2026,Round 2,1132,GMC KOLHAPUR(No Change),OPEN,16694,7
2026,Round 2,1132,GMC KOLHAPUR(Ret.),OPEN,14548,1
2026,Round 2,1132,GMC KOLHAPUR,OPEN,17843,7
2026,Round 2,1132,GMC KOLHAPUR(No Change),OPEN (W),15828,3
2026,Round 2,1132,GMC KOLHAPUR(Ret.),OPEN (W),14865,1
2026,Round 2,1132,GMC KOLHAPUR,OPEN (W),17083,4
2026,Round 2,1132,GMC KOLHAPUR(No Change),PWD PWD-OPEN PH,561062,1
2026,Round 2,1132,GMC KOLHAPUR(No Change),SC D2 SC,87071,1
2026,Round 2,1132,GMC KOLHAPUR,SC PWD PWD-SC PH,1143656,1
2026,Round 2,1132,GMC KOLHAPUR(No Change),SC SC,90473,6
2026,Round 2,1132,GMC KOLHAPUR(Ret.),SC SC,84555,1
2026,Round 2,1132,GMC KOLHAPUR,SC SC,85876,2
2026,Round 2,1132,GMC KOLHAPUR(Ret.),SC SC (W),60210,1
2026,Round 2,1132,GMC KOLHAPUR(No Change),SC SC (W),76943,1
2026,Round 2,1132,GMC KOLHAPUR,SC SC (W),88962,3
2026,Round 2,1132,GMC KOLHAPUR(No Change),SEBC EMSEBC (EMR),17869,1
2026,Round 2,1132,GMC KOLHAPUR(No Change),SEBC EMSEBCW (EMR),18518,1
2026,Round 2,1132,GMC KOLHAPUR(No Change),SEBC OPEN (EMD),16723,1
2026,Round 2,1132,GMC KOLHAPUR(Ret.),SEBC OPEN (W) (EMD),10022,1
2026,Round 2,1132,GMC KOLHAPUR(No Change),SEBC SEBC,23562,4
2026,Round 2,1132,GMC KOLHAPUR(Ret.),SEBC SEBC,22194,1
2026,Round 2,1132,GMC KOLHAPUR(No Change),SEBC SEBC(W),20368,2
2026,Round 2,1132,GMC KOLHAPUR(Ret.),SEBC SEBC(W),21112,1
2026,Round 2,1132,GMC KOLHAPUR(No Change),SEBCD1 DEF1,39327,1
2026,Round 2,1132,GMC KOLHAPUR(No Change),SEBCD1 DEF1 W,44717,1
2026,Round 2,1132,GMC KOLHAPUR(Ret.),SEBCHA HOPEN,8225,1
2026,Round 2,1132,GMC KOLHAPUR(No Change),SEBCHA SEBC,21099,1
2026,Round 2,1132,GMC KOLHAPUR(Ret.),SEBCORP-C ORPHANC OrphanC,346399,1
2026,Round 2,1132,GMC KOLHAPUR(No Change),SEBCPWD PWD-SEBC PH,966627,1
2026,Round 2,1132,GMC KOLHAPUR,SOBC OBC,23583,1
2026,Round 2,1132,GMC KOLHAPUR(No Change),ST HA HST,197404,1
2026,Round 2,1132,GMC KOLHAPUR(Ret.),ST ST,213626,3
2026,Round 2,1132,GMC KOLHAPUR(No Change),ST ST,226380,1
2026,Round 2,1132,GMC KOLHAPUR(No Change),ST ST (W),223116,2
2026,Round 2,1132,GMC KOLHAPUR(Ret.),ST ST (W),241735,1
2026,Round 2,1132,GMC KOLHAPUR(No Change),VJA VJA,47068,3
2026,Round 2,1132,GMC KOLHAPUR(No Change),VJA VJA (W),54137,1
2026,Round 2,1135,VVPF'S MED. COL AHILYANAGAR(A'NAGAR),AIQ AIQ,158063,49
2026,Round 2,1135,VVPF'S MED. COL AHILYANAGAR(A'NAGAR),EWS AIQ AIQ,151056,5
2026,Round 2,1135,VVPF'S MED. COL AHILYANAGAR(A'NAGAR),EWS HA AIQ AIQ,144100,1
2026,Round 2,1135,VVPF'S MED. COL AHILYANAGAR(A'NAGAR),HA AIQ AIQ,143192,2
2026,Round 2,1135,VVPF'S MED. COL AHILYANAGAR(A'NAGAR),HA OPEN (W),76868,1
2026,Round 2,1135,VVPF'S MED. COL AHILYANAGAR(A'NAGAR),NTB NTB,161268,1
2026,Round 2,1135,VVPF'S MED. COL AHILYANAGAR(A'NAGAR),NTB NTB(W),175403,1
2026,Round 2,1135,VVPF'S MED. COL AHILYANAGAR(A'NAGAR),NTC HA AIQ AIQ,135170,1
2026,Round 2,1135,VVPF'S MED. COL AHILYANAGAR(A'NAGAR),NTC NTC,113096,2
2026,Round 2,1135,VVPF'S MED. COL AHILYANAGAR(A'NAGAR),NTC NTC(W),112834,1
2026,Round 2,1135,VVPF'S MED. COL AHILYANAGAR(A'NAGAR),NTD AIQ AIQ,155733,2
2026,Round 2,1135,VVPF'S MED. COL AHILYANAGAR(A'NAGAR),NTD HA NTD,114938,1
2026,Round 2,1135,VVPF'S MED. COL AHILYANAGAR(A'NAGAR),NTD NTD,119095,1
2026,Round 2,1135,VVPF'S MED. COL AHILYANAGAR(A'NAGAR),OBC AIQ AIQ,158116,17
2026,Round 2,1135,VVPF'S MED. COL AHILYANAGAR(A'NAGAR),OBC EMOBC (EMR),109233,5
2026,Round 2,1135,VVPF'S MED. COL AHILYANAGAR(A'NAGAR),OBC OBC,125535,6
2026,Round 2,1135,VVPF'S MED. COL AHILYANAGAR(A'NAGAR),OBC OBC(W),110049,4
2026,Round 2,1135,VVPF'S MED. COL AHILYANAGAR(A'NAGAR),OBC OPEN (EMD),99655,5
2026,Round 2,1135,VVPF'S MED. COL AHILYANAGAR(A'NAGAR),OPEN,100792,15
2026,Round 2,1135,VVPF'S MED. COL AHILYANAGAR(A'NAGAR),OPEN (W),91585,9
2026,Round 2,1135,VVPF'S MED. COL AHILYANAGAR(A'NAGAR),SC SC,218360,7
2026,Round 2,1135,VVPF'S MED. COL AHILYANAGAR(A'NAGAR),SC SC (W),193965,3
2026,Round 2,1135,VVPF'S MED. COL AHILYANAGAR(A'NAGAR),SEBC AIQ AIQ,157105,8
2026,Round 2,1135,VVPF'S MED. COL AHILYANAGAR(A'NAGAR),SEBC EMSEBC (EMR),110751,2
2026,Round 2,1135,VVPF'S MED. COL AHILYANAGAR(A'NAGAR),SEBC OPEN (EMD),98639,2
2026,Round 2,1135,VVPF'S MED. COL AHILYANAGAR(A'NAGAR),SEBC SEBC,111790,2
2026,Round 2,1135,VVPF'S MED. COL AHILYANAGAR(A'NAGAR),SEBC SEBC(W),107530,2
2026,Round 2,1135,VVPF'S MED. COL AHILYANAGAR(A'NAGAR),SEBCHA AIQ AIQ,157472,2
2026,Round 2,1135,VVPF'S MED. COL AHILYANAGAR(A'NAGAR),SEBCHA SEBC,117896,2
2026,Round 2,1135,VVPF'S MED. COL AHILYANAGAR(A'NAGAR),SOBC AIQ AIQ,156576,1
2026,Round 2,1135,VVPF'S MED. COL AHILYANAGAR(A'NAGAR),ST ST,413967,4
2026,Round 2,1135,VVPF'S MED. COL AHILYANAGAR(A'NAGAR),ST ST (W),431594,2
2026,Round 2,1135,VVPF'S MED. COL AHILYANAGAR(A'NAGAR),VJA AIQ AIQ,146355,2
2026,Round 2,1135,VVPF'S MED. COL AHILYANAGAR(A'NAGAR),VJA VJA,107660,1
2026,Round 2,1135,VVPF'S MED. COL AHILYANAGAR(A'NAGAR),VJA VJA (W),144481,1
2026,Round 2,1137,ASHWINI MED.COL SOLAPUR(No Change),HA OPEN,68993,1
2026,Round 2,1137,ASHWINI MED.COL SOLAPUR,HA OPEN (W),70335,1
2026,Round 2,1137,ASHWINI MED.COL SOLAPUR(Ret.),I.Q.,417609,5
2026,Round 2,1137,ASHWINI MED.COL SOLAPUR,I.Q.,719231,8
2026,Round 2,1137,ASHWINI MED.COL SOLAPUR(No Change),NTB NTB,125120,1
2026,Round 2,1137,ASHWINI MED.COL SOLAPUR,NTB NTB(W),132300,1
2026,Round 2,1137,ASHWINI MED.COL SOLAPUR(No Change),NTC EMNTC (EMR),70050,2
2026,Round 2,1137,ASHWINI MED.COL SOLAPUR,NTC HA OPEN,63494,1
2026,Round 2,1137,ASHWINI MED.COL SOLAPUR(No Change),NTC HA OPEN,67480,1
2026,Round 2,1137,ASHWINI MED.COL SOLAPUR(No Change),NTC OPEN,69128,6
2026,Round 2,1137,ASHWINI MED.COL SOLAPUR,NTC OPEN,69127,1
2026,Round 2,1137,ASHWINI MED.COL SOLAPUR(No Change),NTC OPEN (EMD),66012,2
2026,Round 2,1137,ASHWINI MED.COL SOLAPUR(No Change),NTC OPEN (W),66003,1
2026,Round 2,1137,ASHWINI MED.COL SOLAPUR,NTC OPEN (W),71600,2
2026,Round 2,1137,ASHWINI MED.COL SOLAPUR(No Change),NTD EMNTD (EMR),69825,1
2026,Round 2,1137,ASHWINI MED.COL SOLAPUR,NTD OPEN,63075,1
2026,Round 2,1137,ASHWINI MED.COL SOLAPUR(No Change),NTD OPEN,68854,8
2026,Round 2,1137,ASHWINI MED.COL SOLAPUR(No Change),NTD OPEN (EMD),59937,1
2026,Round 2,1137,ASHWINI MED.COL SOLAPUR(No Change),NTD OPEN (W),62191,1
2026,Round 2,1137,ASHWINI MED.COL SOLAPUR(No Change),OBC EMOBC (EMR),71264,8
2026,Round 2,1137,ASHWINI MED.COL SOLAPUR(No Change),OBC EMOBCW (EMR),69385,2
2026,Round 2,1137,ASHWINI MED.COL SOLAPUR(No Pref),OBC EMOBCW (EMR),69356,1
2026,Round 2,1137,ASHWINI MED.COL SOLAPUR,OBC EMOBCW (EMR),71641,1
2026,Round 2,1137,ASHWINI MED.COL SOLAPUR(No Change),OBC HA OPEN,68183,1
2026,Round 2,1137,ASHWINI MED.COL SOLAPUR(No Change),OBC HA OPEN (EMD),67004,2
2026,Round 2,1137,ASHWINI MED.COL SOLAPUR,OBC HA OPEN (W),69747,1
2026,Round 2,1137,ASHWINI MED.COL SOLAPUR,OBC I.Q.,711453,5
2026,Round 2,1137,ASHWINI MED.COL SOLAPUR(No Change),OBC OPEN,69105,5
2026,Round 2,1137,ASHWINI MED.COL SOLAPUR,OBC OPEN,71537,4
2026,Round 2,1137,ASHWINI MED.COL SOLAPUR(No Change),OBC OPEN (EMD),67726,9
2026,Round 2,1137,ASHWINI MED.COL SOLAPUR(No Change),OBC OPEN (W),64580,3
2026,Round 2,1137,ASHWINI MED.COL SOLAPUR(Ret.),OBC OPEN (W),66152,1
2026,Round 2,1137,ASHWINI MED.COL SOLAPUR,OBC OPEN (W),71340,1
2026,Round 2,1137,ASHWINI MED.COL SOLAPUR(No Change),OBC OPEN (W) (EMD),61723,3
2026,Round 2,1137,ASHWINI MED.COL SOLAPUR(No Change),OPEN,68673,6
2026,Round 2,1137,ASHWINI MED.COL SOLAPUR(Ret.),OPEN,68926,1
2026,Round 2,1137,ASHWINI MED.COL SOLAPUR(No Change),OPEN (W),66888,2
2026,Round 2,1137,ASHWINI MED.COL SOLAPUR,OPEN (W),71465,2
2026,Round 2,1137,ASHWINI MED.COL SOLAPUR(No Change),SC HA SC,146228,1
2026,Round 2,1137,ASHWINI MED.COL SOLAPUR,SC I.Q.,717490,3
2026,Round 2,1137,ASHWINI MED.COL SOLAPUR(Ret.),SC I.Q.,529467,1
2026,Round 2,1137,ASHWINI MED.COL SOLAPUR,SC SC,135919,2
2026,Round 2,1137,ASHWINI MED.COL SOLAPUR(No Change),SC SC,151424,4
2026,Round 2,1137,ASHWINI MED.COL SOLAPUR(No Change),SC SC (W),138350,2
2026,Round 2,1137,ASHWINI MED.COL SOLAPUR(No Change),SEBC EMSEBC (EMR),71616,2
2026,Round 2,1137,ASHWINI MED.COL SOLAPUR,SEBC EMSEBC (EMR),72510,2
2026,Round 2,1137,ASHWINI MED.COL SOLAPUR(No Change),SEBC EMSEBCW (EMR),71060,4
2026,Round 2,1137,ASHWINI MED.COL SOLAPUR,SEBC I.Q.,480297,1
2026,Round 2,1137,ASHWINI MED.COL SOLAPUR(Ret.),SEBC OPEN (EMD),68670,2
2026,Round 2,1137,ASHWINI MED.COL SOLAPUR(No Change),SEBC OPEN (EMD),68947,1
2026,Round 2,1137,ASHWINI MED.COL SOLAPUR(Ret.),SEBC OPEN (W),66314,1
2026,Round 2,1137,ASHWINI MED.COL SOLAPUR,SEBC OPEN (W),70988,1
2026,Round 2,1137,ASHWINI MED.COL SOLAPUR(No Change),SEBC OPEN (W) (EMD),65476,4
2026,Round 2,1137,ASHWINI MED.COL SOLAPUR(No Change),SEBC SEBC,73513,4
2026,Round 2,1137,ASHWINI MED.COL SOLAPUR(Ret.),SEBC SEBC,73366,1
2026,Round 2,1137,ASHWINI MED.COL SOLAPUR(No Change),SOBC EMOBC (EMR),70999,2
2026,Round 2,1137,ASHWINI MED.COL SOLAPUR,SOBC EMOBC (EMR),71834,1
2026,Round 2,1137,ASHWINI MED.COL SOLAPUR,ST ST,318696,1
2026,Round 2,1137,ASHWINI MED.COL SOLAPUR(No Change),ST ST,337670,3
2026,Round 2,1137,ASHWINI MED.COL SOLAPUR(No Change),ST ST (W),335183,2
2026,Round 2,1137,ASHWINI MED.COL SOLAPUR(No Change),VJA VJA,97897,1
2026,Round 2,1137,ASHWINI MED.COL SOLAPUR(No Change),VJA VJA (W),100327,1
2026,Round 2,1138,DR U. PATIL MC JALGAON,I.Q.,406240,7
2026,Round 2,1138,DR U. PATIL MC JALGAON(Ret.),I.Q.,293768,2
2026,Round 2,1138,DR U. PATIL MC JALGAON(No Change),NTB HA NTB,107120,1
2026,Round 2,1138,DR U. PATIL MC JALGAON,NTB NTB,131193,1
2026,Round 2,1138,DR U. PATIL MC JALGAON,NTB NTB(W),132025,1
2026,Round 2,1138,DR U. PATIL MC JALGAON(No Change),NTC EMNTC (EMR),72226,1
2026,Round 2,1138,DR U. PATIL MC JALGAON,NTC I.Q.,401316,4
2026,Round 2,1138,DR U. PATIL MC JALGAON(No Change),NTC NTC,72335,1
2026,Round 2,1138,DR U. PATIL MC JALGAON,NTC NTC(W),76142,1
2026,Round 2,1138,DR U. PATIL MC JALGAON(No Change),NTC OPEN (EMD),68224,1
2026,Round 2,1138,DR U. PATIL MC JALGAON(No Change),NTD EMNTD (EMR),70543,1
2026,Round 2,1138,DR U. PATIL MC JALGAON,NTD I.Q.,331048,1
2026,Round 2,1138,DR U. PATIL MC JALGAON(No Change),NTD NTD,72614,1
2026,Round 2,1138,DR U. PATIL MC JALGAON(No Change),NTD OPEN (EMD),65533,1
2026,Round 2,1138,DR U. PATIL MC JALGAON(No Change),OBC EMOBC (EMR),71496,7
2026,Round 2,1138,DR U. PATIL MC JALGAON,OBC EMOBC (EMR),71611,3
2026,Round 2,1138,DR U. PATIL MC JALGAON(Ret.),OBC EMOBC (EMR),71477,3
2026,Round 2,1138,DR U. PATIL MC JALGAON(No Change),OBC EMOBCW (EMR),72881,2
2026,Round 2,1138,DR U. PATIL MC JALGAON,OBC EMOBCW (EMR),76104,4
2026,Round 2,1138,DR U. PATIL MC JALGAON,OBC HA I.Q.,310354,2
2026,Round 2,1138,DR U. PATIL MC JALGAON(No Change),OBC HA OPEN (W),60469,1
2026,Round 2,1138,DR U. PATIL MC JALGAON,OBC I.Q.,401089,6
2026,Round 2,1138,DR U. PATIL MC JALGAON(No Change),OBC I.Q.,204967,2
2026,Round 2,1138,DR U. PATIL MC JALGAON(Ret.),OBC I.Q.,250416,2
2026,Round 2,1138,DR U. PATIL MC JALGAON,OBC OPEN,63697,6
2026,Round 2,1138,DR U. PATIL MC JALGAON(No Change),OBC OPEN,66818,15
2026,Round 2,1138,DR U. PATIL MC JALGAON(Ret.),OBC OPEN,61661,1
2026,Round 2,1138,DR U. PATIL MC JALGAON(No Change),OBC OPEN (EMD),58355,8
2026,Round 2,1138,DR U. PATIL MC JALGAON,OBC OPEN (W),71457,3
2026,Round 2,1138,DR U. PATIL MC JALGAON(No Change),OBC OPEN (W),68254,2
2026,Round 2,1138,DR U. PATIL MC JALGAON(No Change),OBC OPEN (W) (EMD),62551,4
2026,Round 2,1138,DR U. PATIL MC JALGAON,OPEN,61245,5
2026,Round 2,1138,DR U. PATIL MC JALGAON(No Change),OPEN,67716,16
2026,Round 2,1138,DR U. PATIL MC JALGAON(Ret.),OPEN,67508,1
2026,Round 2,1138,DR U. PATIL MC JALGAON,OPEN (W),72338,9
2026,Round 2,1138,DR U. PATIL MC JALGAON(No Change),OPEN (W),68514,10
2026,Round 2,1138,DR U. PATIL MC JALGAON(Ret.),OPEN (W),67888,1
2026,Round 2,1138,DR U. PATIL MC JALGAON,SC I.Q.,396735,2
2026,Round 2,1138,DR U. PATIL MC JALGAON,SC SC,150946,3
2026,Round 2,1138,DR U. PATIL MC JALGAON(No Change),SC SC,155550,6
2026,Round 2,1138,DR U. PATIL MC JALGAON(No Change),SC SC (W),155313,4
2026,Round 2,1138,DR U. PATIL MC JALGAON,SEBC EMSEBC (EMR),73880,2
2026,Round 2,1138,DR U. PATIL MC JALGAON(No Change),SEBC EMSEBC (EMR),73670,9
2026,Round 2,1138,DR U. PATIL MC JALGAON,SEBC EMSEBCW (EMR),73821,1
2026,Round 2,1138,DR U. PATIL MC JALGAON,SEBC OPEN,63627,3
2026,Round 2,1138,DR U. PATIL MC JALGAON(No Change),SEBC OPEN,67826,4
2026,Round 2,1138,DR U. PATIL MC JALGAON(No Change),SEBC OPEN (EMD),64089,8
2026,Round 2,1138,DR U. PATIL MC JALGAON(No Change),SEBC SEBC(W),72419,4
2026,Round 2,1138,DR U. PATIL MC JALGAON(No Change),SEBCHA EMSEBC (EMR),69148,1
2026,Round 2,1138,DR U. PATIL MC JALGAON,SEBCHA OPEN,62256,2
2026,Round 2,1138,DR U. PATIL MC JALGAON(No Change),SEBCHA OPEN (EMD),65417,1
2026,Round 2,1138,DR U. PATIL MC JALGAON,SOBC I.Q.,406131,1
2026,Round 2,1138,DR U. PATIL MC JALGAON,SOBC OPEN (W),72250,1
2026,Round 2,1138,DR U. PATIL MC JALGAON(No Change),ST HA ST,319077,1
2026,Round 2,1138,DR U. PATIL MC JALGAON,ST ST,284644,1
2026,Round 2,1138,DR U. PATIL MC JALGAON(No Change),ST ST,326777,3
2026,Round 2,1138,DR U. PATIL MC JALGAON(No Change),ST ST (W),332399,2
2026,Round 2,1138,DR U. PATIL MC JALGAON(No Change),VJA I.Q.,146081,1
2026,Round 2,1138,DR U. PATIL MC JALGAON(No Change),VJA VJA,93593,2
2026,Round 2,1138,DR U. PATIL MC JALGAON(No Change),VJA VJA (W),99333,1
2026,Round 2,1139,WALAWALKAR MC RATNAGIRI,EWS HA OPEN,71108,1
2026,Round 2,1139,WALAWALKAR MC RATNAGIRI(No Change),EWS OPEN,74669,1
2026,Round 2,1139,WALAWALKAR MC RATNAGIRI,EWS OPEN (W),66773,1
2026,Round 2,1139,WALAWALKAR MC RATNAGIRI(Ret.),EWS OPEN (W),71260,1
2026,Round 2,1139,WALAWALKAR MC RATNAGIRI,HA OPEN,67458,1
2026,Round 2,1139,WALAWALKAR MC RATNAGIRI,HA OPEN (W),58387,1
2026,Round 2,1139,WALAWALKAR MC RATNAGIRI(No Change),HA OPEN (W),72459,1
2026,Round 2,1139,WALAWALKAR MC RATNAGIRI,I.Q.,739581,12
2026,Round 2,1139,WALAWALKAR MC RATNAGIRI(Ret.),I.Q.,606553,1
2026,Round 2,1139,WALAWALKAR MC RATNAGIRI(No Change),NTB NTB,127200,1
2026,Round 2,1139,WALAWALKAR MC RATNAGIRI(Ret.),NTB NTB(W),134813,1
2026,Round 2,1139,WALAWALKAR MC RATNAGIRI,NTB OPEN,66028,1
2026,Round 2,1139,WALAWALKAR MC RATNAGIRI(No Change),NTC EMNTC (EMR),76023,2
2026,Round 2,1139,WALAWALKAR MC RATNAGIRI,NTC EMNTCW (EMR),74359,1
2026,Round 2,1139,WALAWALKAR MC RATNAGIRI(No Change),NTC OPEN,75350,9
2026,Round 2,1139,WALAWALKAR MC RATNAGIRI,NTC OPEN,72339,1
2026,Round 2,1139,WALAWALKAR MC RATNAGIRI(No Change),NTC OPEN (EMD),70820,1
2026,Round 2,1139,WALAWALKAR MC RATNAGIRI(No Change),NTC OPEN (W) (EMD),66051,1
2026,Round 2,1139,WALAWALKAR MC RATNAGIRI(No Change),NTD EMNTD (EMR),75741,1
2026,Round 2,1139,WALAWALKAR MC RATNAGIRI(No Change),NTD OPEN,74204,3
2026,Round 2,1139,WALAWALKAR MC RATNAGIRI(No Change),OBC EMOBC (EMR),76834,5
2026,Round 2,1139,WALAWALKAR MC RATNAGIRI(Ret.),OBC EMOBC (EMR),75539,1
2026,Round 2,1139,WALAWALKAR MC RATNAGIRI,OBC EMOBC (EMR),77406,1
2026,Round 2,1139,WALAWALKAR MC RATNAGIRI(No Change),OBC EMOBCW (EMR),76684,2
2026,Round 2,1139,WALAWALKAR MC RATNAGIRI,OBC EMOBCW (EMR),77287,2
2026,Round 2,1139,WALAWALKAR MC RATNAGIRI(No Change),OBC HA EMOBC (EMR),75448,1
2026,Round 2,1139,WALAWALKAR MC RATNAGIRI,OBC HA I.Q.,737260,1
2026,Round 2,1139,WALAWALKAR MC RATNAGIRI(No Change),OBC HA OPEN (EMD),65485,1
2026,Round 2,1139,WALAWALKAR MC RATNAGIRI(No Change),OBC HA OPEN (W) (EMD),69921,2
2026,Round 2,1139,WALAWALKAR MC RATNAGIRI,OBC I.Q.,728125,3
2026,Round 2,1139,WALAWALKAR MC RATNAGIRI(No Change),OBC OBC,76886,1
2026,Round 2,1139,WALAWALKAR MC RATNAGIRI,OBC OPEN,71878,3
2026,Round 2,1139,WALAWALKAR MC RATNAGIRI(No Change),OBC OPEN (EMD),75179,4
2026,Round 2,1139,WALAWALKAR MC RATNAGIRI(Ret.),OBC OPEN (EMD),74262,1
2026,Round 2,1139,WALAWALKAR MC RATNAGIRI,OBC OPEN (W),66856,3
2026,Round 2,1139,WALAWALKAR MC RATNAGIRI(No Change),OBC OPEN (W) (EMD),72690,2
2026,Round 2,1139,WALAWALKAR MC RATNAGIRI,OPEN,73841,6
2026,Round 2,1139,WALAWALKAR MC RATNAGIRI(No Change),OPEN,75192,7
2026,Round 2,1139,WALAWALKAR MC RATNAGIRI(Ret.),OPEN,74128,1
2026,Round 2,1139,WALAWALKAR MC RATNAGIRI(Ret.),OPEN (W),64922,2
2026,Round 2,1139,WALAWALKAR MC RATNAGIRI(No Change),OPEN (W),71117,4
2026,Round 2,1139,WALAWALKAR MC RATNAGIRI,OPEN (W),65755,1
2026,Round 2,1139,WALAWALKAR MC RATNAGIRI,SC I.Q.,708231,2
2026,Round 2,1139,WALAWALKAR MC RATNAGIRI,SC SC,149622,1
2026,Round 2,1139,WALAWALKAR MC RATNAGIRI(No Change),SC SC,157263,6
2026,Round 2,1139,WALAWALKAR MC RATNAGIRI(No Change),SC SC (W),156629,3
2026,Round 2,1139,WALAWALKAR MC RATNAGIRI,SEBC EMSEBC (EMR),74703,1
2026,Round 2,1139,WALAWALKAR MC RATNAGIRI(Ret.),SEBC EMSEBC (EMR),77827,2
2026,Round 2,1139,WALAWALKAR MC RATNAGIRI(No Change),SEBC EMSEBC (EMR),78041,4
2026,Round 2,1139,WALAWALKAR MC RATNAGIRI(No Change),SEBC EMSEBCW (EMR),75898,3
2026,Round 2,1139,WALAWALKAR MC RATNAGIRI,SEBC I.Q.,691283,2
2026,Round 2,1139,WALAWALKAR MC RATNAGIRI,SEBC OPEN,69717,3
2026,Round 2,1139,WALAWALKAR MC RATNAGIRI(No Change),SEBC OPEN,75208,3
2026,Round 2,1139,WALAWALKAR MC RATNAGIRI(No Change),SEBC OPEN (EMD),73620,4
2026,Round 2,1139,WALAWALKAR MC RATNAGIRI(No Change),SEBC OPEN (W) (EMD),69756,1
2026,Round 2,1139,WALAWALKAR MC RATNAGIRI(Ret.),SEBC OPEN (W) (EMD),71107,1
2026,Round 2,1139,WALAWALKAR MC RATNAGIRI(No Change),SEBC SEBC(W),76281,1
2026,Round 2,1139,WALAWALKAR MC RATNAGIRI(No Change),SEBCHA EMSEBC (EMR),77565,1
2026,Round 2,1139,WALAWALKAR MC RATNAGIRI,SEBCHA I.Q.,641194,1
2026,Round 2,1139,WALAWALKAR MC RATNAGIRI,SEBCHA OPEN,73435,1
2026,Round 2,1139,WALAWALKAR MC RATNAGIRI(Ret.),SEBCHA OPEN (EMD),73441,1
2026,Round 2,1139,WALAWALKAR MC RATNAGIRI(No Change),SEBCHA OPEN (W) (EMD),67240,1
2026,Round 2,1139,WALAWALKAR MC RATNAGIRI(No Change),SOBC EMOBC (EMR),76670,1
2026,Round 2,1139,WALAWALKAR MC RATNAGIRI,SOBC HA OPEN (W),61104,1
2026,Round 2,1139,WALAWALKAR MC RATNAGIRI,SOBC OPEN,68185,1
2026,Round 2,1139,WALAWALKAR MC RATNAGIRI(No Change),ST ST,334274,3
2026,Round 2,1139,WALAWALKAR MC RATNAGIRI(No Change),ST ST (W),333352,2
2026,Round 2,1139,WALAWALKAR MC RATNAGIRI,VJA OPEN,71265,1
2026,Round 2,1139,WALAWALKAR MC RATNAGIRI(No Change),VJA VJA,99150,2
2026,Round 2,1139,WALAWALKAR MC RATNAGIRI(No Change),VJA VJA (W),101689,1
2026,Round 2,1140,"HBT & COOPER MC JUHU, MUMBAI(Ret.)",D1 DEF1,26159,1
2026,Round 2,1140,"HBT & COOPER MC JUHU, MUMBAI(No Change)",D3 DEF3 W,38057,1
2026,Round 2,1140,"HBT & COOPER MC JUHU, MUMBAI(No Change)",EWS EWS,26386,9
2026,Round 2,1140,"HBT & COOPER MC JUHU, MUMBAI(Ret.)",EWS EWS,24996,3
2026,Round 2,1140,"HBT & COOPER MC JUHU, MUMBAI(Ret.)",EWS EWS(W),22972,2
2026,Round 2,1140,"HBT & COOPER MC JUHU, MUMBAI(No Change)",EWS EWS(W),23324,2
2026,Round 2,1140,"HBT & COOPER MC JUHU, MUMBAI",EWS EWS(W),26614,1
2026,Round 2,1140,"HBT & COOPER MC JUHU, MUMBAI",HA HOPEN,10189,1
2026,Round 2,1140,"HBT & COOPER MC JUHU, MUMBAI(No Change)",HA HOPENW,11620,1
2026,Round 2,1140,"HBT & COOPER MC JUHU, MUMBAI(No Change)",NTB HA NTB,33583,1
2026,Round 2,1140,"HBT & COOPER MC JUHU, MUMBAI(No Change)",NTB NTB,46919,1
2026,Round 2,1140,"HBT & COOPER MC JUHU, MUMBAI",NTB NTB,49674,1
2026,Round 2,1140,"HBT & COOPER MC JUHU, MUMBAI(No Change)",NTB NTB(W),53867,1
2026,Round 2,1140,"HBT & COOPER MC JUHU, MUMBAI(Ret.)",NTB PWD PWD-NTB PH,1107308,1
2026,Round 2,1140,"HBT & COOPER MC JUHU, MUMBAI(No Change)",NTC NTC,22504,4
2026,Round 2,1140,"HBT & COOPER MC JUHU, MUMBAI(No Change)",NTC NTC(W),18079,1
2026,Round 2,1140,"HBT & COOPER MC JUHU, MUMBAI",NTC NTC(W),22920,1
2026,Round 2,1140,"HBT & COOPER MC JUHU, MUMBAI",NTD HA HNTD,32841,1
2026,Round 2,1140,"HBT & COOPER MC JUHU, MUMBAI(No Change)",NTD NTD,13875,1
2026,Round 2,1140,"HBT & COOPER MC JUHU, MUMBAI(Ret.)",NTD NTD(W),19444,1
2026,Round 2,1140,"HBT & COOPER MC JUHU, MUMBAI(Ret.)",OBC D2 DEF2,42736,1
2026,Round 2,1140,"HBT & COOPER MC JUHU, MUMBAI(Ret.)",OBC OBC,12375,1
2026,Round 2,1140,"HBT & COOPER MC JUHU, MUMBAI(No Change)",OBC OBC,16328,9
2026,Round 2,1140,"HBT & COOPER MC JUHU, MUMBAI",OBC OBC,20550,9
2026,Round 2,1140,"HBT & COOPER MC JUHU, MUMBAI(Ret.)",OBC OBC(W),19204,3
2026,Round 2,1140,"HBT & COOPER MC JUHU, MUMBAI",OBC OBC(W),20229,5
2026,Round 2,1140,"HBT & COOPER MC JUHU, MUMBAI(No Change)",OBC OBC(W),18725,2
2026,Round 2,1140,"HBT & COOPER MC JUHU, MUMBAI",OBC PWD PEM OBC PH (EMR),541139,1
2026,Round 2,1140,"HBT & COOPER MC JUHU, MUMBAI(Ret.)",OPEN,8309,4
2026,Round 2,1140,"HBT & COOPER MC JUHU, MUMBAI(No Change)",OPEN,8345,5
2026,Round 2,1140,"HBT & COOPER MC JUHU, MUMBAI",OPEN,9918,21
2026,Round 2,1140,"HBT & COOPER MC JUHU, MUMBAI(No Pref)",OPEN (W),7097,1
2026,Round 2,1140,"HBT & COOPER MC JUHU, MUMBAI",OPEN (W),9222,8
2026,Round 2,1140,"HBT & COOPER MC JUHU, MUMBAI(Ret.)",OPEN (W),7659,1
2026,Round 2,1140,"HBT & COOPER MC JUHU, MUMBAI(No Change)",OPEN (W),7725,1
2026,Round 2,1140,"HBT & COOPER MC JUHU, MUMBAI",PWD PWD-OPEN PH,254451,1
2026,Round 2,1140,"HBT & COOPER MC JUHU, MUMBAI(Ret.)",PWD PWD-OPEN PH,438543,2
2026,Round 2,1140,"HBT & COOPER MC JUHU, MUMBAI(No Change)",SC HA SC,69809,1
2026,Round 2,1140,"HBT & COOPER MC JUHU, MUMBAI(Ret.)",SC HA SC (W),68691,1
2026,Round 2,1140,"HBT & COOPER MC JUHU, MUMBAI",SC PWD PWD-SC PH,484259,1
2026,Round 2,1140,"HBT & COOPER MC JUHU, MUMBAI(No Change)",SC SC,73236,7
2026,Round 2,1140,"HBT & COOPER MC JUHU, MUMBAI",SC SC,75862,5
2026,Round 2,1140,"HBT & COOPER MC JUHU, MUMBAI",SC SC (W),75333,4
2026,Round 2,1140,"HBT & COOPER MC JUHU, MUMBAI(No Change)",SC SC (W),73856,2
2026,Round 2,1140,"HBT & COOPER MC JUHU, MUMBAI(No Change)",SEBC SEBC,15142,7
2026,Round 2,1140,"HBT & COOPER MC JUHU, MUMBAI",SEBC SEBC,15194,2
2026,Round 2,1140,"HBT & COOPER MC JUHU, MUMBAI(Ret.)",SEBC SEBC,14631,1
2026,Round 2,1140,"HBT & COOPER MC JUHU, MUMBAI(No Change)",SEBC SEBC(W),15095,2
2026,Round 2,1140,"HBT & COOPER MC JUHU, MUMBAI(Ret.)",SEBC SEBC(W),14962,1
2026,Round 2,1140,"HBT & COOPER MC JUHU, MUMBAI",SEBC SEBC(W),15592,1
2026,Round 2,1140,"HBT & COOPER MC JUHU, MUMBAI(No Change)",SEBCD1 DEF1,28148,1
2026,Round 2,1140,"HBT & COOPER MC JUHU, MUMBAI(No Change)",SEBCD1 DEF1 W,23752,1
2026,Round 2,1140,"HBT & COOPER MC JUHU, MUMBAI(No Change)",SEBCHA HSEBC W,19389,1
2026,Round 2,1140,"HBT & COOPER MC JUHU, MUMBAI(Ret.)",SEBCORP-C ORPHANC-SE Orphan-C SEBC,911060,1
2026,Round 2,1140,"HBT & COOPER MC JUHU, MUMBAI(Ret.)",SEBCPWD PWD-SEBC PH,617171,1
2026,Round 2,1140,"HBT & COOPER MC JUHU, MUMBAI(No Change)",SOBC HA HOBC,20349,1
2026,Round 2,1140,"HBT & COOPER MC JUHU, MUMBAI(No Change)",SOBC OBC,16217,1
2026,Round 2,1140,"HBT & COOPER MC JUHU, MUMBAI(No Change)",ST ST,187785,2
2026,Round 2,1140,"HBT & COOPER MC JUHU, MUMBAI(Ret.)",ST ST,192077,4
2026,Round 2,1140,"HBT & COOPER MC JUHU, MUMBAI",ST ST,198516,1
2026,Round 2,1140,"HBT & COOPER MC JUHU, MUMBAI(No Change)",ST ST (W),192064,3
2026,Round 2,1140,"HBT & COOPER MC JUHU, MUMBAI(Ret.)",ST ST (W),194899,1
2026,Round 2,1140,"HBT & COOPER MC JUHU, MUMBAI(Ret.)",VJA PWD PWD-VJA PH,706865,1
2026,Round 2,1140,"HBT & COOPER MC JUHU, MUMBAI(No Change)",VJA VJA,28910,2
2026,Round 2,1140,"HBT & COOPER MC JUHU, MUMBAI(No Change)",VJA VJA (W),30425,1
2026,Round 2,1140,"HBT & COOPER MC JUHU, MUMBAI(Ret.)",VJA VJA (W),38136,1
2026,Round 2,1143,"PIMS ISLAMPUR ISLAMPUR,SANGLI",EWS I.Q.,589716,1
2026,Round 2,1143,"PIMS ISLAMPUR ISLAMPUR,SANGLI",EWS OPEN,85864,1
2026,Round 2,1143,"PIMS ISLAMPUR ISLAMPUR,SANGLI",EWS OPEN (W),88350,1
2026,Round 2,1143,"PIMS ISLAMPUR ISLAMPUR,SANGLI",I.Q.,680920,10
2026,Round 2,1143,"PIMS ISLAMPUR ISLAMPUR,SANGLI",NTB NTB,159910,2
2026,Round 2,1143,"PIMS ISLAMPUR ISLAMPUR,SANGLI(No Change)",NTC EMNTC (EMR),98255,1
2026,Round 2,1143,"PIMS ISLAMPUR ISLAMPUR,SANGLI",NTC I.Q.,480764,1
2026,Round 2,1143,"PIMS ISLAMPUR ISLAMPUR,SANGLI(No Change)",NTC NTC,98286,1
2026,Round 2,1143,"PIMS ISLAMPUR ISLAMPUR,SANGLI(No Change)",NTC OPEN (EMD),90975,1
2026,Round 2,1143,"PIMS ISLAMPUR ISLAMPUR,SANGLI",NTC OPEN (W),77609,1
2026,Round 2,1143,"PIMS ISLAMPUR ISLAMPUR,SANGLI",NTD HA EMNTD (EMR),96932,1
2026,Round 2,1143,"PIMS ISLAMPUR ISLAMPUR,SANGLI",NTD I.Q.,679662,1
2026,Round 2,1143,"PIMS ISLAMPUR ISLAMPUR,SANGLI(No Change)",NTD NTD(W),94158,1
2026,Round 2,1143,"PIMS ISLAMPUR ISLAMPUR,SANGLI",NTD OPEN,96590,1
2026,Round 2,1143,"PIMS ISLAMPUR ISLAMPUR,SANGLI(No Change)",OBC EMOBC (EMR),94256,6
2026,Round 2,1143,"PIMS ISLAMPUR ISLAMPUR,SANGLI",OBC EMOBC (EMR),97252,3
2026,Round 2,1143,"PIMS ISLAMPUR ISLAMPUR,SANGLI(No Change)",OBC EMOBCW (EMR),93058,1
2026,Round 2,1143,"PIMS ISLAMPUR ISLAMPUR,SANGLI",OBC EMOBCW (EMR),98195,2
2026,Round 2,1143,"PIMS ISLAMPUR ISLAMPUR,SANGLI(No Change)",OBC HA EMOBC (EMR),94531,1
2026,Round 2,1143,"PIMS ISLAMPUR ISLAMPUR,SANGLI",OBC HA OPEN,93371,1
2026,Round 2,1143,"PIMS ISLAMPUR ISLAMPUR,SANGLI",OBC I.Q.,673987,5
2026,Round 2,1143,"PIMS ISLAMPUR ISLAMPUR,SANGLI(No Change)",OBC OBC(W),93565,1
2026,Round 2,1143,"PIMS ISLAMPUR ISLAMPUR,SANGLI",OBC OPEN,96813,11
2026,Round 2,1143,"PIMS ISLAMPUR ISLAMPUR,SANGLI(No Change)",OBC OPEN (EMD),90406,2
2026,Round 2,1143,"PIMS ISLAMPUR ISLAMPUR,SANGLI",OBC OPEN (W),91335,2
2026,Round 2,1143,"PIMS ISLAMPUR ISLAMPUR,SANGLI(No Change)",OPEN,91835,12
2026,Round 2,1143,"PIMS ISLAMPUR ISLAMPUR,SANGLI",OPEN,96685,19
2026,Round 2,1143,"PIMS ISLAMPUR ISLAMPUR,SANGLI(No Change)",OPEN (W),90603,9
2026,Round 2,1143,"PIMS ISLAMPUR ISLAMPUR,SANGLI",OPEN (W),93308,10
2026,Round 2,1143,"PIMS ISLAMPUR ISLAMPUR,SANGLI",SC I.Q.,673848,4
2026,Round 2,1143,"PIMS ISLAMPUR ISLAMPUR,SANGLI",SC SC,186501,5
2026,Round 2,1143,"PIMS ISLAMPUR ISLAMPUR,SANGLI(No Change)",SC SC,174354,2
2026,Round 2,1143,"PIMS ISLAMPUR ISLAMPUR,SANGLI(No Change)",SC SC (W),170708,1
2026,Round 2,1143,"PIMS ISLAMPUR ISLAMPUR,SANGLI",SC SC (W),181279,2
2026,Round 2,1143,"PIMS ISLAMPUR ISLAMPUR,SANGLI(No Change)",SEBC EMSEBC (EMR),96382,4
2026,Round 2,1143,"PIMS ISLAMPUR ISLAMPUR,SANGLI",SEBC EMSEBC (EMR),100477,3
2026,Round 2,1143,"PIMS ISLAMPUR ISLAMPUR,SANGLI(No Change)",SEBC EMSEBCW (EMR),92254,1
2026,Round 2,1143,"PIMS ISLAMPUR ISLAMPUR,SANGLI",SEBC OPEN,96100,2
2026,Round 2,1143,"PIMS ISLAMPUR ISLAMPUR,SANGLI(No Change)",SEBC OPEN (EMD),90562,3
2026,Round 2,1143,"PIMS ISLAMPUR ISLAMPUR,SANGLI",SEBC OPEN (EMD),94049,2
2026,Round 2,1143,"PIMS ISLAMPUR ISLAMPUR,SANGLI(No Change)",SEBC SEBC,96692,2
2026,Round 2,1143,"PIMS ISLAMPUR ISLAMPUR,SANGLI(No Change)",SEBC SEBC(W),98241,2
2026,Round 2,1143,"PIMS ISLAMPUR ISLAMPUR,SANGLI",SEBC SEBC(W),98459,1
2026,Round 2,1143,"PIMS ISLAMPUR ISLAMPUR,SANGLI",ST ST,360923,3
2026,Round 2,1143,"PIMS ISLAMPUR ISLAMPUR,SANGLI(No Change)",ST ST (W),361252,2
2026,Round 2,1143,"PIMS ISLAMPUR ISLAMPUR,SANGLI(No Change)",VJA VJA,104159,1
2026,Round 2,1143,"PIMS ISLAMPUR ISLAMPUR,SANGLI",VJA VJA (W),125217,1
2026,Round 2,1144,SMBT MC NASHIK NANDIHILLS(No Change),EWS OPEN,66252,1
2026,Round 2,1144,SMBT MC NASHIK NANDIHILLS,EWS OPEN (W),62579,1
2026,Round 2,1144,SMBT MC NASHIK NANDIHILLS,HA I.Q.,662546,1
2026,Round 2,1144,SMBT MC NASHIK NANDIHILLS(No Change),HA OPEN,70153,1
2026,Round 2,1144,SMBT MC NASHIK NANDIHILLS(Ret.),I.Q.,442880,4
2026,Round 2,1144,SMBT MC NASHIK NANDIHILLS,I.Q.,681614,8
2026,Round 2,1144,SMBT MC NASHIK NANDIHILLS(No Change),I.Q.,561247,1
2026,Round 2,1144,SMBT MC NASHIK NANDIHILLS,NTB I.Q.,633659,1
2026,Round 2,1144,SMBT MC NASHIK NANDIHILLS(No Change),NTB NTB,125373,1
2026,Round 2,1144,SMBT MC NASHIK NANDIHILLS(No Change),NTB NTB(W),129713,1
2026,Round 2,1144,SMBT MC NASHIK NANDIHILLS(No Change),NTC EMNTC (EMR),71971,1
2026,Round 2,1144,SMBT MC NASHIK NANDIHILLS,NTC I.Q.,591489,1
2026,Round 2,1144,SMBT MC NASHIK NANDIHILLS(No Change),NTC NTC(W),73714,1
2026,Round 2,1144,SMBT MC NASHIK NANDIHILLS(No Change),NTC OPEN,68623,2
2026,Round 2,1144,SMBT MC NASHIK NANDIHILLS,NTC OPEN,69947,1
2026,Round 2,1144,SMBT MC NASHIK NANDIHILLS(Ret.),NTC OPEN (EMD),64808,1
2026,Round 2,1144,SMBT MC NASHIK NANDIHILLS(No Change),NTD HA EMNTD (EMR),71507,1
2026,Round 2,1144,SMBT MC NASHIK NANDIHILLS(No Change),NTD NTD(W),74585,1
2026,Round 2,1144,SMBT MC NASHIK NANDIHILLS(No Change),NTD OPEN,64639,1
2026,Round 2,1144,SMBT MC NASHIK NANDIHILLS,NTD OPEN,72132,2
2026,Round 2,1144,SMBT MC NASHIK NANDIHILLS,NTD OPEN (W),60934,1
2026,Round 2,1144,SMBT MC NASHIK NANDIHILLS(Ret.),OBC EMOBC (EMR),72910,2
2026,Round 2,1144,SMBT MC NASHIK NANDIHILLS,OBC EMOBC (EMR),75344,1
2026,Round 2,1144,SMBT MC NASHIK NANDIHILLS(Ret.),OBC EMOBCW (EMR),72776,1
2026,Round 2,1144,SMBT MC NASHIK NANDIHILLS(No Change),OBC EMOBCW (EMR),73893,3
2026,Round 2,1144,SMBT MC NASHIK NANDIHILLS(No Change),OBC HA EMOBC (EMR),74258,2
2026,Round 2,1144,SMBT MC NASHIK NANDIHILLS,OBC HA EMOBC (EMR),72705,1
2026,Round 2,1144,SMBT MC NASHIK NANDIHILLS(Ret.),OBC HA EMOBC (EMR),73255,1
2026,Round 2,1144,SMBT MC NASHIK NANDIHILLS(No Change),OBC HA OPEN (EMD),58634,1
2026,Round 2,1144,SMBT MC NASHIK NANDIHILLS(No Pref),OBC HA OPEN (EMD),64104,1
2026,Round 2,1144,SMBT MC NASHIK NANDIHILLS(Ret.),OBC HA OPEN (EMD),67454,1
2026,Round 2,1144,SMBT MC NASHIK NANDIHILLS(No Change),OBC HA OPEN (W),65071,1
2026,Round 2,1144,SMBT MC NASHIK NANDIHILLS,OBC I.Q.,668256,3
2026,Round 2,1144,SMBT MC NASHIK NANDIHILLS,OBC OPEN,71907,4
2026,Round 2,1144,SMBT MC NASHIK NANDIHILLS(Ret.),OBC OPEN (EMD),67779,1
2026,Round 2,1144,SMBT MC NASHIK NANDIHILLS(No Change),OBC OPEN (EMD),69360,2
2026,Round 2,1144,SMBT MC NASHIK NANDIHILLS,OBC OPEN (W),69203,1
2026,Round 2,1144,SMBT MC NASHIK NANDIHILLS(No Change),OBC OPEN (W) (EMD),59591,3
2026,Round 2,1144,SMBT MC NASHIK NANDIHILLS(Ret.),OBC OPEN (W) (EMD),60466,1
2026,Round 2,1144,SMBT MC NASHIK NANDIHILLS,OBC PWD I.Q.,679458,1
2026,Round 2,1144,SMBT MC NASHIK NANDIHILLS(No Change),OPEN,70386,23
2026,Round 2,1144,SMBT MC NASHIK NANDIHILLS,OPEN,72386,7
2026,Round 2,1144,SMBT MC NASHIK NANDIHILLS(Ret.),OPEN,71091,3
2026,Round 2,1144,SMBT MC NASHIK NANDIHILLS,OPEN (W),40012,1
2026,Round 2,1144,SMBT MC NASHIK NANDIHILLS(No Change),OPEN (W),65739,10
2026,Round 2,1144,SMBT MC NASHIK NANDIHILLS(Ret.),OPEN (W),64237,2
2026,Round 2,1144,SMBT MC NASHIK NANDIHILLS,SC HA SC,143851,1
2026,Round 2,1144,SMBT MC NASHIK NANDIHILLS,SC I.Q.,660705,1
2026,Round 2,1144,SMBT MC NASHIK NANDIHILLS,SC SC,147297,1
2026,Round 2,1144,SMBT MC NASHIK NANDIHILLS(No Change),SC SC,157633,5
2026,Round 2,1144,SMBT MC NASHIK NANDIHILLS(No Change),SC SC (W),151149,2
2026,Round 2,1144,SMBT MC NASHIK NANDIHILLS,SC SC (W),147999,1
2026,Round 2,1144,SMBT MC NASHIK NANDIHILLS(No Change),SEBC EMSEBC (EMR),72790,1
2026,Round 2,1144,SMBT MC NASHIK NANDIHILLS(No Change),SEBC EMSEBCW (EMR),72812,2
2026,Round 2,1144,SMBT MC NASHIK NANDIHILLS,SEBC I.Q.,581802,1
2026,Round 2,1144,SMBT MC NASHIK NANDIHILLS(No Change),SEBC OPEN (EMD),69436,1
2026,Round 2,1144,SMBT MC NASHIK NANDIHILLS(No Change),SEBC OPEN (W),55169,1
2026,Round 2,1144,SMBT MC NASHIK NANDIHILLS(No Change),SEBC OPEN (W) (EMD),59183,1
2026,Round 2,1144,SMBT MC NASHIK NANDIHILLS,SEBC SEBC,76021,2
2026,Round 2,1144,SMBT MC NASHIK NANDIHILLS(Ret.),SEBC SEBC,78091,2
2026,Round 2,1144,SMBT MC NASHIK NANDIHILLS(No Change),SEBC SEBC,77739,4
2026,Round 2,1144,SMBT MC NASHIK NANDIHILLS(No Change),SEBC SEBC(W),73660,2
2026,Round 2,1144,SMBT MC NASHIK NANDIHILLS(No Change),SOBC EMOBC (EMR),74167,2
2026,Round 2,1144,SMBT MC NASHIK NANDIHILLS,SOBC HA EMOBC (EMR),75343,1
2026,Round 2,1144,SMBT MC NASHIK NANDIHILLS(Ret.),SOBC OPEN (EMD),65854,1
2026,Round 2,1144,SMBT MC NASHIK NANDIHILLS(No Change),SOBC OPEN (EMD),68094,1
2026,Round 2,1144,SMBT MC NASHIK NANDIHILLS(No Change),ST HA ST,334060,1
2026,Round 2,1144,SMBT MC NASHIK NANDIHILLS(No Change),ST HA ST (W),324416,1
2026,Round 2,1144,SMBT MC NASHIK NANDIHILLS(No Change),ST ST,335753,3
2026,Round 2,1144,SMBT MC NASHIK NANDIHILLS(No Change),VJA VJA,91151,2
2026,Round 2,1147,VEDANTA MC PALGHAR,D3 OPEN,119618,1
2026,Round 2,1147,VEDANTA MC PALGHAR,EWS OPEN,131068,1
2026,Round 2,1147,VEDANTA MC PALGHAR,HA OPEN,132862,1
2026,Round 2,1147,VEDANTA MC PALGHAR,I.Q.,795056,15
2026,Round 2,1147,VEDANTA MC PALGHAR,NTB NTB,200218,2
2026,Round 2,1147,VEDANTA MC PALGHAR,NTC EMNTC (EMR),169296,2
2026,Round 2,1147,VEDANTA MC PALGHAR,NTC I.Q.,796034,1
2026,Round 2,1147,VEDANTA MC PALGHAR,NTC NTC(W),144751,1
2026,Round 2,1147,VEDANTA MC PALGHAR,NTC OPEN,134992,5
2026,Round 2,1147,VEDANTA MC PALGHAR,NTD EMNTD (EMR),138910,1
2026,Round 2,1147,VEDANTA MC PALGHAR(No Change),NTD HA OPEN (W),101763,1
2026,Round 2,1147,VEDANTA MC PALGHAR,NTD OPEN,136505,4
2026,Round 2,1147,VEDANTA MC PALGHAR(No Change),OBC EMOBC (EMR),124221,2
2026,Round 2,1147,VEDANTA MC PALGHAR,OBC EMOBC (EMR),151792,7
2026,Round 2,1147,VEDANTA MC PALGHAR,OBC EMOBCW (EMR),146768,4
2026,Round 2,1147,VEDANTA MC PALGHAR,OBC HA OPEN,138434,2
2026,Round 2,1147,VEDANTA MC PALGHAR,OBC I.Q.,788748,2
2026,Round 2,1147,VEDANTA MC PALGHAR,OBC OPEN,137438,13
2026,Round 2,1147,VEDANTA MC PALGHAR,OBC OPEN (W),124831,5
2026,Round 2,1147,VEDANTA MC PALGHAR,OPEN,137558,22
2026,Round 2,1147,VEDANTA MC PALGHAR(No Change),OPEN,104423,2
2026,Round 2,1147,VEDANTA MC PALGHAR,OPEN (W),126529,13
2026,Round 2,1147,VEDANTA MC PALGHAR(No Change),OPEN (W),101561,2
2026,Round 2,1147,VEDANTA MC PALGHAR,SC I.Q.,790671,2
2026,Round 2,1147,VEDANTA MC PALGHAR(No Change),SC SC,189299,1
2026,Round 2,1147,VEDANTA MC PALGHAR,SC SC,222404,6
2026,Round 2,1147,VEDANTA MC PALGHAR,SC SC (W),213259,3
2026,Round 2,1147,VEDANTA MC PALGHAR,SEBC EMSEBC (EMR),177981,7
2026,Round 2,1147,VEDANTA MC PALGHAR,SEBC EMSEBCW (EMR),167531,3
2026,Round 2,1147,VEDANTA MC PALGHAR,SEBC I.Q.,670020,1
2026,Round 2,1147,VEDANTA MC PALGHAR,SEBC OPEN (EMD),116528,1
2026,Round 2,1147,VEDANTA MC PALGHAR,SEBC OPEN (W) (EMD),115571,2
2026,Round 2,1147,VEDANTA MC PALGHAR,SEBC SEBC,180161,2
2026,Round 2,1147,VEDANTA MC PALGHAR,SEBC SEBC(W),172072,1
2026,Round 2,1147,VEDANTA MC PALGHAR,SEBCD1 OPEN (EMD),122716,1
2026,Round 2,1147,VEDANTA MC PALGHAR,SOBC EMOBC (EMR),148695,1
2026,Round 2,1147,VEDANTA MC PALGHAR,SOBC OPEN,93335,1
2026,Round 2,1147,VEDANTA MC PALGHAR,ST I.Q.,767309,1
2026,Round 2,1147,VEDANTA MC PALGHAR,ST ST,412314,3
2026,Round 2,1147,VEDANTA MC PALGHAR(No Change),ST ST (W),377024,1
2026,Round 2,1147,VEDANTA MC PALGHAR,ST ST (W),405188,1
2026,Round 2,1147,VEDANTA MC PALGHAR(Ret.),VJA I.Q.,512885,1
2026,Round 2,1147,VEDANTA MC PALGHAR,VJA VJA,165619,1
2026,Round 2,1147,VEDANTA MC PALGHAR,VJA VJA (W),156756,1
2026,Round 2,1149,GMC JALGAON(Ret.),D2 DEF2 W,84234,1
2026,Round 2,1149,GMC JALGAON(No Change),D3 DEF3,60159,1
2026,Round 2,1149,GMC JALGAON(Ret.),EWS EWS,56532,2
2026,Round 2,1149,GMC JALGAON(No Change),EWS EWS,59924,6
2026,Round 2,1149,GMC JALGAON(No Change),EWS EWS(W),58654,4
2026,Round 2,1149,GMC JALGAON(No Change),EWS PWD PWD-EWS PH,1022024,1
2026,Round 2,1149,GMC JALGAON(No Change),HA HOPEN,21637,1
2026,Round 2,1149,GMC JALGAON(No Change),NTB NTB,91172,1
2026,Round 2,1149,GMC JALGAON(Ret.),NTB NTB,91630,1
2026,Round 2,1149,GMC JALGAON(No Change),NTB NTB(W),88462,1
2026,Round 2,1149,GMC JALGAON(No Change),NTC NTC,51368,3
2026,Round 2,1149,GMC JALGAON(No Change),NTC NTC(W),53001,1
2026,Round 2,1149,GMC JALGAON(Ret.),NTD D1 DEF1,71271,1
2026,Round 2,1149,GMC JALGAON(No Change),NTD NTD,38723,1
2026,Round 2,1149,GMC JALGAON(Ret.),NTD NTD,39629,1
2026,Round 2,1149,GMC JALGAON(No Change),NTD NTD(W),39456,1
2026,Round 2,1149,GMC JALGAON(No Change),OBC D1 DEF1,50089,1
2026,Round 2,1149,GMC JALGAON,OBC D1 DEF1 W,89421,1
2026,Round 2,1149,GMC JALGAON(No Change),OBC EMOBC (EMR),35306,1
2026,Round 2,1149,GMC JALGAON(No Change),OBC HA HOBC W,37929,1
2026,Round 2,1149,GMC JALGAON(No Change),OBC HA OBC,39756,2
2026,Round 2,1149,GMC JALGAON(Ret.),OBC OBC,39509,3
2026,Round 2,1149,GMC JALGAON,OBC OBC,40026,4
2026,Round 2,1149,GMC JALGAON(No Change),OBC OBC,39789,5
2026,Round 2,1149,GMC JALGAON(No Change),OBC OBC(W),37693,3
2026,Round 2,1149,GMC JALGAON,OBC OBC(W),40551,3
2026,Round 2,1149,GMC JALGAON,OBC OPEN,30217,1
2026,Round 2,1149,GMC JALGAON(Ret.),OBC OPEN (EMD),30331,1
2026,Round 2,1149,GMC JALGAON(No Change),OBC ORP-C ORPHANC-OB Orphan-C OBC,1050999,1
2026,Round 2,1149,GMC JALGAON(Ret.),OBC PWD HA PWD-OBC PH,764077,1
2026,Round 2,1149,GMC JALGAON,OBC PWD PWD-OPEN PH,645537,1
2026,Round 2,1149,GMC JALGAON(No Change),OPEN,31330,10
2026,Round 2,1149,GMC JALGAON,OPEN,32386,6
2026,Round 2,1149,GMC JALGAON(Ret.),OPEN,30726,3
2026,Round 2,1149,GMC JALGAON(No Change),OPEN (W),31091,5
2026,Round 2,1149,GMC JALGAON,OPEN (W),31406,4
2026,Round 2,1149,GMC JALGAON,SC D1PWD PWD-SC PH,767521,1
2026,Round 2,1149,GMC JALGAON(No Change),SC SC,126308,8
2026,Round 2,1149,GMC JALGAON,SC SC,124945,2
2026,Round 2,1149,GMC JALGAON(No Change),SC SC (W),127936,3
2026,Round 2,1149,GMC JALGAON,SC SC (W),123283,1
2026,Round 2,1149,GMC JALGAON(Ret.),SC SC (W),125097,1
2026,Round 2,1149,GMC JALGAON(No Change),SEBC EMSEBC (EMR),34832,1
2026,Round 2,1149,GMC JALGAON(No Change),SEBC SEBC,38903,6
2026,Round 2,1149,GMC JALGAON(Ret.),SEBC SEBC,36515,1
2026,Round 2,1149,GMC JALGAON(No Change),SEBC SEBC(W),39442,2
2026,Round 2,1149,GMC JALGAON,SEBC SEBC(W),43222,2
2026,Round 2,1149,GMC JALGAON,SEBCHA HSEBC,44020,1
2026,Round 2,1149,GMC JALGAON,SOBC PWD PWD-OPEN PH,646375,1
2026,Round 2,1149,GMC JALGAON(No Change),ST HA HST,215979,1
2026,Round 2,1149,GMC JALGAON(No Change),ST PWD PWD-ST PH,1094644,1
2026,Round 2,1149,GMC JALGAON,ST ST,265301,3
2026,Round 2,1149,GMC JALGAON(No Change),ST ST,260493,1
2026,Round 2,1149,GMC JALGAON,ST ST (W),262380,1
2026,Round 2,1149,GMC JALGAON(Ret.),ST ST (W),271921,1
2026,Round 2,1149,GMC JALGAON(No Change),ST ST (W),276984,1
2026,Round 2,1149,GMC JALGAON(No Change),VJA VJA,58748,2
2026,Round 2,1149,GMC JALGAON(Ret.),VJA VJA,64223,1
2026,Round 2,1149,GMC JALGAON(No Change),VJA VJA (W),71306,1
2026,Round 2,1150,GMC BARAMATI(Ret.),D1 DEF1 W,36037,1
2026,Round 2,1150,GMC BARAMATI(Ret.),D2 DEF2,64601,1
2026,Round 2,1150,GMC BARAMATI,D3 DEF3,36231,1
2026,Round 2,1150,GMC BARAMATI(Ret.),EWS EWS,42762,3
2026,Round 2,1150,GMC BARAMATI(No Change),EWS EWS,42737,2
2026,Round 2,1150,GMC BARAMATI(No Change),EWS EWS(W),41340,2
2026,Round 2,1150,GMC BARAMATI,EWS EWS(W),45511,1
2026,Round 2,1150,GMC BARAMATI(No Change),EWS HA HEWS,45413,1
2026,Round 2,1150,GMC BARAMATI(Ret.),NTB HA NTB,68502,1
2026,Round 2,1150,GMC BARAMATI(No Change),NTB NTB,71004,1
2026,Round 2,1150,GMC BARAMATI(No Change),NTC NTC,31067,2
2026,Round 2,1150,GMC BARAMATI(Ret.),NTC NTC(W),25472,1
2026,Round 2,1150,GMC BARAMATI(No Change),NTD NTD,16195,1
2026,Round 2,1150,GMC BARAMATI(Ret.),NTD NTD(W),32824,1
2026,Round 2,1150,GMC BARAMATI(Ret.),OBC D1 DEF1,49019,1
2026,Round 2,1150,GMC BARAMATI(No Change),OBC HA OBC,20552,1
2026,Round 2,1150,GMC BARAMATI(Ret.),OBC HA OBC,23194,1
2026,Round 2,1150,GMC BARAMATI(No Pref),OBC OBC,22619,1
2026,Round 2,1150,GMC BARAMATI(Ret.),OBC OBC,23508,3
2026,Round 2,1150,GMC BARAMATI(No Change),OBC OBC,23330,1
2026,Round 2,1150,GMC BARAMATI,OBC OBC,23516,2
2026,Round 2,1150,GMC BARAMATI(No Change),OBC OBC(W),25390,4
2026,Round 2,1150,GMC BARAMATI,OBC OBC(W),28048,1
2026,Round 2,1150,GMC BARAMATI,OBC PWD PWD-OBC PH,413796,1
2026,Round 2,1150,GMC BARAMATI(No Change),OPEN,12990,6
2026,Round 2,1150,GMC BARAMATI(Ret.),OPEN,12781,1
2026,Round 2,1150,GMC BARAMATI,OPEN,14678,5
2026,Round 2,1150,GMC BARAMATI(No Change),OPEN (W),12312,2
2026,Round 2,1150,GMC BARAMATI,OPEN (W),16898,3
2026,Round 2,1150,GMC BARAMATI(No Change),PWD PWD-OPEN PH,512148,1
2026,Round 2,1150,GMC BARAMATI(No Change),SC HA HSC,113268,1
2026,Round 2,1150,GMC BARAMATI,SC PWD PWD-SC PH,894107,1
2026,Round 2,1150,GMC BARAMATI(No Change),SC SC,82932,4
2026,Round 2,1150,GMC BARAMATI,SC SC,84370,2
2026,Round 2,1150,GMC BARAMATI,SC SC (W),85822,2
2026,Round 2,1150,GMC BARAMATI(No Change),SC SC (W),85192,1
2026,Round 2,1150,GMC BARAMATI(No Change),SEBC EMSEBC (EMR),22302,1
2026,Round 2,1150,GMC BARAMATI(Ret.),SEBC SEBC,22507,1
2026,Round 2,1150,GMC BARAMATI(No Change),SEBC SEBC,23263,1
2026,Round 2,1150,GMC BARAMATI,SEBC SEBC,25610,2
2026,Round 2,1150,GMC BARAMATI(No Change),SEBC SEBC(W),19360,1
2026,Round 2,1150,GMC BARAMATI,SEBC SEBC(W),21804,1
2026,Round 2,1150,GMC BARAMATI(Ret.),SEBC SEBC(W),24933,1
2026,Round 2,1150,GMC BARAMATI(No Change),SEBCD1 DEF1,43022,1
2026,Round 2,1150,GMC BARAMATI(No Change),SEBCHA HOPENW,22491,1
2026,Round 2,1150,GMC BARAMATI(No Change),SEBCPWD PWD-SEBC PH,528338,1
2026,Round 2,1150,GMC BARAMATI(Ret.),SOBC OBC,14901,1
2026,Round 2,1150,GMC BARAMATI(No Change),ST ST,204033,2
2026,Round 2,1150,GMC BARAMATI(Ret.),ST ST,204692,2
2026,Round 2,1150,GMC BARAMATI(No Change),ST ST (W),201963,1
2026,Round 2,1150,GMC BARAMATI,ST ST (W),234339,1
2026,Round 2,1150,GMC BARAMATI(No Change),VJA VJA,32462,1
2026,Round 2,1150,GMC BARAMATI(Ret.),VJA VJA (W),48816,1
2026,Round 2,1151,GMC NANDURBAR,D3 DEF3,82844,1
2026,Round 2,1151,GMC NANDURBAR(No Change),EWS EWS,64944,4
2026,Round 2,1151,GMC NANDURBAR,EWS EWS,67284,1
2026,Round 2,1151,GMC NANDURBAR(No Change),EWS EWS(W),66360,3
2026,Round 2,1151,GMC NANDURBAR(No Change),HA HOPEN,34444,1
2026,Round 2,1151,GMC NANDURBAR,HA OPEN,39517,1
2026,Round 2,1151,GMC NANDURBAR(No Change),NTB NTB,103349,1
2026,Round 2,1151,GMC NANDURBAR,NTB NTB(W),124647,1
2026,Round 2,1151,GMC NANDURBAR,NTC D1 DEF1,106306,1
2026,Round 2,1151,GMC NANDURBAR(No Change),NTC NTC,60307,2
2026,Round 2,1151,GMC NANDURBAR(No Change),NTC NTC(W),61566,1
2026,Round 2,1151,GMC NANDURBAR,NTD NTD,43066,1
2026,Round 2,1151,GMC NANDURBAR(No Change),NTD PWD PWD-NTD PH,871865,1
2026,Round 2,1151,GMC NANDURBAR,OBC D1 DEF1,102187,1
2026,Round 2,1151,GMC NANDURBAR,OBC D1 DEF1 W,102121,1
2026,Round 2,1151,GMC NANDURBAR,OBC D2 DEF2,117490,1
2026,Round 2,1151,GMC NANDURBAR(No Change),OBC HA HOBC,43470,1
2026,Round 2,1151,GMC NANDURBAR(No Change),OBC OBC,47116,7
2026,Round 2,1151,GMC NANDURBAR(Ret.),OBC OBC,45525,1
2026,Round 2,1151,GMC NANDURBAR,OBC OBC,47876,1
2026,Round 2,1151,GMC NANDURBAR,OBC OBC(W),52023,3
2026,Round 2,1151,GMC NANDURBAR(No Change),OBC OBC(W),49003,2
2026,Round 2,1151,GMC NANDURBAR,OBC PWD PWD-OBC PH,927780,1
2026,Round 2,1151,GMC NANDURBAR(No Change),OPEN,38154,5
2026,Round 2,1151,GMC NANDURBAR,OPEN,41668,6
2026,Round 2,1151,GMC NANDURBAR,OPEN (W),40529,6
2026,Round 2,1151,GMC NANDURBAR(No Change),OPEN (W),37356,1
2026,Round 2,1151,GMC NANDURBAR(No Change),PWD PWD-OPEN PH,834465,1
2026,Round 2,1151,GMC NANDURBAR,SC HA HSCW,175811,1
2026,Round 2,1151,GMC NANDURBAR(No Change),SC SC,139663,4
2026,Round 2,1151,GMC NANDURBAR,SC SC,142298,3
2026,Round 2,1151,GMC NANDURBAR(No Change),SC SC (W),134876,1
2026,Round 2,1151,GMC NANDURBAR,SC SC (W),143769,1
2026,Round 2,1151,GMC NANDURBAR(No Change),SEBC SEBC,46505,2
2026,Round 2,1151,GMC NANDURBAR,SEBC SEBC,51245,2
2026,Round 2,1151,GMC NANDURBAR,SEBC SEBC(W),56531,3
2026,Round 2,1151,GMC NANDURBAR(No Change),ST HA ST,292300,2
2026,Round 2,1151,GMC NANDURBAR(No Change),ST ST,292828,2
2026,Round 2,1151,GMC NANDURBAR(Ret.),ST ST (W),276886,1
2026,Round 2,1151,GMC NANDURBAR(No Change),VJA VJA,77158,2
2026,Round 2,1151,GMC NANDURBAR(No Change),VJA VJA (W),91258,1
2026,Round 2,1152,SSPM MC KUDAL SINDHUDURG(No Change),EWS OPEN,86445,2
2026,Round 2,1152,SSPM MC KUDAL SINDHUDURG,EWS OPEN,89000,3
2026,Round 2,1152,SSPM MC KUDAL SINDHUDURG(No Change),EWS OPEN (W),83066,1
2026,Round 2,1152,SSPM MC KUDAL SINDHUDURG,EWS OPEN (W),87325,3
2026,Round 2,1152,SSPM MC KUDAL SINDHUDURG,HA OPEN (W),88182,1
2026,Round 2,1152,SSPM MC KUDAL SINDHUDURG,I.Q.,206784,23
2026,Round 2,1152,SSPM MC KUDAL SINDHUDURG,NTB NTB,133664,1
2026,Round 2,1152,SSPM MC KUDAL SINDHUDURG,NTB NTB(W),146217,1
2026,Round 2,1152,SSPM MC KUDAL SINDHUDURG(No Change),NTC EMNTC (EMR),88219,2
2026,Round 2,1152,SSPM MC KUDAL SINDHUDURG(No Change),NTC EMNTCW (EMR),87442,1
2026,Round 2,1152,SSPM MC KUDAL SINDHUDURG(No Change),NTC OPEN,85983,1
2026,Round 2,1152,SSPM MC KUDAL SINDHUDURG,NTC OPEN,88954,2
2026,Round 2,1152,SSPM MC KUDAL SINDHUDURG(No Change),NTC OPEN (EMD),78174,1
2026,Round 2,1152,SSPM MC KUDAL SINDHUDURG,NTC OPEN (W),88290,1
2026,Round 2,1152,SSPM MC KUDAL SINDHUDURG,NTD EMNTD (EMR),89205,1
2026,Round 2,1152,SSPM MC KUDAL SINDHUDURG,NTD OPEN,88999,6
2026,Round 2,1152,SSPM MC KUDAL SINDHUDURG(No Change),NTD OPEN (EMD),77409,1
2026,Round 2,1152,SSPM MC KUDAL SINDHUDURG(No Change),OBC EMOBC (EMR),88104,6
2026,Round 2,1152,SSPM MC KUDAL SINDHUDURG,OBC EMOBC (EMR),89641,1
2026,Round 2,1152,SSPM MC KUDAL SINDHUDURG(No Change),OBC EMOBCW (EMR),88090,3
2026,Round 2,1152,SSPM MC KUDAL SINDHUDURG,OBC EMOBCW (EMR),89542,1
2026,Round 2,1152,SSPM MC KUDAL SINDHUDURG,OBC HA EMOBC (EMR),89884,2
2026,Round 2,1152,SSPM MC KUDAL SINDHUDURG(No Change),OBC HA OPEN (W),78420,1
2026,Round 2,1152,SSPM MC KUDAL SINDHUDURG,OBC HA OPEN (W),88714,2
2026,Round 2,1152,SSPM MC KUDAL SINDHUDURG(No Change),OBC HA OPEN (W) (EMD),77442,1
2026,Round 2,1152,SSPM MC KUDAL SINDHUDURG,OBC OPEN,89060,10
2026,Round 2,1152,SSPM MC KUDAL SINDHUDURG(No Change),OBC OPEN (EMD),86477,2
2026,Round 2,1152,SSPM MC KUDAL SINDHUDURG,OBC OPEN (W),87690,3
2026,Round 2,1152,SSPM MC KUDAL SINDHUDURG,OPEN,88858,12
2026,Round 2,1152,SSPM MC KUDAL SINDHUDURG(No Change),OPEN,86307,4
2026,Round 2,1152,SSPM MC KUDAL SINDHUDURG,OPEN (W),88558,6
2026,Round 2,1152,SSPM MC KUDAL SINDHUDURG(No Change),OPEN (W),83736,3
2026,Round 2,1152,SSPM MC KUDAL SINDHUDURG(Ret.),OPEN (W),84383,1
2026,Round 2,1152,SSPM MC KUDAL SINDHUDURG(No Change),SC D1 SC (W),157145,1
2026,Round 2,1152,SSPM MC KUDAL SINDHUDURG,SC SC,160894,1
2026,Round 2,1152,SSPM MC KUDAL SINDHUDURG(No Change),SC SC,166089,6
2026,Round 2,1152,SSPM MC KUDAL SINDHUDURG,SC SC (W),160645,2
2026,Round 2,1152,SSPM MC KUDAL SINDHUDURG(No Change),SEBC EMSEBC (EMR),89185,6
2026,Round 2,1152,SSPM MC KUDAL SINDHUDURG,SEBC EMSEBC (EMR),89706,3
2026,Round 2,1152,SSPM MC KUDAL SINDHUDURG(No Change),SEBC EMSEBCW (EMR),86731,1
2026,Round 2,1152,SSPM MC KUDAL SINDHUDURG,SEBC OPEN,82332,1
2026,Round 2,1152,SSPM MC KUDAL SINDHUDURG(No Change),SEBC OPEN,86534,1
2026,Round 2,1152,SSPM MC KUDAL SINDHUDURG(No Change),SEBC OPEN (EMD),86103,5
2026,Round 2,1152,SSPM MC KUDAL SINDHUDURG,SEBC OPEN (W),82092,1
2026,Round 2,1152,SSPM MC KUDAL SINDHUDURG(No Change),SEBC SEBC(W),88213,3
2026,Round 2,1152,SSPM MC KUDAL SINDHUDURG(No Change),SOBC EMOBC (EMR),86754,1
2026,Round 2,1152,SSPM MC KUDAL SINDHUDURG,ST ST,349251,4
2026,Round 2,1152,SSPM MC KUDAL SINDHUDURG,ST ST (W),346415,1
2026,Round 2,1152,SSPM MC KUDAL SINDHUDURG,VJA EMVJA (EMR),91126,1
2026,Round 2,1152,SSPM MC KUDAL SINDHUDURG,VJA OPEN,86686,1
2026,Round 2,1152,SSPM MC KUDAL SINDHUDURG(No Change),VJA VJA (W),106426,1
2026,Round 2,1153,GMC ALIBAUG(Ret.),D3 DEF3,56634,1
2026,Round 2,1153,GMC ALIBAUG,EWS EWS,48343,1
2026,Round 2,1153,GMC ALIBAUG(No Change),EWS EWS,57472,2
2026,Round 2,1153,GMC ALIBAUG(Ret.),EWS EWS,58273,1
2026,Round 2,1153,GMC ALIBAUG(No Change),EWS EWS(W),61745,2
2026,Round 2,1153,GMC ALIBAUG,EWS HA HEWS W,84543,1
2026,Round 2,1153,GMC ALIBAUG(No Change),HA HOPEN,36987,1
2026,Round 2,1153,GMC ALIBAUG(No Change),NTB HA NTB,100491,1
2026,Round 2,1153,GMC ALIBAUG,NTB NTB,94688,1
2026,Round 2,1153,GMC ALIBAUG(No Change),NTB NTB(W),119871,1
2026,Round 2,1153,GMC ALIBAUG(No Change),NTC NTC,44115,1
2026,Round 2,1153,GMC ALIBAUG(No Change),NTC NTC(W),55107,1
2026,Round 2,1153,GMC ALIBAUG(No Change),NTD NTD,44625,1
2026,Round 2,1153,GMC ALIBAUG(No Change),OBC D1 DEF1,90500,1
2026,Round 2,1153,GMC ALIBAUG(Ret.),OBC D1 DEF1,94452,1
2026,Round 2,1153,GMC ALIBAUG(No Change),OBC D1 DEF1 W,92093,1
2026,Round 2,1153,GMC ALIBAUG(No Change),OBC D2 DEF2,80789,1
2026,Round 2,1153,GMC ALIBAUG(No Change),OBC HA OBC,45963,1
2026,Round 2,1153,GMC ALIBAUG,OBC HA OBC,47640,1
2026,Round 2,1153,GMC ALIBAUG,OBC HA OBC(W),49873,1
2026,Round 2,1153,GMC ALIBAUG(No Change),OBC OBC,45829,6
2026,Round 2,1153,GMC ALIBAUG,OBC OBC,45995,2
2026,Round 2,1153,GMC ALIBAUG(No Change),OBC OBC(W),42135,2
2026,Round 2,1153,GMC ALIBAUG,OBC OBC(W),48101,2
2026,Round 2,1153,GMC ALIBAUG(No Change),OBC PWD PWD-OBC PH,852740,1
2026,Round 2,1153,GMC ALIBAUG(No Change),OPEN,30544,7
2026,Round 2,1153,GMC ALIBAUG(No Pref),OPEN,27377,1
2026,Round 2,1153,GMC ALIBAUG,OPEN,32069,4
2026,Round 2,1153,GMC ALIBAUG(No Change),OPEN (W),30295,3
2026,Round 2,1153,GMC ALIBAUG,OPEN (W),33546,4
2026,Round 2,1153,GMC ALIBAUG(No Change),PWD PWD-OPEN PH,754499,1
2026,Round 2,1153,GMC ALIBAUG(No Pref),SC PWD PWD-SC PH,1143583,1
2026,Round 2,1153,GMC ALIBAUG(No Change),SC SC,131109,3
2026,Round 2,1153,GMC ALIBAUG,SC SC,137331,4
2026,Round 2,1153,GMC ALIBAUG(No Change),SC SC (W),123833,1
2026,Round 2,1153,GMC ALIBAUG,SC SC (W),133544,2
2026,Round 2,1153,GMC ALIBAUG(No Change),SEBC SEBC,41168,3
2026,Round 2,1153,GMC ALIBAUG,SEBC SEBC,43702,3
2026,Round 2,1153,GMC ALIBAUG(No Change),SEBC SEBC(W),41328,1
2026,Round 2,1153,GMC ALIBAUG,SEBC SEBC(W),44126,1
2026,Round 2,1153,GMC ALIBAUG(No Change),SEBCHA SEBC(W),42383,1
2026,Round 2,1153,GMC ALIBAUG,ST HA HST,303716,1
2026,Round 2,1153,GMC ALIBAUG(No Change),ST ST,284577,3
2026,Round 2,1153,GMC ALIBAUG(Ret.),ST ST (W),233168,1
2026,Round 2,1153,GMC ALIBAUG,ST ST (W),288042,1
2026,Round 2,1153,GMC ALIBAUG(No Change),VJA VJA,72358,2
2026,Round 2,1154,GMC SINDHUDURG(No Change),D3 DEF3 W,81128,1
2026,Round 2,1154,GMC SINDHUDURG(No Change),EWS EWS,68412,4
2026,Round 2,1154,GMC SINDHUDURG,EWS EWS,71338,2
2026,Round 2,1154,GMC SINDHUDURG,EWS EWS(W),72278,2
2026,Round 2,1154,GMC SINDHUDURG,HA HOPENW,49729,1
2026,Round 2,1154,GMC SINDHUDURG(No Change),NTB HA NTB,100552,1
2026,Round 2,1154,GMC SINDHUDURG(No Change),NTB NTB(W),115135,1
2026,Round 2,1154,GMC SINDHUDURG(No Change),NTC NTC,56241,2
2026,Round 2,1154,GMC SINDHUDURG(No Change),NTC NTC(W),55595,1
2026,Round 2,1154,GMC SINDHUDURG(No Change),NTD NTD,45494,1
2026,Round 2,1154,GMC SINDHUDURG,NTD NTD,49390,1
2026,Round 2,1154,GMC SINDHUDURG(No Change),OBC D2 DEF2,81544,1
2026,Round 2,1154,GMC SINDHUDURG,OBC HA EMOBC (EMR),46422,1
2026,Round 2,1154,GMC SINDHUDURG(No Change),OBC HA OBC,48829,1
2026,Round 2,1154,GMC SINDHUDURG(No Change),OBC OBC,49234,4
2026,Round 2,1154,GMC SINDHUDURG,OBC OBC,51409,4
2026,Round 2,1154,GMC SINDHUDURG,OBC OBC(W),53147,4
2026,Round 2,1154,GMC SINDHUDURG(No Change),OBC OPEN (EMD),39886,1
2026,Round 2,1154,GMC SINDHUDURG(No Change),OBC PWD PWD-OBC PH,1089142,1
2026,Round 2,1154,GMC SINDHUDURG,OPEN,41979,5
2026,Round 2,1154,GMC SINDHUDURG(No Change),OPEN,40559,6
2026,Round 2,1154,GMC SINDHUDURG(No Change),OPEN (W),39401,5
2026,Round 2,1154,GMC SINDHUDURG(No Change),PWD PWD-OPEN PH,783384,1
2026,Round 2,1154,GMC SINDHUDURG,SC HA HSC,150253,1
2026,Round 2,1154,GMC SINDHUDURG(No Change),SC SC,133827,2
2026,Round 2,1154,GMC SINDHUDURG,SC SC,139111,4
2026,Round 2,1154,GMC SINDHUDURG,SC SC (W),141093,4
2026,Round 2,1154,GMC SINDHUDURG,SEBC EMSEBC (EMR),43411,1
2026,Round 2,1154,GMC SINDHUDURG,SEBC OPEN (EMD),29541,1
2026,Round 2,1154,GMC SINDHUDURG,SEBC OPEN (W),41227,1
2026,Round 2,1154,GMC SINDHUDURG,SEBC SEBC,48863,3
2026,Round 2,1154,GMC SINDHUDURG(No Change),SEBC SEBC(W),46436,3
2026,Round 2,1154,GMC SINDHUDURG(No Change),SEBCD1 DEF1,96824,1
2026,Round 2,1154,GMC SINDHUDURG(No Change),SEBCD1 DEF1 W,96217,1
2026,Round 2,1154,GMC SINDHUDURG,SEBCHA HSEBC,50668,1
2026,Round 2,1154,GMC SINDHUDURG,SOBC OBC(W),52711,1
2026,Round 2,1154,GMC SINDHUDURG,ST ST,304714,4
2026,Round 2,1154,GMC SINDHUDURG(No Change),ST ST (W),302600,1
2026,Round 2,1154,GMC SINDHUDURG(No Change),VJA D1 DEF1,96845,1
2026,Round 2,1154,GMC SINDHUDURG(No Change),VJA VJA,74747,1
2026,Round 2,1155,GMC SATARA(Ret.),D1 DEF1,54292,1
2026,Round 2,1155,GMC SATARA(No Change),D1 DEF1,57715,1
2026,Round 2,1155,GMC SATARA(Ret.),D1 DEF1 W,74670,1
2026,Round 2,1155,GMC SATARA,D3 DEF3,59958,1
2026,Round 2,1155,GMC SATARA(Ret.),EWS EWS,48365,2
2026,Round 2,1155,GMC SATARA(No Change),EWS EWS,49858,2
2026,Round 2,1155,GMC SATARA,EWS EWS,48456,1
2026,Round 2,1155,GMC SATARA(No Change),EWS EWS(W),42904,1
2026,Round 2,1155,GMC SATARA,EWS EWS(W),52303,2
2026,Round 2,1155,GMC SATARA(Ret.),NTB HA NTB,72208,1
2026,Round 2,1155,GMC SATARA,NTB HA NTB,73447,1
2026,Round 2,1155,GMC SATARA(No Change),NTC NTC,38741,1
2026,Round 2,1155,GMC SATARA(No Change),NTC NTC(W),41208,1
2026,Round 2,1155,GMC SATARA(Ret.),NTC PWD HA PWD-OPEN (EMD),626854,1
2026,Round 2,1155,GMC SATARA(No Change),NTC PWD PEM NTC PH (EMR),966184,1
2026,Round 2,1155,GMC SATARA,NTD D2 DEF2,79657,1
2026,Round 2,1155,GMC SATARA,NTD NTD,29960,1
2026,Round 2,1155,GMC SATARA(No Change),NTD NTD,31808,1
2026,Round 2,1155,GMC SATARA(No Change),OBC HA HOBC,30785,1
2026,Round 2,1155,GMC SATARA,OBC HA OBC,28999,1
2026,Round 2,1155,GMC SATARA(No Change),OBC OBC,29773,3
2026,Round 2,1155,GMC SATARA(Ret.),OBC OBC,28461,1
2026,Round 2,1155,GMC SATARA,OBC OBC,31772,3
2026,Round 2,1155,GMC SATARA,OBC OBC(W),33124,3
2026,Round 2,1155,GMC SATARA(No Change),OBC OBC(W),30239,1
2026,Round 2,1155,GMC SATARA(No Change),OBC ORP-C ORPHANC-OB Orphan-C OBC,672167,1
2026,Round 2,1155,GMC SATARA(No Change),OBC PWD PWD-OBC PH,636346,1
2026,Round 2,1155,GMC SATARA(Ret.),OPEN,13091,1
2026,Round 2,1155,GMC SATARA(No Change),OPEN,22121,8
2026,Round 2,1155,GMC SATARA,OPEN,22399,3
2026,Round 2,1155,GMC SATARA,OPEN (W),22238,2
2026,Round 2,1155,GMC SATARA(No Change),OPEN (W),21926,4
2026,Round 2,1155,GMC SATARA(No Change),SC HA SC (W),104396,1
2026,Round 2,1155,GMC SATARA(Ret.),SC SC,106857,2
2026,Round 2,1155,GMC SATARA(No Change),SC SC,106146,6
2026,Round 2,1155,GMC SATARA(No Change),SC SC (W),105683,2
2026,Round 2,1155,GMC SATARA(No Change),SEBC SEBC,27544,3
2026,Round 2,1155,GMC SATARA,SEBC SEBC,28224,2
2026,Round 2,1155,GMC SATARA(No Change),SEBC SEBC(W),30870,3
2026,Round 2,1155,GMC SATARA(Ret.),SEBCHA HOPEN,27138,1
2026,Round 2,1155,GMC SATARA(No Change),SEBCHA HSEBC W,30503,1
2026,Round 2,1155,GMC SATARA(No Change),SOBC OBC(W),29701,1
2026,Round 2,1155,GMC SATARA(Ret.),ST ST,234085,1
2026,Round 2,1155,GMC SATARA(No Change),ST ST,260332,3
2026,Round 2,1155,GMC SATARA(No Change),ST ST (W),248165,1
2026,Round 2,1155,GMC SATARA,ST ST (W),284239,1
2026,Round 2,1155,GMC SATARA(No Change),VJA VJA,64612,1
2026,Round 2,1155,GMC SATARA(No Change),VJA VJA (W),70233,1
2026,Round 2,1156,DNY TASGAONKAR MC KARJAT,EWS OPEN,84421,4
2026,Round 2,1156,DNY TASGAONKAR MC KARJAT,EWS OPEN (W),83027,2
2026,Round 2,1156,DNY TASGAONKAR MC KARJAT,I.Q.,115822,14
2026,Round 2,1156,DNY TASGAONKAR MC KARJAT,NTB NTB,132361,1
2026,Round 2,1156,DNY TASGAONKAR MC KARJAT(No Change),NTC EMNTC (EMR),83634,1
2026,Round 2,1156,DNY TASGAONKAR MC KARJAT(No Change),NTC NTC,86106,1
2026,Round 2,1156,DNY TASGAONKAR MC KARJAT(No Change),NTC OPEN (EMD),65731,1
2026,Round 2,1156,DNY TASGAONKAR MC KARJAT(No Change),NTD NTD(W),86616,1
2026,Round 2,1156,DNY TASGAONKAR MC KARJAT,NTD OPEN,80417,1
2026,Round 2,1156,DNY TASGAONKAR MC KARJAT(No Change),OBC EMOBC (EMR),83816,4
2026,Round 2,1156,DNY TASGAONKAR MC KARJAT,OBC EMOBC (EMR),86013,2
2026,Round 2,1156,DNY TASGAONKAR MC KARJAT(No Change),OBC EMOBCW (EMR),81713,1
2026,Round 2,1156,DNY TASGAONKAR MC KARJAT,OBC EMOBCW (EMR),85133,1
2026,Round 2,1156,DNY TASGAONKAR MC KARJAT,OBC HA OPEN,83882,1
2026,Round 2,1156,DNY TASGAONKAR MC KARJAT(No Change),OBC OBC(W),82061,1
2026,Round 2,1156,DNY TASGAONKAR MC KARJAT,OBC OPEN,84002,4
2026,Round 2,1156,DNY TASGAONKAR MC KARJAT(No Change),OBC OPEN,79576,1
2026,Round 2,1156,DNY TASGAONKAR MC KARJAT(Ret.),OBC OPEN,79887,1
2026,Round 2,1156,DNY TASGAONKAR MC KARJAT(No Change),OBC OPEN (EMD),77526,2
2026,Round 2,1156,DNY TASGAONKAR MC KARJAT,OPEN,84418,10
2026,Round 2,1156,DNY TASGAONKAR MC KARJAT(No Change),OPEN,78544,6
2026,Round 2,1156,DNY TASGAONKAR MC KARJAT,OPEN (W),83407,11
2026,Round 2,1156,DNY TASGAONKAR MC KARJAT(No Change),OPEN (W),76036,1
2026,Round 2,1156,DNY TASGAONKAR MC KARJAT,SC I.Q.,118687,1
2026,Round 2,1156,DNY TASGAONKAR MC KARJAT,SC SC,152409,1
2026,Round 2,1156,DNY TASGAONKAR MC KARJAT(No Change),SC SC,160806,2
2026,Round 2,1156,DNY TASGAONKAR MC KARJAT(Ret.),SC SC,160498,1
2026,Round 2,1156,DNY TASGAONKAR MC KARJAT,SC SC (W),150960,1
2026,Round 2,1156,DNY TASGAONKAR MC KARJAT(No Change),SC SC (W),159328,1
2026,Round 2,1156,DNY TASGAONKAR MC KARJAT,SEBC EMSEBC (EMR),87613,3
2026,Round 2,1156,DNY TASGAONKAR MC KARJAT(No Change),SEBC EMSEBCW (EMR),80708,1
2026,Round 2,1156,DNY TASGAONKAR MC KARJAT,SEBC EMSEBCW (EMR),84786,1
2026,Round 2,1156,DNY TASGAONKAR MC KARJAT,SEBC OPEN,84360,1
2026,Round 2,1156,DNY TASGAONKAR MC KARJAT,SEBC OPEN (EMD),75850,1
2026,Round 2,1156,DNY TASGAONKAR MC KARJAT(No Change),SEBC OPEN (W),75026,1
2026,Round 2,1156,DNY TASGAONKAR MC KARJAT,SEBC OPEN (W) (EMD),80615,1
2026,Round 2,1156,DNY TASGAONKAR MC KARJAT(No Change),SEBC SEBC,82244,1
2026,Round 2,1156,DNY TASGAONKAR MC KARJAT,SEBC SEBC,89111,1
2026,Round 2,1156,DNY TASGAONKAR MC KARJAT,SEBCHA EMSEBC (EMR),86419,1
2026,Round 2,1156,DNY TASGAONKAR MC KARJAT,SEBCHA OPEN (EMD),82885,1
2026,Round 2,1156,DNY TASGAONKAR MC KARJAT(Ret.),SOBC HA EMOBC (EMR),83362,1
2026,Round 2,1156,DNY TASGAONKAR MC KARJAT(No Change),SOBC OPEN,80231,2
2026,Round 2,1156,DNY TASGAONKAR MC KARJAT,ST ST,341062,2
2026,Round 2,1156,DNY TASGAONKAR MC KARJAT(No Change),ST ST,342366,1
2026,Round 2,1156,DNY TASGAONKAR MC KARJAT(No Change),ST ST (W),344019,1
2026,Round 2,1156,DNY TASGAONKAR MC KARJAT(No Change),VJA VJA,100916,1
2026,Round 2,1157,AB VAJPAYEE MC PUNE(No Change),D1 OPEN,45786,1
2026,Round 2,1157,AB VAJPAYEE MC PUNE(No Change),EWS OPEN,21813,1
2026,Round 2,1157,AB VAJPAYEE MC PUNE(No Pref),HA I.Q.,82051,1
2026,Round 2,1157,AB VAJPAYEE MC PUNE(No Change),I.Q.,82337,8
2026,Round 2,1157,AB VAJPAYEE MC PUNE(Ret.),I.Q.,75055,1
2026,Round 2,1157,AB VAJPAYEE MC PUNE,I.Q.,99231,2
2026,Round 2,1157,AB VAJPAYEE MC PUNE(Ret.),NTB NTB,74617,1
2026,Round 2,1157,AB VAJPAYEE MC PUNE(No Change),NTC NTC,48539,1
2026,Round 2,1157,AB VAJPAYEE MC PUNE(No Change),NTC OPEN (W),26974,1
2026,Round 2,1157,AB VAJPAYEE MC PUNE(Ret.),NTD NTD,48787,1
2026,Round 2,1157,AB VAJPAYEE MC PUNE(No Change),OBC EMOBC (EMR),48535,1
2026,Round 2,1157,AB VAJPAYEE MC PUNE(Ret.),OBC EMOBC (EMR),49355,2
2026,Round 2,1157,AB VAJPAYEE MC PUNE(Ret.),OBC EMOBCW (EMR),46628,1
2026,Round 2,1157,AB VAJPAYEE MC PUNE(No Change),OBC HA EMOBCW (EMR),46444,1
2026,Round 2,1157,AB VAJPAYEE MC PUNE(No Change),OBC HA OBC(W),48229,1
2026,Round 2,1157,AB VAJPAYEE MC PUNE,OBC HA OPEN,34707,1
2026,Round 2,1157,AB VAJPAYEE MC PUNE(No Change),OBC HA OPEN (EMD),44630,2
2026,Round 2,1157,AB VAJPAYEE MC PUNE(No Change),OBC I.Q.,96101,1
2026,Round 2,1157,AB VAJPAYEE MC PUNE,OBC I.Q.,101090,2
2026,Round 2,1157,AB VAJPAYEE MC PUNE(No Change),OBC OBC,50666,2
2026,Round 2,1157,AB VAJPAYEE MC PUNE(Ret.),OBC OPEN (EMD),44379,2
2026,Round 2,1157,AB VAJPAYEE MC PUNE(No Change),OBC OPEN (W) (EMD),29494,1
2026,Round 2,1157,AB VAJPAYEE MC PUNE(No Change),OPEN,46254,18
2026,Round 2,1157,AB VAJPAYEE MC PUNE,OPEN,45789,3
2026,Round 2,1157,AB VAJPAYEE MC PUNE(Ret.),OPEN,46092,4
2026,Round 2,1157,AB VAJPAYEE MC PUNE(No Change),OPEN (W),34371,7
2026,Round 2,1157,AB VAJPAYEE MC PUNE(Ret.),OPEN (W),36548,4
2026,Round 2,1157,AB VAJPAYEE MC PUNE(No Pref),OPEN (W),30855,1
2026,Round 2,1157,AB VAJPAYEE MC PUNE(Ret.),SC SC,123638,3
2026,Round 2,1157,AB VAJPAYEE MC PUNE(No Change),SC SC,122835,1
2026,Round 2,1157,AB VAJPAYEE MC PUNE(No Change),SC SC (W),113136,2
2026,Round 2,1157,AB VAJPAYEE MC PUNE(Ret.),SEBC EMSEBC (EMR),48105,3
2026,Round 2,1157,AB VAJPAYEE MC PUNE,SEBC EMSEBC (EMR),51959,1
2026,Round 2,1157,AB VAJPAYEE MC PUNE(Ret.),SEBC EMSEBCW (EMR),46750,1
2026,Round 2,1157,AB VAJPAYEE MC PUNE(No Change),SEBC OPEN (EMD),45214,2
2026,Round 2,1157,AB VAJPAYEE MC PUNE(Ret.),SEBC OPEN (EMD),40651,2
2026,Round 2,1157,AB VAJPAYEE MC PUNE(No Change),SEBC OPEN (W) (EMD),33922,1
2026,Round 2,1157,AB VAJPAYEE MC PUNE(Ret.),SEBC SEBC,51576,2
2026,Round 2,1157,AB VAJPAYEE MC PUNE(No Change),SEBC SEBC,51698,1
2026,Round 2,1157,AB VAJPAYEE MC PUNE(Ret.),SEBC SEBC(W),47524,1
2026,Round 2,1157,AB VAJPAYEE MC PUNE,SOBC EMOBC (EMR),48818,1
2026,Round 2,1157,AB VAJPAYEE MC PUNE(No Change),SOBC HA EMOBC (EMR),50004,1
2026,Round 2,1157,AB VAJPAYEE MC PUNE(No Change),SOBC OPEN (W) (EMD),25789,1
2026,Round 2,1157,AB VAJPAYEE MC PUNE(No Change),ST ST,284169,1
2026,Round 2,1157,AB VAJPAYEE MC PUNE(Ret.),ST ST,314204,1
2026,Round 2,1157,AB VAJPAYEE MC PUNE(No Change),ST ST (W),321142,1
2026,Round 2,1157,AB VAJPAYEE MC PUNE(Ret.),VJA VJA,66515,1
2026,Round 2,1157,AB VAJPAYEE MC PUNE(No Change),VJA VJA (W),90180,1
2026,Round 2,1159,GMC RATNAGIRI(Ret.),D1 DEF1,78697,1
2026,Round 2,1159,GMC RATNAGIRI(Ret.),D3 DEF3 W,70219,1
2026,Round 2,1159,GMC RATNAGIRI(No Change),EWS EWS,61021,4
2026,Round 2,1159,GMC RATNAGIRI(No Change),EWS EWS(W),59254,2
2026,Round 2,1159,GMC RATNAGIRI(No Change),EWS HA HEWS,65829,1
2026,Round 2,1159,GMC RATNAGIRI(Ret.),EWS PWD PWD-EWS PH,975429,1
2026,Round 2,1159,GMC RATNAGIRI(No Change),NTB NTB,88674,1
2026,Round 2,1159,GMC RATNAGIRI(No Change),NTB NTB(W),77533,1
2026,Round 2,1159,GMC RATNAGIRI(No Change),NTC D1 DEF1 W,83679,1
2026,Round 2,1159,GMC RATNAGIRI(No Change),NTC D1HA DEF1,74607,1
2026,Round 2,1159,GMC RATNAGIRI(No Change),NTC NTC,46793,2
2026,Round 2,1159,GMC RATNAGIRI(No Change),NTC NTC(W),45082,1
2026,Round 2,1159,GMC RATNAGIRI(No Change),NTD NTD,44330,1
2026,Round 2,1159,GMC RATNAGIRI(No Change),OBC D2 DEF2,80649,1
2026,Round 2,1159,GMC RATNAGIRI(No Change),OBC HA OBC,40669,1
2026,Round 2,1159,GMC RATNAGIRI,OBC HA OBC(W),42351,1
2026,Round 2,1159,GMC RATNAGIRI(No Change),OBC OBC,39574,5
2026,Round 2,1159,GMC RATNAGIRI(No Pref),OBC OBC,38000,1
2026,Round 2,1159,GMC RATNAGIRI,OBC OBC,44355,2
2026,Round 2,1159,GMC RATNAGIRI(No Change),OBC OBC(W),36886,3
2026,Round 2,1159,GMC RATNAGIRI,OBC OBC(W),41722,1
2026,Round 2,1159,GMC RATNAGIRI(No Change),OBC PWD PWD-OBC PH,1110174,1
2026,Round 2,1159,GMC RATNAGIRI(No Change),OPEN,30159,12
2026,Round 2,1159,GMC RATNAGIRI,OPEN,26302,1
2026,Round 2,1159,GMC RATNAGIRI(No Change),OPEN (W),27506,3
2026,Round 2,1159,GMC RATNAGIRI,OPEN (W),31501,2
2026,Round 2,1159,GMC RATNAGIRI(No Change),PWD PWD-OPEN PH,764129,1
2026,Round 2,1159,GMC RATNAGIRI(Ret.),SC HA HSC,131601,1
2026,Round 2,1159,GMC RATNAGIRI(No Change),SC SC,130310,5
2026,Round 2,1159,GMC RATNAGIRI,SC SC,129728,2
2026,Round 2,1159,GMC RATNAGIRI(No Change),SC SC (W),124871,3
2026,Round 2,1159,GMC RATNAGIRI(No Change),SEBC SEBC,37341,4
2026,Round 2,1159,GMC RATNAGIRI,SEBC SEBC,38800,1
2026,Round 2,1159,GMC RATNAGIRI(No Change),SEBC SEBC(W),36539,3
2026,Round 2,1159,GMC RATNAGIRI,SEBCHA SEBC,36346,1
2026,Round 2,1159,GMC RATNAGIRI(No Change),SOBC HA HOPENW,34872,1
2026,Round 2,1159,GMC RATNAGIRI(Ret.),SOBC OBC,41359,1
2026,Round 2,1159,GMC RATNAGIRI,SOBC OBC,44396,1
2026,Round 2,1159,GMC RATNAGIRI(Ret.),ST HA ST (W),291477,1
2026,Round 2,1159,GMC RATNAGIRI(No Change),ST ST,287168,3
2026,Round 2,1159,GMC RATNAGIRI,ST ST (W),302817,1
2026,Round 2,1159,GMC RATNAGIRI(Ret.),VJA VJA,71155,1
2026,Round 2,1159,GMC RATNAGIRI(No Change),VJA VJA (W),86232,1
2026,Round 2,1163,GMC & GT HOSP MUMBAI(Ret.),D1 DEF1 W,55828,1
2026,Round 2,1163,GMC & GT HOSP MUMBAI(Ret.),D2 DEF2,56212,1
2026,Round 2,1163,GMC & GT HOSP MUMBAI,EWS EWS,28586,1
2026,Round 2,1163,GMC & GT HOSP MUMBAI(No Change),EWS EWS,29437,2
2026,Round 2,1163,GMC & GT HOSP MUMBAI,EWS EWS(W),33909,1
2026,Round 2,1163,GMC & GT HOSP MUMBAI(Ret.),NTB NTB,65609,1
2026,Round 2,1163,GMC & GT HOSP MUMBAI(No Change),NTC NTC(W),26317,1
2026,Round 2,1163,GMC & GT HOSP MUMBAI(No Change),NTD NTD,20744,1
2026,Round 2,1163,GMC & GT HOSP MUMBAI(No Change),OBC D1 DEF1,42526,1
2026,Round 2,1163,GMC & GT HOSP MUMBAI,OBC HA HOBC,21544,1
2026,Round 2,1163,GMC & GT HOSP MUMBAI,OBC HA OBC,22240,1
2026,Round 2,1163,GMC & GT HOSP MUMBAI,OBC OBC,22675,3
2026,Round 2,1163,GMC & GT HOSP MUMBAI(No Change),OBC OBC(W),19949,1
2026,Round 2,1163,GMC & GT HOSP MUMBAI,OBC OBC(W),21344,1
2026,Round 2,1163,GMC & GT HOSP MUMBAI(No Change),OBC PWD PWD-OBC PH,583844,1
2026,Round 2,1163,GMC & GT HOSP MUMBAI,OPEN,10869,6
2026,Round 2,1163,GMC & GT HOSP MUMBAI,OPEN (W),10607,3
2026,Round 2,1163,GMC & GT HOSP MUMBAI(Ret.),PWD PWD-OPEN PH,471807,1
2026,Round 2,1163,GMC & GT HOSP MUMBAI(No Change),SC SC,78677,3
2026,Round 2,1163,GMC & GT HOSP MUMBAI,SC SC,79529,1
2026,Round 2,1163,GMC & GT HOSP MUMBAI(No Change),SC SC (W),80412,2
2026,Round 2,1163,GMC & GT HOSP MUMBAI(No Change),SEBC SEBC,17313,3
2026,Round 2,1163,GMC & GT HOSP MUMBAI(No Change),SEBC SEBC(W),16398,1
2026,Round 2,1163,GMC & GT HOSP MUMBAI(No Change),ST ST,203026,1
2026,Round 2,1163,GMC & GT HOSP MUMBAI,ST ST,215977,1
2026,Round 2,1163,GMC & GT HOSP MUMBAI,ST ST (W),215775,1
2026,Round 2,1163,GMC & GT HOSP MUMBAI(No Change),VJA VJA (W),49303,1
2026,Round 2,1164,GMC NASHIK(Ret.),D1 DEF1 W,66618,1
2026,Round 2,1164,GMC NASHIK(Ret.),D2 DEF2,70146,1
2026,Round 2,1164,GMC NASHIK,D3 DEF3,61764,1
2026,Round 2,1164,GMC NASHIK(Ret.),EWS EWS,27498,1
2026,Round 2,1164,GMC NASHIK(No Change),EWS EWS,48821,3
2026,Round 2,1164,GMC NASHIK,EWS EWS,51838,1
2026,Round 2,1164,GMC NASHIK(No Change),EWS EWS(W),37767,1
2026,Round 2,1164,GMC NASHIK,EWS EWS(W),45894,1
2026,Round 2,1164,GMC NASHIK(No Change),EWS HA HEWS W,63620,1
2026,Round 2,1164,GMC NASHIK(No Change),EWS PWD PWD-EWS PH,978754,1
2026,Round 2,1164,GMC NASHIK(No Change),NTB NTB,72411,1
2026,Round 2,1164,GMC NASHIK(No Change),NTB NTB(W),89442,1
2026,Round 2,1164,GMC NASHIK(No Change),NTC NTC,48192,2
2026,Round 2,1164,GMC NASHIK(No Change),NTC NTC(W),49634,1
2026,Round 2,1164,GMC NASHIK(No Change),NTD EMNTDW (EMR),38897,1
2026,Round 2,1164,GMC NASHIK(No Change),NTD NTD,24582,1
2026,Round 2,1164,GMC NASHIK(Ret.),NTD OPEN (W) (EMD),20969,1
2026,Round 2,1164,GMC NASHIK(No Change),OBC D1 DEF1,67491,2
2026,Round 2,1164,GMC NASHIK(No Change),OBC HA HEM OBC (EMR),30276,1
2026,Round 2,1164,GMC NASHIK(No Change),OBC HA HOPEN (EMD),28111,1
2026,Round 2,1164,GMC NASHIK(No Change),OBC HA OBC,35385,2
2026,Round 2,1164,GMC NASHIK(No Change),OBC OBC,34327,2
2026,Round 2,1164,GMC NASHIK(Ret.),OBC OBC,34195,1
2026,Round 2,1164,GMC NASHIK,OBC OBC,35836,3
2026,Round 2,1164,GMC NASHIK(No Change),OBC OBC(W),22526,1
2026,Round 2,1164,GMC NASHIK,OBC OBC(W),39860,4
2026,Round 2,1164,GMC NASHIK(No Change),OBC PWD PWD-OBC PH,775174,1
2026,Round 2,1164,GMC NASHIK(Ret.),OPEN,10328,1
2026,Round 2,1164,GMC NASHIK,OPEN,23439,6
2026,Round 2,1164,GMC NASHIK(No Change),OPEN,17886,5
2026,Round 2,1164,GMC NASHIK(No Change),OPEN (W),19121,3
2026,Round 2,1164,GMC NASHIK,OPEN (W),20307,1
2026,Round 2,1164,GMC NASHIK(No Change),ORP-C ORPHANC OrphanC,624002,1
2026,Round 2,1164,GMC NASHIK,PWD PWD-OPEN PH,465003,1
2026,Round 2,1164,GMC NASHIK(Ret.),SC SC,89290,1
2026,Round 2,1164,GMC NASHIK(No Change),SC SC,113945,5
2026,Round 2,1164,GMC NASHIK,SC SC,117041,2
2026,Round 2,1164,GMC NASHIK(No Change),SC SC (W),109642,2
2026,Round 2,1164,GMC NASHIK,SC SC (W),110010,1
2026,Round 2,1164,GMC NASHIK(No Change),SEBC SEBC,31669,3
2026,Round 2,1164,GMC NASHIK,SEBC SEBC,33080,2
2026,Round 2,1164,GMC NASHIK,SEBC SEBC(W),30825,1
2026,Round 2,1164,GMC NASHIK(No Change),SEBC SEBC(W),38687,2
2026,Round 2,1164,GMC NASHIK(No Change),SOBC OBC,34860,1
2026,Round 2,1164,GMC NASHIK(Ret.),ST HA ST (W),255516,1
2026,Round 2,1164,GMC NASHIK(No Change),ST ST,241771,1
2026,Round 2,1164,GMC NASHIK,ST ST,243238,1
2026,Round 2,1164,GMC NASHIK(Ret.),ST ST,262978,1
2026,Round 2,1164,GMC NASHIK,ST ST (W),258900,1
2026,Round 2,1164,GMC NASHIK(No Change),VJA VJA,41978,1
2026,Round 2,1164,GMC NASHIK(Ret.),VJA VJA,54938,1
2026,Round 2,1164,GMC NASHIK(Ret.),VJA VJA (W),88348,1
2026,Round 2,1166,GMC AMBERNATH(Ret.),D1 DEF1,87785,1
2026,Round 2,1166,GMC AMBERNATH,D1 DEF1,97601,1
2026,Round 2,1166,GMC AMBERNATH,D2 DEF2,89758,1
2026,Round 2,1166,GMC AMBERNATH,D3 DEF3,86503,1
2026,Round 2,1166,GMC AMBERNATH(No Change),EWS EWS,49831,4
2026,Round 2,1166,GMC AMBERNATH(No Change),EWS EWS(W),41940,1
2026,Round 2,1166,GMC AMBERNATH(Ret.),EWS EWS(W),45590,1
2026,Round 2,1166,GMC AMBERNATH,EWS EWS(W),52668,1
2026,Round 2,1166,GMC AMBERNATH(No Change),EWS HA HEWS,69834,1
2026,Round 2,1166,GMC AMBERNATH(No Change),NTB NTB,99165,1
2026,Round 2,1166,GMC AMBERNATH(Ret.),NTB NTB(W),89701,1
2026,Round 2,1166,GMC AMBERNATH(No Change),NTC HA NTC(W),57534,1
2026,Round 2,1166,GMC AMBERNATH,NTC NTC,61289,2
2026,Round 2,1166,GMC AMBERNATH(No Change),NTD HA NTD(W),47521,1
2026,Round 2,1166,GMC AMBERNATH(No Change),NTD NTD,36279,1
2026,Round 2,1166,GMC AMBERNATH,OBC D1 DEF1 W,98182,1
2026,Round 2,1166,GMC AMBERNATH(No Change),OBC EMOBC (EMR),43251,1
2026,Round 2,1166,GMC AMBERNATH(No Change),OBC HA HOBC,40148,1
2026,Round 2,1166,GMC AMBERNATH,OBC HA OBC(W),51344,1
2026,Round 2,1166,GMC AMBERNATH(No Change),OBC OBC,45307,4
2026,Round 2,1166,GMC AMBERNATH(Ret.),OBC OBC,44681,1
2026,Round 2,1166,GMC AMBERNATH,OBC OBC,47022,3
2026,Round 2,1166,GMC AMBERNATH,OBC OBC(W),52024,2
2026,Round 2,1166,GMC AMBERNATH(No Change),OBC OPEN (EMD),29059,1
2026,Round 2,1166,GMC AMBERNATH(No Change),OBC PWD PWD-OBC PH,1022483,1
2026,Round 2,1166,GMC AMBERNATH,OPEN,26992,4
2026,Round 2,1166,GMC AMBERNATH(No Change),OPEN,30171,7
2026,Round 2,1166,GMC AMBERNATH(No Change),OPEN (W),28490,4
2026,Round 2,1166,GMC AMBERNATH,OPEN (W),19431,2
2026,Round 2,1166,GMC AMBERNATH(No Change),PWD PWD-OPEN PH,626761,1
2026,Round 2,1166,GMC AMBERNATH,SC D2 SC,125939,1
2026,Round 2,1166,GMC AMBERNATH,SC HA HSCW,166940,1
2026,Round 2,1166,GMC AMBERNATH(No Change),SC SC,129597,3
2026,Round 2,1166,GMC AMBERNATH,SC SC,130343,2
2026,Round 2,1166,GMC AMBERNATH(Ret.),SC SC,119788,1
2026,Round 2,1166,GMC AMBERNATH,SC SC (W),110993,1
2026,Round 2,1166,GMC AMBERNATH(No Change),SC SC (W),125443,1
2026,Round 2,1166,GMC AMBERNATH(No Change),SEBC SEBC,44739,5
2026,Round 2,1166,GMC AMBERNATH,SEBC SEBC(W),46508,2
2026,Round 2,1166,GMC AMBERNATH,SEBCHA SEBC,45058,1
2026,Round 2,1166,GMC AMBERNATH(No Change),SOBC OBC(W),44044,1
2026,Round 2,1166,GMC AMBERNATH,SOBC OBC(W),48048,1
2026,Round 2,1166,GMC AMBERNATH,ST ST,266294,2
2026,Round 2,1166,GMC AMBERNATH(No Change),ST ST,279019,2
2026,Round 2,1166,GMC AMBERNATH(Ret.),ST ST (W),193129,1
2026,Round 2,1166,GMC AMBERNATH,ST ST (W),229103,1
2026,Round 2,1166,GMC AMBERNATH(No Change),VJA VJA,69840,2
2026,Round 2,1166,GMC AMBERNATH(No Change),VJA VJA (W),95758,1
2026,Round 2,1174,ESIC MC ANDHERI MUMBAI(No Change),EWS EWS,36230,1
2026,Round 2,1174,ESIC MC ANDHERI MUMBAI(No Change),EWS EWS(W),33649,1
2026,Round 2,1174,ESIC MC ANDHERI MUMBAI(No Change),NTB NTB,86225,1
2026,Round 2,1174,ESIC MC ANDHERI MUMBAI(No Change),NTC NTC,34018,1
2026,Round 2,1174,ESIC MC ANDHERI MUMBAI,NTD HA NTD,34635,1
2026,Round 2,1174,ESIC MC ANDHERI MUMBAI(No Change),OBC OBC,25588,1
2026,Round 2,1174,ESIC MC ANDHERI MUMBAI,OBC OBC,32500,1
2026,Round 2,1174,ESIC MC ANDHERI MUMBAI,OBC OBC(W),31877,1
2026,Round 2,1174,ESIC MC ANDHERI MUMBAI,OPEN,11739,2
2026,Round 2,1174,ESIC MC ANDHERI MUMBAI,OPEN (W),11429,1
2026,Round 2,1174,ESIC MC ANDHERI MUMBAI(Ret.),SC PWD PWD-OPEN PH,587579,1
2026,Round 2,1174,ESIC MC ANDHERI MUMBAI(No Change),SC SC,84832,1
2026,Round 2,1174,ESIC MC ANDHERI MUMBAI,SC SC (W),82952,1
2026,Round 2,1174,ESIC MC ANDHERI MUMBAI(No Change),SEBC SEBC,21730,1
2026,Round 2,1174,ESIC MC ANDHERI MUMBAI,SEBC SEBC(W),35704,1
2026,Round 2,1174,ESIC MC ANDHERI MUMBAI(Ret.),SEBCD1 DEF1,40151,1
2026,Round 2,1174,ESIC MC ANDHERI MUMBAI,ST ST (W),219400,1
2026,Round 2,1175,SMT.S.N.KATKADE MC KOPERGAON A'NAGAR(No Change),EWS OPEN,81023,1
2026,Round 2,1175,SMT.S.N.KATKADE MC KOPERGAON A'NAGAR,EWS OPEN,82071,1
2026,Round 2,1175,SMT.S.N.KATKADE MC KOPERGAON A'NAGAR(No Change),EWS OPEN (W),75909,1
2026,Round 2,1175,SMT.S.N.KATKADE MC KOPERGAON A'NAGAR(No Change),HA OPEN,78014,1
2026,Round 2,1175,SMT.S.N.KATKADE MC KOPERGAON A'NAGAR,I.Q.,435562,13
2026,Round 2,1175,SMT.S.N.KATKADE MC KOPERGAON A'NAGAR(No Change),NTB NTB,132994,1
2026,Round 2,1175,SMT.S.N.KATKADE MC KOPERGAON A'NAGAR,NTC EMNTC (EMR),82754,1
2026,Round 2,1175,SMT.S.N.KATKADE MC KOPERGAON A'NAGAR(No Change),NTC OPEN (W),76958,2
2026,Round 2,1175,SMT.S.N.KATKADE MC KOPERGAON A'NAGAR,NTC OPEN (W),78499,2
2026,Round 2,1175,SMT.S.N.KATKADE MC KOPERGAON A'NAGAR(No Change),NTD NTD(W),85819,1
2026,Round 2,1175,SMT.S.N.KATKADE MC KOPERGAON A'NAGAR,NTD OPEN,80910,2
2026,Round 2,1175,SMT.S.N.KATKADE MC KOPERGAON A'NAGAR(No Change),NTD OPEN,81150,4
2026,Round 2,1175,SMT.S.N.KATKADE MC KOPERGAON A'NAGAR(No Change),OBC EMOBC (EMR),84854,4
2026,Round 2,1175,SMT.S.N.KATKADE MC KOPERGAON A'NAGAR(No Change),OBC EMOBCW (EMR),82421,1
2026,Round 2,1175,SMT.S.N.KATKADE MC KOPERGAON A'NAGAR,OBC HA EMOBC (EMR),82577,1
2026,Round 2,1175,SMT.S.N.KATKADE MC KOPERGAON A'NAGAR(No Change),OBC HA EMOBCW (EMR),82489,1
2026,Round 2,1175,SMT.S.N.KATKADE MC KOPERGAON A'NAGAR(No Change),OBC HA OPEN,81647,2
2026,Round 2,1175,SMT.S.N.KATKADE MC KOPERGAON A'NAGAR(No Change),OBC HA OPEN (EMD),77685,2
2026,Round 2,1175,SMT.S.N.KATKADE MC KOPERGAON A'NAGAR,OBC HA OPEN (W),79059,1
2026,Round 2,1175,SMT.S.N.KATKADE MC KOPERGAON A'NAGAR,OBC OPEN,81054,5
2026,Round 2,1175,SMT.S.N.KATKADE MC KOPERGAON A'NAGAR(No Change),OBC OPEN,81805,8
2026,Round 2,1175,SMT.S.N.KATKADE MC KOPERGAON A'NAGAR(No Change),OBC OPEN (EMD),78305,4
2026,Round 2,1175,SMT.S.N.KATKADE MC KOPERGAON A'NAGAR,OBC OPEN (W),76844,1
2026,Round 2,1175,SMT.S.N.KATKADE MC KOPERGAON A'NAGAR(No Change),OBC OPEN (W),78875,2
2026,Round 2,1175,SMT.S.N.KATKADE MC KOPERGAON A'NAGAR(No Change),OBC OPEN (W) (EMD),77536,1
2026,Round 2,1175,SMT.S.N.KATKADE MC KOPERGAON A'NAGAR(No Change),OPEN,79458,1
2026,Round 2,1175,SMT.S.N.KATKADE MC KOPERGAON A'NAGAR,OPEN (W),73035,2
2026,Round 2,1175,SMT.S.N.KATKADE MC KOPERGAON A'NAGAR(No Change),OPEN (W),77841,2
2026,Round 2,1175,SMT.S.N.KATKADE MC KOPERGAON A'NAGAR,SC I.Q.,433979,1
2026,Round 2,1175,SMT.S.N.KATKADE MC KOPERGAON A'NAGAR(No Change),SC SC,164333,4
2026,Round 2,1175,SMT.S.N.KATKADE MC KOPERGAON A'NAGAR(No Change),SC SC (W),162382,2
2026,Round 2,1175,SMT.S.N.KATKADE MC KOPERGAON A'NAGAR(No Change),SEBC EMSEBC (EMR),82612,2
2026,Round 2,1175,SMT.S.N.KATKADE MC KOPERGAON A'NAGAR(Ret.),SEBC EMSEBC (EMR),83584,1
2026,Round 2,1175,SMT.S.N.KATKADE MC KOPERGAON A'NAGAR,SEBC EMSEBCW (EMR),84800,1
2026,Round 2,1175,SMT.S.N.KATKADE MC KOPERGAON A'NAGAR,SEBC OPEN,82188,5
2026,Round 2,1175,SMT.S.N.KATKADE MC KOPERGAON A'NAGAR(No Change),SEBC OPEN (EMD),80187,1
2026,Round 2,1175,SMT.S.N.KATKADE MC KOPERGAON A'NAGAR,SEBC SEBC,82250,1
2026,Round 2,1175,SMT.S.N.KATKADE MC KOPERGAON A'NAGAR(No Change),SEBC SEBC,84685,2
2026,Round 2,1175,SMT.S.N.KATKADE MC KOPERGAON A'NAGAR(No Change),SEBC SEBC(W),85613,1
2026,Round 2,1175,SMT.S.N.KATKADE MC KOPERGAON A'NAGAR(No Change),SOBC EMOBC (EMR),83188,1
2026,Round 2,1175,SMT.S.N.KATKADE MC KOPERGAON A'NAGAR,SOBC EMOBC (EMR),83361,1
2026,Round 2,1175,SMT.S.N.KATKADE MC KOPERGAON A'NAGAR(No Change),SOBC EMOBCW (EMR),82847,1
2026,Round 2,1175,SMT.S.N.KATKADE MC KOPERGAON A'NAGAR,SOBC OPEN (W),78937,1
2026,Round 2,1175,SMT.S.N.KATKADE MC KOPERGAON A'NAGAR,ST ST,327169,2
2026,Round 2,1175,SMT.S.N.KATKADE MC KOPERGAON A'NAGAR(No Change),ST ST,338313,1
2026,Round 2,1175,SMT.S.N.KATKADE MC KOPERGAON A'NAGAR,ST ST (W),319020,1
2026,Round 2,1175,SMT.S.N.KATKADE MC KOPERGAON A'NAGAR,VJA I.Q.,421715,1
2026,Round 2,1175,SMT.S.N.KATKADE MC KOPERGAON A'NAGAR(No Change),VJA VJA,94943,1
2026,Round 2,1175,SMT.S.N.KATKADE MC KOPERGAON A'NAGAR(No Change),VJA VJA (W),107183,1
2026,Round 2,1221,GMC NAGPUR(No Change),D1 DEF1,30801,1
2026,Round 2,1221,GMC NAGPUR(No Change),D2 DEF2 W,44834,1
2026,Round 2,1221,GMC NAGPUR(Ret.),D3 DEF3,11852,1
2026,Round 2,1221,GMC NAGPUR(Ret.),EWS EWS,33214,9
2026,Round 2,1221,GMC NAGPUR(No Change),EWS EWS,33390,3
2026,Round 2,1221,GMC NAGPUR,EWS EWS,29107,1
2026,Round 2,1221,GMC NAGPUR(No Pref),EWS EWS(W),12706,1
2026,Round 2,1221,GMC NAGPUR(No Change),EWS EWS(W),26809,2
2026,Round 2,1221,GMC NAGPUR(Ret.),EWS EWS(W),32422,3
2026,Round 2,1221,GMC NAGPUR,EWS EWS(W),30727,1
2026,Round 2,1221,GMC NAGPUR(No Pref),EWS OPEN,6558,1
2026,Round 2,1221,GMC NAGPUR(Ret.),EWS OPEN,8384,1
2026,Round 2,1221,GMC NAGPUR(No Change),EWS PWD PWD-EWS PH,880703,1
2026,Round 2,1221,GMC NAGPUR,HA HOPEN,14759,1
2026,Round 2,1221,GMC NAGPUR(No Change),HA HOPENW,25013,1
2026,Round 2,1221,GMC NAGPUR(Ret.),NTB EMNTB (EMR),27583,1
2026,Round 2,1221,GMC NAGPUR(Ret.),NTB NTB,33331,3
2026,Round 2,1221,GMC NAGPUR(Ret.),NTB NTB(W),19223,1
2026,Round 2,1221,GMC NAGPUR(No Pref),NTB OPEN (EMD),8582,1
2026,Round 2,1221,GMC NAGPUR(No Change),NTC NTC,20989,1
2026,Round 2,1221,GMC NAGPUR(Ret.),NTC NTC,28017,3
2026,Round 2,1221,GMC NAGPUR(Ret.),NTC NTC(W),23861,1
2026,Round 2,1221,GMC NAGPUR,NTC NTC(W),28670,1
2026,Round 2,1221,GMC NAGPUR(Ret.),NTC PWD PWD-NTC PH,587198,1
2026,Round 2,1221,GMC NAGPUR(No Change),NTD EMNTD (EMR),16581,1
2026,Round 2,1221,GMC NAGPUR(No Change),NTD NTD,18144,2
2026,Round 2,1221,GMC NAGPUR(No Change),NTD NTD(W),10837,1
2026,Round 2,1221,GMC NAGPUR(No Change),NTD OPEN (EMD),10492,1
2026,Round 2,1221,GMC NAGPUR(Ret.),OBC EMOBC (EMR),15125,10
2026,Round 2,1221,GMC NAGPUR(No Change),OBC EMOBC (EMR),12809,1
2026,Round 2,1221,GMC NAGPUR(Ret.),OBC EMOBCW (EMR),11214,1
2026,Round 2,1221,GMC NAGPUR(No Change),OBC HA HOBC W,27478,1
2026,Round 2,1221,GMC NAGPUR,OBC OBC,18814,3
2026,Round 2,1221,GMC NAGPUR(Ret.),OBC OBC,18776,9
2026,Round 2,1221,GMC NAGPUR(No Change),OBC OBC,18703,2
2026,Round 2,1221,GMC NAGPUR(Ret.),OBC OBC(W),19053,5
2026,Round 2,1221,GMC NAGPUR(No Pref),OBC OBC(W),14414,1
2026,Round 2,1221,GMC NAGPUR(No Change),OBC OBC(W),15663,1
2026,Round 2,1221,GMC NAGPUR,OBC OBC(W),20953,3
2026,Round 2,1221,GMC NAGPUR(Ret.),OBC OPEN (EMD),10489,10
2026,Round 2,1221,GMC NAGPUR,OBC OPEN (W),6034,1
2026,Round 2,1221,GMC NAGPUR(Ret.),OBC OPEN (W) (EMD),6344,1
2026,Round 2,1221,GMC NAGPUR(Ret.),OBC PWD PEM OBC PH (EMR),384020,2
2026,Round 2,1221,GMC NAGPUR(Ret.),OBC PWD PWD-OPEN (EMD),333208,1
2026,Round 2,1221,GMC NAGPUR,OBC PWD PWD-OPEN PH,348127,1
2026,Round 2,1221,GMC NAGPUR,OPEN,11870,10
2026,Round 2,1221,GMC NAGPUR(Ret.),OPEN,10216,3
2026,Round 2,1221,GMC NAGPUR(No Pref),OPEN,8713,1
2026,Round 2,1221,GMC NAGPUR(No Change),OPEN,10287,7
2026,Round 2,1221,GMC NAGPUR(No Change),OPEN (W),9947,2
2026,Round 2,1221,GMC NAGPUR(Ret.),OPEN (W),9449,3
2026,Round 2,1221,GMC NAGPUR,OPEN (W),12429,9
2026,Round 2,1221,GMC NAGPUR(Ret.),ORP-A ORPHAN Orphan-A,978495,1
2026,Round 2,1221,GMC NAGPUR(Ret.),SC HA HSC,97149,1
2026,Round 2,1221,GMC NAGPUR(No Change),SC ORP-C ORPHANC-SC Orphan-C SC,216060,1
2026,Round 2,1221,GMC NAGPUR,SC PWD PWD-OPEN PH,382754,1
2026,Round 2,1221,GMC NAGPUR(No Change),SC PWD PWD-SC PH,367878,1
2026,Round 2,1221,GMC NAGPUR,SC SC,61357,3
2026,Round 2,1221,GMC NAGPUR(Ret.),SC SC,61206,11
2026,Round 2,1221,GMC NAGPUR(No Change),SC SC,59679,2
2026,Round 2,1221,GMC NAGPUR(Ret.),SC SC (W),54709,7
2026,Round 2,1221,GMC NAGPUR,SC SC (W),50391,1
2026,Round 2,1221,GMC NAGPUR(No Change),SEBC SEBC,19232,11
2026,Round 2,1221,GMC NAGPUR(Ret.),SEBC SEBC,18127,2
2026,Round 2,1221,GMC NAGPUR(No Change),SEBC SEBC(W),17375,5
2026,Round 2,1221,GMC NAGPUR(Ret.),SEBC SEBC(W),16887,1
2026,Round 2,1221,GMC NAGPUR(No Change),SEBCD1 DEF1,30678,1
2026,Round 2,1221,GMC NAGPUR(Ret.),SEBCD1 DEF1 W,27963,1
2026,Round 2,1221,GMC NAGPUR(Ret.),SEBCHA HSEBC,27281,1
2026,Round 2,1221,GMC NAGPUR,SEBCPWD PWD-SEBC PH,943085,1
2026,Round 2,1221,GMC NAGPUR(Ret.),SOBC OBC,16363,1
2026,Round 2,1221,GMC NAGPUR(Ret.),SOBC OPEN (EMD),7411,1
2026,Round 2,1221,GMC NAGPUR(Ret.),ST HA HST,184890,1
2026,Round 2,1221,GMC NAGPUR(Ret.),ST PWD PWD-ST PH,1157168,1
2026,Round 2,1221,GMC NAGPUR(Ret.),ST ST,165972,6
2026,Round 2,1221,GMC NAGPUR(No Change),ST ST,168519,2
2026,Round 2,1221,GMC NAGPUR(Ret.),ST ST (W),135964,5
2026,Round 2,1221,GMC NAGPUR(Ret.),VJA HA VJA,27382,1
2026,Round 2,1221,GMC NAGPUR(Ret.),VJA VJA,27822,3
2026,Round 2,1221,GMC NAGPUR(No Change),VJA VJA,14982,1
2026,Round 2,1221,GMC NAGPUR(Ret.),VJA VJA (W),37227,1
2026,Round 2,1221,GMC NAGPUR,VJA VJA (W),45617,1
2026,Round 2,1222,IGMC NAGPUR,D3 DEF3,41637,1
2026,Round 2,1222,IGMC NAGPUR(No Change),EWS EWS,39883,10
2026,Round 2,1222,IGMC NAGPUR(No Change),EWS EWS(W),42407,4
2026,Round 2,1222,IGMC NAGPUR(Ret.),EWS EWS(W),40718,1
2026,Round 2,1222,IGMC NAGPUR(No Change),EWS HA HEWS,44973,1
2026,Round 2,1222,IGMC NAGPUR(Ret.),EWS PWD PWD-EWS PH,878488,1
2026,Round 2,1222,IGMC NAGPUR(No Change),HA HOPEN,15021,1
2026,Round 2,1222,IGMC NAGPUR,MKB MKB,14117,1
2026,Round 2,1222,IGMC NAGPUR,NTB HA HNTB W,123330,1
2026,Round 2,1222,IGMC NAGPUR(No Change),NTB NTB,39284,2
2026,Round 2,1222,IGMC NAGPUR(No Change),NTB NTB(W),55637,1
2026,Round 2,1222,IGMC NAGPUR,NTC D2 DEF2 W,72520,1
2026,Round 2,1222,IGMC NAGPUR,NTC NTC,28696,1
2026,Round 2,1222,IGMC NAGPUR(No Change),NTC NTC,32596,4
2026,Round 2,1222,IGMC NAGPUR,NTC NTC(W),34208,1
2026,Round 2,1222,IGMC NAGPUR(No Change),NTD D1 DEF1,34061,1
2026,Round 2,1222,IGMC NAGPUR,NTD HA OPEN (W),16634,1
2026,Round 2,1222,IGMC NAGPUR(No Change),NTD NTD,19206,2
2026,Round 2,1222,IGMC NAGPUR(No Change),NTD NTD(W),27931,1
2026,Round 2,1222,IGMC NAGPUR(Ret.),OBC D1 DEF1,30934,1
2026,Round 2,1222,IGMC NAGPUR(No Change),OBC D1 DEF1 W,33674,1
2026,Round 2,1222,IGMC NAGPUR(No Change),OBC HA HOBC,27545,1
2026,Round 2,1222,IGMC NAGPUR(No Change),OBC OBC,23172,15
2026,Round 2,1222,IGMC NAGPUR,OBC OBC,23261,4
2026,Round 2,1222,IGMC NAGPUR(No Change),OBC OBC(W),22997,6
2026,Round 2,1222,IGMC NAGPUR,OBC OBC(W),26369,4
2026,Round 2,1222,IGMC NAGPUR(No Change),OBC ORP-C ORPHANC-OB Orphan-C OBC,223167,1
2026,Round 2,1222,IGMC NAGPUR(No Pref),OBC PWD PWD-OBC PH,472353,1
2026,Round 2,1222,IGMC NAGPUR(No Change),OPEN,14705,17
2026,Round 2,1222,IGMC NAGPUR,OPEN,16355,10
2026,Round 2,1222,IGMC NAGPUR(No Change),OPEN (W),15146,7
2026,Round 2,1222,IGMC NAGPUR(Ret.),OPEN (W),14518,1
2026,Round 2,1222,IGMC NAGPUR,OPEN (W),18259,5
2026,Round 2,1222,IGMC NAGPUR,PWD PWD-OPEN PH,236679,1
2026,Round 2,1222,IGMC NAGPUR(No Change),PWD PWD-OPEN PH,410878,1
2026,Round 2,1222,IGMC NAGPUR,SC HA HSCW,113312,1
2026,Round 2,1222,IGMC NAGPUR(No Pref),SC PWD PEM SC PH (EMR),460885,1
2026,Round 2,1222,IGMC NAGPUR(No Change),SC PWD PWD-OPEN PH,385089,1
2026,Round 2,1222,IGMC NAGPUR(No Change),SC SC,79392,13
2026,Round 2,1222,IGMC NAGPUR(Ret.),SC SC,79590,2
2026,Round 2,1222,IGMC NAGPUR(No Change),SC SC (W),70152,3
2026,Round 2,1222,IGMC NAGPUR,SC SC (W),66071,1
2026,Round 2,1222,IGMC NAGPUR(Ret.),SC SC (W),68510,1
2026,Round 2,1222,IGMC NAGPUR(No Change),SEBC SEBC,23735,8
2026,Round 2,1222,IGMC NAGPUR,SEBC SEBC,24275,2
2026,Round 2,1222,IGMC NAGPUR(No Change),SEBC SEBC(W),25850,4
2026,Round 2,1222,IGMC NAGPUR,SEBC SEBC(W),22764,1
2026,Round 2,1222,IGMC NAGPUR,SEBCPWD PWD-SEBC PH,1193782,1
2026,Round 2,1222,IGMC NAGPUR(No Change),ST ST,214842,7
2026,Round 2,1222,IGMC NAGPUR(No Change),ST ST (W),219083,4
2026,Round 2,1222,IGMC NAGPUR(Ret.),VJA PWD PWD-VJA PH,449099,1
2026,Round 2,1222,IGMC NAGPUR(No Change),VJA VJA,42175,3
2026,Round 2,1222,IGMC NAGPUR,VJA VJA (W),53392,1
2026,Round 2,1223,NKP SALVE MC NAGPUR,AIQ AIQ,364169,57
2026,Round 2,1223,NKP SALVE MC NAGPUR,EWS AIQ AIQ,351756,4
2026,Round 2,1223,NKP SALVE MC NAGPUR,EWS OPEN,131338,4
2026,Round 2,1223,NKP SALVE MC NAGPUR,HA AIQ AIQ,187488,1
2026,Round 2,1223,NKP SALVE MC NAGPUR,NTB AIQ AIQ,359953,2
2026,Round 2,1223,NKP SALVE MC NAGPUR,NTB NTB,196552,2
2026,Round 2,1223,NKP SALVE MC NAGPUR,NTC AIQ AIQ,268708,2
2026,Round 2,1223,NKP SALVE MC NAGPUR,NTC EMNTC (EMR),175043,1
2026,Round 2,1223,NKP SALVE MC NAGPUR,NTC NTC,181717,2
2026,Round 2,1223,NKP SALVE MC NAGPUR,NTC NTC(W),145267,1
2026,Round 2,1223,NKP SALVE MC NAGPUR,NTC OPEN,135486,1
2026,Round 2,1223,NKP SALVE MC NAGPUR,NTC OPEN (EMD),113756,1
2026,Round 2,1223,NKP SALVE MC NAGPUR,NTD AIQ AIQ,233266,2
2026,Round 2,1223,NKP SALVE MC NAGPUR,NTD HA NTD(W),147537,1
2026,Round 2,1223,NKP SALVE MC NAGPUR,NTD NTD,166815,1
2026,Round 2,1223,NKP SALVE MC NAGPUR,OBC AIQ AIQ,358976,22
2026,Round 2,1223,NKP SALVE MC NAGPUR,OBC D1 OBC(W),170411,1
2026,Round 2,1223,NKP SALVE MC NAGPUR,OBC D2 AIQ AIQ,332532,1
2026,Round 2,1223,NKP SALVE MC NAGPUR,OBC EMOBC (EMR),167316,4
2026,Round 2,1223,NKP SALVE MC NAGPUR,OBC EMOBCW (EMR),165223,2
2026,Round 2,1223,NKP SALVE MC NAGPUR,OBC HA AIQ AIQ,201956,1
2026,Round 2,1223,NKP SALVE MC NAGPUR,OBC HA OPEN (EMD),138291,1
2026,Round 2,1223,NKP SALVE MC NAGPUR,OBC NRI NRI NRI,1037193,1
2026,Round 2,1223,NKP SALVE MC NAGPUR,OBC OBC,193009,9
2026,Round 2,1223,NKP SALVE MC NAGPUR,OBC OBC(W),174992,3
2026,Round 2,1223,NKP SALVE MC NAGPUR,OBC OPEN (EMD),133713,3
2026,Round 2,1223,NKP SALVE MC NAGPUR,OBC OPEN (W) (EMD),119647,2
2026,Round 2,1223,NKP SALVE MC NAGPUR,OPEN,140585,16
2026,Round 2,1223,NKP SALVE MC NAGPUR,OPEN (W),109967,9
2026,Round 2,1223,NKP SALVE MC NAGPUR,SC AIQ AIQ,349443,16
2026,Round 2,1223,NKP SALVE MC NAGPUR,SC SC,255619,9
2026,Round 2,1223,NKP SALVE MC NAGPUR,SC SC (W),218259,4
2026,Round 2,1223,NKP SALVE MC NAGPUR,SEBC AIQ AIQ,333653,2
2026,Round 2,1223,NKP SALVE MC NAGPUR,SEBC EMSEBC (EMR),172844,1
2026,Round 2,1223,NKP SALVE MC NAGPUR,SEBC OPEN (EMD),135534,1
2026,Round 2,1223,NKP SALVE MC NAGPUR,SEBC SEBC,322218,6
2026,Round 2,1223,NKP SALVE MC NAGPUR,SEBC SEBC(W),262488,3
2026,Round 2,1223,NKP SALVE MC NAGPUR,SOBC OPEN (W),122414,1
2026,Round 2,1223,NKP SALVE MC NAGPUR,ST D2 ST,401311,1
2026,Round 2,1223,NKP SALVE MC NAGPUR,ST ST,461321,4
2026,Round 2,1223,NKP SALVE MC NAGPUR,ST ST (W),432344,2
2026,Round 2,1223,NKP SALVE MC NAGPUR,VJA AIQ AIQ,359640,2
2026,Round 2,1223,NKP SALVE MC NAGPUR,VJA EMVJA (EMR),173574,1
2026,Round 2,1223,NKP SALVE MC NAGPUR,VJA OPEN (EMD),140700,1
2026,Round 2,1223,NKP SALVE MC NAGPUR,VJA VJA,187995,1
2026,Round 2,1223,NKP SALVE MC NAGPUR,VJA VJA (W),208164,1
2026,Round 2,1225,PDMC AMRAVATI,EWS I.Q.,269169,1
2026,Round 2,1225,PDMC AMRAVATI(No Change),I.Q.,453985,2
2026,Round 2,1225,PDMC AMRAVATI,I.Q.,656196,5
2026,Round 2,1225,PDMC AMRAVATI(Ret.),I.Q.,555048,2
2026,Round 2,1225,PDMC AMRAVATI(No Change),NTB NTB,129939,1
2026,Round 2,1225,PDMC AMRAVATI(No Change),NTB NTB(W),128269,1
2026,Round 2,1225,PDMC AMRAVATI(No Change),NTC EMNTC (EMR),73501,1
2026,Round 2,1225,PDMC AMRAVATI,NTC EMNTC (EMR),73600,1
2026,Round 2,1225,PDMC AMRAVATI(No Change),NTC EMNTCW (EMR),71734,1
2026,Round 2,1225,PDMC AMRAVATI(Ret.),NTC OPEN,68773,1
2026,Round 2,1225,PDMC AMRAVATI(No Change),NTC OPEN,70505,2
2026,Round 2,1225,PDMC AMRAVATI(No Change),NTC OPEN (EMD),67639,2
2026,Round 2,1225,PDMC AMRAVATI(No Change),NTD EMNTD (EMR),70976,1
2026,Round 2,1225,PDMC AMRAVATI,NTD OPEN,58834,1
2026,Round 2,1225,PDMC AMRAVATI(No Change),NTD OPEN,69963,5
2026,Round 2,1225,PDMC AMRAVATI(No Change),NTD OPEN (EMD),50154,1
2026,Round 2,1225,PDMC AMRAVATI(No Change),OBC EMOBC (EMR),73391,8
2026,Round 2,1225,PDMC AMRAVATI,OBC EMOBC (EMR),71911,1
2026,Round 2,1225,PDMC AMRAVATI(No Change),OBC EMOBCW (EMR),71058,4
2026,Round 2,1225,PDMC AMRAVATI(Ret.),OBC I.Q.,535752,5
2026,Round 2,1225,PDMC AMRAVATI,OBC I.Q.,658025,7
2026,Round 2,1225,PDMC AMRAVATI(No Change),OBC OPEN,70630,16
2026,Round 2,1225,PDMC AMRAVATI(No Change),OBC OPEN (EMD),65320,8
2026,Round 2,1225,PDMC AMRAVATI,OBC OPEN (W),69469,4
2026,Round 2,1225,PDMC AMRAVATI(No Change),OBC OPEN (W),63869,7
2026,Round 2,1225,PDMC AMRAVATI(Ret.),OBC OPEN (W),63668,1
2026,Round 2,1225,PDMC AMRAVATI(No Change),OBC OPEN (W) (EMD),57371,1
2026,Round 2,1225,PDMC AMRAVATI,OPEN,70887,7
2026,Round 2,1225,PDMC AMRAVATI(No Change),OPEN,68014,3
2026,Round 2,1225,PDMC AMRAVATI(No Change),OPEN (W),62896,6
2026,Round 2,1225,PDMC AMRAVATI,OPEN (W),69379,3
2026,Round 2,1225,PDMC AMRAVATI(No Change),SC SC,151694,7
2026,Round 2,1225,PDMC AMRAVATI(No Change),SC SC (W),148213,2
2026,Round 2,1225,PDMC AMRAVATI,SC SC (W),153165,1
2026,Round 2,1225,PDMC AMRAVATI,SEBC EMSEBC (EMR),72758,1
2026,Round 2,1225,PDMC AMRAVATI(No Change),SEBC EMSEBC (EMR),75040,5
2026,Round 2,1225,PDMC AMRAVATI,SEBC OPEN,69626,2
2026,Round 2,1225,PDMC AMRAVATI(No Change),SEBC OPEN,70735,1
2026,Round 2,1225,PDMC AMRAVATI(No Change),SEBC OPEN (EMD),70714,4
2026,Round 2,1225,PDMC AMRAVATI(No Change),SEBC SEBC,75392,2
2026,Round 2,1225,PDMC AMRAVATI(No Change),SEBC SEBC(W),73534,3
2026,Round 2,1225,PDMC AMRAVATI(No Change),SEBCHA SEBC(W),72289,1
2026,Round 2,1225,PDMC AMRAVATI(Ret.),SOBC EMOBC (EMR),73094,1
2026,Round 2,1225,PDMC AMRAVATI(No Change),SOBC OPEN,69479,1
2026,Round 2,1225,PDMC AMRAVATI(Ret.),SOBC OPEN (EMD),60206,1
2026,Round 2,1225,PDMC AMRAVATI,SOBC OPEN (W),63738,1
2026,Round 2,1225,PDMC AMRAVATI(No Change),ST HA ST (W),332278,1
2026,Round 2,1225,PDMC AMRAVATI,ST ST,315769,1
2026,Round 2,1225,PDMC AMRAVATI(No Change),ST ST,323727,2
2026,Round 2,1225,PDMC AMRAVATI(No Change),ST ST (W),335859,1
2026,Round 2,1225,PDMC AMRAVATI(No Change),VJA VJA,92206,2
2026,Round 2,1225,PDMC AMRAVATI(No Change),VJA VJA (W),99230,1
2026,Round 2,1226,VNMC YEOTMAL(No Change),D1 DEF1,85119,1
2026,Round 2,1226,VNMC YEOTMAL(No Change),D1 DEF1 W,52228,1
2026,Round 2,1226,VNMC YEOTMAL(No Change),D2 DEF2,74077,1
2026,Round 2,1226,VNMC YEOTMAL(No Change),D3 DEF3 W,68190,1
2026,Round 2,1226,VNMC YEOTMAL,EWS EWS,54949,2
2026,Round 2,1226,VNMC YEOTMAL(No Change),EWS EWS,62646,7
2026,Round 2,1226,VNMC YEOTMAL(Ret.),EWS EWS,58963,3
2026,Round 2,1226,VNMC YEOTMAL(No Change),EWS EWS(W),48298,3
2026,Round 2,1226,VNMC YEOTMAL(No Pref),EWS EWS(W),47686,1
2026,Round 2,1226,VNMC YEOTMAL(No Change),EWS HA HEWS W,92402,1
2026,Round 2,1226,VNMC YEOTMAL(Ret.),EWS OPEN,27097,1
2026,Round 2,1226,VNMC YEOTMAL,EWS PWD PWD-OPEN PH,242066,1
2026,Round 2,1226,VNMC YEOTMAL(Ret.),NTB NTB,73998,1
2026,Round 2,1226,VNMC YEOTMAL(No Change),NTB NTB,81158,1
2026,Round 2,1226,VNMC YEOTMAL(No Change),NTB NTB(W),64284,1
2026,Round 2,1226,VNMC YEOTMAL(No Change),NTC NTC,50946,3
2026,Round 2,1226,VNMC YEOTMAL(No Change),NTC NTC(W),55821,2
2026,Round 2,1226,VNMC YEOTMAL(Ret.),NTC PWD PEM NTC PH (EMR),935387,1
2026,Round 2,1226,VNMC YEOTMAL(No Change),NTC PWD PWD-OPEN (EMD),773801,1
2026,Round 2,1226,VNMC YEOTMAL(No Change),NTD D1 DEF1,80261,1
2026,Round 2,1226,VNMC YEOTMAL(No Change),NTD NTD,40193,2
2026,Round 2,1226,VNMC YEOTMAL(Ret.),NTD NTD(W),39407,1
2026,Round 2,1226,VNMC YEOTMAL(Ret.),OBC EMOBC (EMR),35785,1
2026,Round 2,1226,VNMC YEOTMAL(No Change),OBC EMOBC (EMR),36648,2
2026,Round 2,1226,VNMC YEOTMAL(No Change),OBC EMOBCW (EMR),36152,1
2026,Round 2,1226,VNMC YEOTMAL,OBC EMOBCW (EMR),36996,1
2026,Round 2,1226,VNMC YEOTMAL(No Change),OBC HA HOBC,39552,1
2026,Round 2,1226,VNMC YEOTMAL,OBC HA HOPEN,47722,1
2026,Round 2,1226,VNMC YEOTMAL(No Change),OBC HA OBC,41345,1
2026,Round 2,1226,VNMC YEOTMAL(No Change),OBC OBC,42099,13
2026,Round 2,1226,VNMC YEOTMAL(Ret.),OBC OBC,37783,1
2026,Round 2,1226,VNMC YEOTMAL,OBC OBC,40263,2
2026,Round 2,1226,VNMC YEOTMAL(Ret.),OBC OBC(W),36557,1
2026,Round 2,1226,VNMC YEOTMAL(No Change),OBC OBC(W),40277,7
2026,Round 2,1226,VNMC YEOTMAL,OBC OPEN (W),34734,1
2026,Round 2,1226,VNMC YEOTMAL(No Change),OBC OPEN (W) (EMD),31011,1
2026,Round 2,1226,VNMC YEOTMAL(Ret.),OBC PWD PWD-OBC PH,806020,1
2026,Round 2,1226,VNMC YEOTMAL(No Change),OBC PWD PWD-OBC PH,964766,1
2026,Round 2,1226,VNMC YEOTMAL(Ret.),OPEN,32079,2
2026,Round 2,1226,VNMC YEOTMAL,OPEN,36047,8
2026,Round 2,1226,VNMC YEOTMAL(No Change),OPEN,35512,15
2026,Round 2,1226,VNMC YEOTMAL(No Change),OPEN (W),33625,7
2026,Round 2,1226,VNMC YEOTMAL(Ret.),OPEN (W),28620,2
2026,Round 2,1226,VNMC YEOTMAL,OPEN (W),35419,2
2026,Round 2,1226,VNMC YEOTMAL,SC HA HSC,131649,1
2026,Round 2,1226,VNMC YEOTMAL(No Change),SC PWD PEM SC PH (EMR),936841,1
2026,Round 2,1226,VNMC YEOTMAL(No Change),SC SC,121032,11
2026,Round 2,1226,VNMC YEOTMAL,SC SC,91561,1
2026,Round 2,1226,VNMC YEOTMAL,SC SC (W),87006,1
2026,Round 2,1226,VNMC YEOTMAL(No Change),SC SC (W),126987,6
2026,Round 2,1226,VNMC YEOTMAL(Ret.),SC SC (W),122176,1
2026,Round 2,1226,VNMC YEOTMAL,SEBC EMSEBC (EMR),37488,1
2026,Round 2,1226,VNMC YEOTMAL(No Change),SEBC EMSEBC (EMR),38228,1
2026,Round 2,1226,VNMC YEOTMAL(Ret.),SEBC EMSEBC (EMR),38429,1
2026,Round 2,1226,VNMC YEOTMAL(No Change),SEBC OPEN,32874,1
2026,Round 2,1226,VNMC YEOTMAL(No Change),SEBC OPEN (EMD),34375,1
2026,Round 2,1226,VNMC YEOTMAL(No Change),SEBC SEBC,42516,5
2026,Round 2,1226,VNMC YEOTMAL,SEBC SEBC,41696,3
2026,Round 2,1226,VNMC YEOTMAL(No Change),SEBC SEBC(W),40002,3
2026,Round 2,1226,VNMC YEOTMAL(No Pref),SEBC SEBC(W),39513,1
2026,Round 2,1226,VNMC YEOTMAL,SEBC SEBC(W),43121,1
2026,Round 2,1226,VNMC YEOTMAL,SEBCPWD PWD-OPEN PH,643526,1
2026,Round 2,1226,VNMC YEOTMAL(No Change),SOBC OPEN (EMD),30647,1
2026,Round 2,1226,VNMC YEOTMAL(No Change),ST ST,284497,6
2026,Round 2,1226,VNMC YEOTMAL(Ret.),ST ST,249137,1
2026,Round 2,1226,VNMC YEOTMAL(No Change),ST ST (W),284401,3
2026,Round 2,1226,VNMC YEOTMAL(Ret.),VJA HA HVJA,87043,1
2026,Round 2,1226,VNMC YEOTMAL(No Change),VJA VJA,60374,3
2026,Round 2,1226,VNMC YEOTMAL(Ret.),VJA VJA (W),69586,1
2026,Round 2,1234,GMC AKOLA (No Change),D1 DEF1 W,78435,1
2026,Round 2,1234,GMC AKOLA,D3 DEF3,60348,1
2026,Round 2,1234,GMC AKOLA (No Change),EWS D1 DEF1,70878,1
2026,Round 2,1234,GMC AKOLA (No Change),EWS EWS,53336,6
2026,Round 2,1234,GMC AKOLA (Ret.),EWS EWS,44204,2
2026,Round 2,1234,GMC AKOLA,EWS EWS,54584,2
2026,Round 2,1234,GMC AKOLA (Ret.),EWS EWS(W),38322,2
2026,Round 2,1234,GMC AKOLA (No Change),EWS EWS(W),51970,3
2026,Round 2,1234,GMC AKOLA (No Change),EWS HA EWS,54201,1
2026,Round 2,1234,GMC AKOLA (Ret.),EWS OPEN (W),28969,1
2026,Round 2,1234,GMC AKOLA (Ret.),EWS PWD PWD-EWS PH,833101,1
2026,Round 2,1234,GMC AKOLA (Ret.),EWS PWD PWD-OPEN PH,244763,1
2026,Round 2,1234,GMC AKOLA (No Change),NTB NTB,80616,3
2026,Round 2,1234,GMC AKOLA (Ret.),NTB NTB(W),75771,1
2026,Round 2,1234,GMC AKOLA (No Change),NTC HA HNTC,51152,1
2026,Round 2,1234,GMC AKOLA (No Change),NTC NTC,52624,3
2026,Round 2,1234,GMC AKOLA (No Change),NTC NTC(W),53190,1
2026,Round 2,1234,GMC AKOLA (Ret.),NTC NTC(W),53616,1
2026,Round 2,1234,GMC AKOLA (No Change),NTD NTD,37736,3
2026,Round 2,1234,GMC AKOLA (No Change),NTD NTD(W),38046,1
2026,Round 2,1234,GMC AKOLA (No Change),OBC D1 DEF1,52564,1
2026,Round 2,1234,GMC AKOLA (No Change),OBC EMOBC (EMR),30606,4
2026,Round 2,1234,GMC AKOLA (Ret.),OBC EMOBC (EMR),30549,1
2026,Round 2,1234,GMC AKOLA (No Change),OBC EMOBCW (EMR),31527,3
2026,Round 2,1234,GMC AKOLA,OBC EMOBCW (EMR),35827,1
2026,Round 2,1234,GMC AKOLA (No Change),OBC HA HEM OBC (EMR),38774,1
2026,Round 2,1234,GMC AKOLA (No Change),OBC HA HOPEN (EMD),34620,1
2026,Round 2,1234,GMC AKOLA (No Change),OBC OBC,35752,14
2026,Round 2,1234,GMC AKOLA (Ret.),OBC OBC,35257,1
2026,Round 2,1234,GMC AKOLA (Ret.),OBC OBC(W),35092,2
2026,Round 2,1234,GMC AKOLA (No Change),OBC OBC(W),35725,3
2026,Round 2,1234,GMC AKOLA,OBC OPEN,29560,1
2026,Round 2,1234,GMC AKOLA (No Change),OBC OPEN (EMD),27447,5
2026,Round 2,1234,GMC AKOLA (No Change),OBC OPEN (W) (EMD),28671,2
2026,Round 2,1234,GMC AKOLA,OBC OPEN (W) (EMD),28309,1
2026,Round 2,1234,GMC AKOLA (Ret.),OBC PWD PEM OBC PH (EMR),715659,1
2026,Round 2,1234,GMC AKOLA (No Change),OBC PWD PWD-OPEN (EMD),574537,1
2026,Round 2,1234,GMC AKOLA (Ret.),OPEN,19458,2
2026,Round 2,1234,GMC AKOLA (No Change),OPEN,28340,11
2026,Round 2,1234,GMC AKOLA,OPEN,29524,7
2026,Round 2,1234,GMC AKOLA (Ret.),OPEN (W),27906,2
2026,Round 2,1234,GMC AKOLA (No Change),OPEN (W),27665,3
2026,Round 2,1234,GMC AKOLA,OPEN (W),29685,2
2026,Round 2,1234,GMC AKOLA (No Change),PWD PWD-OPEN PH,686700,1
2026,Round 2,1234,GMC AKOLA (No Change),SC ORP-C ORPHANC-SC Orphan-C SC,522471,1
2026,Round 2,1234,GMC AKOLA,SC PWD PWD-SC PH,582781,1
2026,Round 2,1234,GMC AKOLA (No Change),SC SC,111324,11
2026,Round 2,1234,GMC AKOLA,SC SC,85020,1
2026,Round 2,1234,GMC AKOLA (Ret.),SC SC,104363,1
2026,Round 2,1234,GMC AKOLA (Ret.),SC SC (W),80051,2
2026,Round 2,1234,GMC AKOLA (No Change),SC SC (W),98961,5
2026,Round 2,1234,GMC AKOLA,SEBC EMSEBC (EMR),30183,1
2026,Round 2,1234,GMC AKOLA (No Change),SEBC EMSEBCW (EMR),32657,1
2026,Round 2,1234,GMC AKOLA,SEBC OPEN,29322,1
2026,Round 2,1234,GMC AKOLA,SEBC OPEN (EMD),29162,1
2026,Round 2,1234,GMC AKOLA,SEBC OPEN (W),28813,1
2026,Round 2,1234,GMC AKOLA (No Change),SEBC OPEN (W) (EMD),29240,1
2026,Round 2,1234,GMC AKOLA (No Change),SEBC SEBC,32760,7
2026,Round 2,1234,GMC AKOLA,SEBC SEBC,35168,3
2026,Round 2,1234,GMC AKOLA,SEBC SEBC(W),31393,1
2026,Round 2,1234,GMC AKOLA (No Change),SEBC SEBC(W),37016,2
2026,Round 2,1234,GMC AKOLA (Ret.),SEBCD2 DEF2 W,78977,1
2026,Round 2,1234,GMC AKOLA (No Change),SEBCHA HSEBC W,38387,1
2026,Round 2,1234,GMC AKOLA,SOBC EMOBCW (EMR),34878,1
2026,Round 2,1234,GMC AKOLA (Ret.),SOBC OBC(W),33920,1
2026,Round 2,1234,GMC AKOLA (No Change),ST HA HSTW,297395,1
2026,Round 2,1234,GMC AKOLA (Ret.),ST PWD PWD-ST PH,1176835,1
2026,Round 2,1234,GMC AKOLA,ST ST,227261,1
2026,Round 2,1234,GMC AKOLA (No Change),ST ST,265236,6
2026,Round 2,1234,GMC AKOLA (No Change),ST ST (W),225939,2
2026,Round 2,1234,GMC AKOLA,VJA PWD PWD-VJA PH,1115520,1
2026,Round 2,1234,GMC AKOLA (No Change),VJA VJA,52494,3
2026,Round 2,1234,GMC AKOLA (No Change),VJA VJA (W),66359,1
2026,Round 2,1241,MS KANNAMWAR GMC CHANDRAPUR,D2 DEF2,99549,1
2026,Round 2,1241,MS KANNAMWAR GMC CHANDRAPUR,D3 DEF3,66205,1
2026,Round 2,1241,MS KANNAMWAR GMC CHANDRAPUR(No Change),EWS EWS,65264,6
2026,Round 2,1241,MS KANNAMWAR GMC CHANDRAPUR,EWS EWS,64005,2
2026,Round 2,1241,MS KANNAMWAR GMC CHANDRAPUR,EWS EWS(W),55986,1
2026,Round 2,1241,MS KANNAMWAR GMC CHANDRAPUR(No Change),EWS EWS(W),67800,3
2026,Round 2,1241,MS KANNAMWAR GMC CHANDRAPUR(No Change),EWS HA HEWS,68953,1
2026,Round 2,1241,MS KANNAMWAR GMC CHANDRAPUR,NTB HA NTB,96468,1
2026,Round 2,1241,MS KANNAMWAR GMC CHANDRAPUR(No Change),NTB NTB(W),98650,1
2026,Round 2,1241,MS KANNAMWAR GMC CHANDRAPUR,NTB PWD PWD-NTB PH,920534,1
2026,Round 2,1241,MS KANNAMWAR GMC CHANDRAPUR(No Change),NTC HA NTC(W),56629,1
2026,Round 2,1241,MS KANNAMWAR GMC CHANDRAPUR(No Change),NTC NTC,55210,2
2026,Round 2,1241,MS KANNAMWAR GMC CHANDRAPUR(No Change),NTC PWD PWD-NTC PH,1024185,1
2026,Round 2,1241,MS KANNAMWAR GMC CHANDRAPUR(No Change),NTD HA HNTD W,65397,1
2026,Round 2,1241,MS KANNAMWAR GMC CHANDRAPUR(Ret.),NTD NTD,40876,1
2026,Round 2,1241,MS KANNAMWAR GMC CHANDRAPUR(No Change),NTD NTD(W),47010,1
2026,Round 2,1241,MS KANNAMWAR GMC CHANDRAPUR(No Change),OBC D1 DEF1,90624,2
2026,Round 2,1241,MS KANNAMWAR GMC CHANDRAPUR,OBC D1 DEF1 W,100800,1
2026,Round 2,1241,MS KANNAMWAR GMC CHANDRAPUR(Ret.),OBC EMOBC (EMR),35093,1
2026,Round 2,1241,MS KANNAMWAR GMC CHANDRAPUR(No Change),OBC EMOBC (EMR),39461,3
2026,Round 2,1241,MS KANNAMWAR GMC CHANDRAPUR,OBC EMOBCW (EMR),43675,2
2026,Round 2,1241,MS KANNAMWAR GMC CHANDRAPUR(Ret.),OBC OBC,42460,2
2026,Round 2,1241,MS KANNAMWAR GMC CHANDRAPUR(No Change),OBC OBC,43129,8
2026,Round 2,1241,MS KANNAMWAR GMC CHANDRAPUR(No Pref),OBC OBC,42955,1
2026,Round 2,1241,MS KANNAMWAR GMC CHANDRAPUR(No Change),OBC OBC(W),40472,4
2026,Round 2,1241,MS KANNAMWAR GMC CHANDRAPUR,OBC OBC(W),43779,1
2026,Round 2,1241,MS KANNAMWAR GMC CHANDRAPUR,OBC OPEN,35014,2
2026,Round 2,1241,MS KANNAMWAR GMC CHANDRAPUR(No Pref),OBC OPEN (EMD),21206,1
2026,Round 2,1241,MS KANNAMWAR GMC CHANDRAPUR(No Change),OBC OPEN (EMD),32051,2
2026,Round 2,1241,MS KANNAMWAR GMC CHANDRAPUR,OBC OPEN (W) (EMD),33509,1
2026,Round 2,1241,MS KANNAMWAR GMC CHANDRAPUR(No Change),OBC PWD PEM OBC PH (EMR),921218,1
2026,Round 2,1241,MS KANNAMWAR GMC CHANDRAPUR(Ret.),OBC PWD PWD-OPEN (EMD),545532,1
2026,Round 2,1241,MS KANNAMWAR GMC CHANDRAPUR(Ret.),OPEN,33211,2
2026,Round 2,1241,MS KANNAMWAR GMC CHANDRAPUR(No Change),OPEN,33711,6
2026,Round 2,1241,MS KANNAMWAR GMC CHANDRAPUR,OPEN,36222,6
2026,Round 2,1241,MS KANNAMWAR GMC CHANDRAPUR(No Change),OPEN (W),33361,4
2026,Round 2,1241,MS KANNAMWAR GMC CHANDRAPUR(Ret.),OPEN (W),31038,2
2026,Round 2,1241,MS KANNAMWAR GMC CHANDRAPUR,OPEN (W),33945,2
2026,Round 2,1241,MS KANNAMWAR GMC CHANDRAPUR(Ret.),SC PWD PEM SC PH (EMR),848464,1
2026,Round 2,1241,MS KANNAMWAR GMC CHANDRAPUR,SC PWD PWD-OPEN PH,702168,1
2026,Round 2,1241,MS KANNAMWAR GMC CHANDRAPUR(No Change),SC SC,119187,8
2026,Round 2,1241,MS KANNAMWAR GMC CHANDRAPUR(Ret.),SC SC,118516,3
2026,Round 2,1241,MS KANNAMWAR GMC CHANDRAPUR,SC SC (W),103681,1
2026,Round 2,1241,MS KANNAMWAR GMC CHANDRAPUR(No Change),SC SC (W),115240,3
2026,Round 2,1241,MS KANNAMWAR GMC CHANDRAPUR(Ret.),SC SC (W),105837,1
2026,Round 2,1241,MS KANNAMWAR GMC CHANDRAPUR,SEBC EMSEBC (EMR),40295,1
2026,Round 2,1241,MS KANNAMWAR GMC CHANDRAPUR(No Change),SEBC OPEN (EMD),30369,1
2026,Round 2,1241,MS KANNAMWAR GMC CHANDRAPUR(No Change),SEBC SEBC,44623,5
2026,Round 2,1241,MS KANNAMWAR GMC CHANDRAPUR,SEBC SEBC,43645,2
2026,Round 2,1241,MS KANNAMWAR GMC CHANDRAPUR(No Change),SEBC SEBC(W),44659,2
2026,Round 2,1241,MS KANNAMWAR GMC CHANDRAPUR,SEBC SEBC(W),45249,1
2026,Round 2,1241,MS KANNAMWAR GMC CHANDRAPUR,SEBCHA HOPEN,44203,1
2026,Round 2,1241,MS KANNAMWAR GMC CHANDRAPUR(No Change),SEBCHA SEBC(W),47127,1
2026,Round 2,1241,MS KANNAMWAR GMC CHANDRAPUR(No Change),SOBC OPEN (W) (EMD),33842,1
2026,Round 2,1241,MS KANNAMWAR GMC CHANDRAPUR(No Change),ST ST,292244,4
2026,Round 2,1241,MS KANNAMWAR GMC CHANDRAPUR(Ret.),ST ST,292827,2
2026,Round 2,1241,MS KANNAMWAR GMC CHANDRAPUR(No Change),ST ST (W),273964,2
2026,Round 2,1241,MS KANNAMWAR GMC CHANDRAPUR(Ret.),ST ST (W),248933,1
2026,Round 2,1241,MS KANNAMWAR GMC CHANDRAPUR(No Change),VJA HA HVJA,61699,1
2026,Round 2,1241,MS KANNAMWAR GMC CHANDRAPUR(No Change),VJA VJA,64900,2
2026,Round 2,1241,MS KANNAMWAR GMC CHANDRAPUR(No Change),VJA VJA (W),75288,1
2026,Round 2,1242,GGMC GONDIA(No Change),D1 DEF1,79553,1
2026,Round 2,1242,GGMC GONDIA(No Change),D1 DEF1 W,100082,1
2026,Round 2,1242,GGMC GONDIA(No Pref),D3 DEF3 W,65710,1
2026,Round 2,1242,GGMC GONDIA(No Change),EWS EWS,70180,6
2026,Round 2,1242,GGMC GONDIA,EWS EWS,73971,1
2026,Round 2,1242,GGMC GONDIA(No Change),EWS EWS(W),71333,3
2026,Round 2,1242,GGMC GONDIA,EWS EWS(W),74181,1
2026,Round 2,1242,GGMC GONDIA(No Change),EWS HA HEWS,82573,1
2026,Round 2,1242,GGMC GONDIA(Ret.),NTB NTB,86848,1
2026,Round 2,1242,GGMC GONDIA(No Change),NTB NTB,103210,1
2026,Round 2,1242,GGMC GONDIA(No Change),NTB NTB(W),106846,1
2026,Round 2,1242,GGMC GONDIA(No Change),NTC HA HNTC W,80408,1
2026,Round 2,1242,GGMC GONDIA(No Change),NTC NTC,59968,1
2026,Round 2,1242,GGMC GONDIA,NTC NTC,61846,1
2026,Round 2,1242,GGMC GONDIA(No Change),NTC NTC(W),59934,1
2026,Round 2,1242,GGMC GONDIA(No Change),NTD D1 DEF1,98146,1
2026,Round 2,1242,GGMC GONDIA(No Change),NTD NTD,44478,1
2026,Round 2,1242,GGMC GONDIA(No Change),NTD NTD(W),46456,1
2026,Round 2,1242,GGMC GONDIA(No Change),NTD PWD PWD-NTD PH,902958,1
2026,Round 2,1242,GGMC GONDIA(No Change),OBC EMOBC (EMR),43948,2
2026,Round 2,1242,GGMC GONDIA(No Change),OBC EMOBCW (EMR),44031,1
2026,Round 2,1242,GGMC GONDIA(No Change),OBC HA HOBC,48956,1
2026,Round 2,1242,GGMC GONDIA,OBC HA HOPENW,53082,1
2026,Round 2,1242,GGMC GONDIA,OBC OBC,44438,1
2026,Round 2,1242,GGMC GONDIA(No Change),OBC OBC,48053,9
2026,Round 2,1242,GGMC GONDIA(Ret.),OBC OBC,45805,2
2026,Round 2,1242,GGMC GONDIA(No Change),OBC OBC(W),48096,4
2026,Round 2,1242,GGMC GONDIA,OBC OBC(W),46688,1
2026,Round 2,1242,GGMC GONDIA(Ret.),OBC OBC(W),48547,1
2026,Round 2,1242,GGMC GONDIA,OBC OPEN,39070,1
2026,Round 2,1242,GGMC GONDIA(Ret.),OBC OPEN (EMD),33116,1
2026,Round 2,1242,GGMC GONDIA(No Change),OBC OPEN (EMD),40995,1
2026,Round 2,1242,GGMC GONDIA(Ret.),OBC OPEN (W) (EMD),28911,1
2026,Round 2,1242,GGMC GONDIA(No Change),OBC PWD PWD-OBC PH,1067849,1
2026,Round 2,1242,GGMC GONDIA(No Change),OPEN,41383,12
2026,Round 2,1242,GGMC GONDIA,OPEN,42287,5
2026,Round 2,1242,GGMC GONDIA(Ret.),OPEN (W),34167,1
2026,Round 2,1242,GGMC GONDIA(No Change),OPEN (W),40091,6
2026,Round 2,1242,GGMC GONDIA,OPEN (W),38184,1
2026,Round 2,1242,GGMC GONDIA(No Change),PWD PWD-OPEN PH,792306,1
2026,Round 2,1242,GGMC GONDIA(No Change),SC HA SC,135628,1
2026,Round 2,1242,GGMC GONDIA(No Change),SC ORP-C ORPHANC OrphanC,728528,1
2026,Round 2,1242,GGMC GONDIA(No Pref),SC PWD PEM SC PH (EMR),797597,1
2026,Round 2,1242,GGMC GONDIA(No Change),SC PWD PWD-OPEN (EMD),606963,1
2026,Round 2,1242,GGMC GONDIA,SC SC,128204,2
2026,Round 2,1242,GGMC GONDIA(No Change),SC SC,135686,7
2026,Round 2,1242,GGMC GONDIA(Ret.),SC SC,132051,1
2026,Round 2,1242,GGMC GONDIA,SC SC (W),113697,1
2026,Round 2,1242,GGMC GONDIA(No Change),SC SC (W),136183,4
2026,Round 2,1242,GGMC GONDIA(No Change),SEBC SEBC,49721,7
2026,Round 2,1242,GGMC GONDIA,SEBC SEBC,49819,1
2026,Round 2,1242,GGMC GONDIA,SEBC SEBC(W),53764,2
2026,Round 2,1242,GGMC GONDIA(No Change),SEBC SEBC(W),51105,2
2026,Round 2,1242,GGMC GONDIA,SEBCD2 DEF2,111566,1
2026,Round 2,1242,GGMC GONDIA(No Change),SOBC OBC,46083,1
2026,Round 2,1242,GGMC GONDIA(Ret.),ST ST,267031,2
2026,Round 2,1242,GGMC GONDIA(No Change),ST ST,302389,5
2026,Round 2,1242,GGMC GONDIA(No Change),ST ST (W),287681,2
2026,Round 2,1242,GGMC GONDIA(No Change),VJA VJA,79939,3
2026,Round 2,1242,GGMC GONDIA(Ret.),VJA VJA (W),83504,1
2026,Round 2,1248,"MGIMS MC SEVAGRAM,WARDHA(No Change)",EWS EWS,53441,3
2026,Round 2,1248,"MGIMS MC SEVAGRAM,WARDHA",EWS EWS,55966,2
2026,Round 2,1248,"MGIMS MC SEVAGRAM,WARDHA",EWS PWD PWD-OPEN PH,428207,1
2026,Round 2,1248,"MGIMS MC SEVAGRAM,WARDHA(No Change)",NTB NTB,90204,1
2026,Round 2,1248,"MGIMS MC SEVAGRAM,WARDHA(Ret.)",NTC NTC,38231,1
2026,Round 2,1248,"MGIMS MC SEVAGRAM,WARDHA",NTC NTC,51267,1
2026,Round 2,1248,"MGIMS MC SEVAGRAM,WARDHA(No Change)",NTD NTD,38004,1
2026,Round 2,1248,"MGIMS MC SEVAGRAM,WARDHA(No Change)",OBC OBC,33029,4
2026,Round 2,1248,"MGIMS MC SEVAGRAM,WARDHA(Ret.)",OBC OBC,32699,1
2026,Round 2,1248,"MGIMS MC SEVAGRAM,WARDHA",OBC OBC,41323,4
2026,Round 2,1248,"MGIMS MC SEVAGRAM,WARDHA",OBC PWD PEM OBC PH (EMR),971554,1
2026,Round 2,1248,"MGIMS MC SEVAGRAM,WARDHA(No Change)",OPEN,19756,9
2026,Round 2,1248,"MGIMS MC SEVAGRAM,WARDHA(Ret.)",OPEN,17751,1
2026,Round 2,1248,"MGIMS MC SEVAGRAM,WARDHA",OPEN,21953,4
2026,Round 2,1248,"MGIMS MC SEVAGRAM,WARDHA",SC SC,126589,4
2026,Round 2,1248,"MGIMS MC SEVAGRAM,WARDHA(No Change)",SC SC,111645,3
2026,Round 2,1248,"MGIMS MC SEVAGRAM,WARDHA(No Change)",SEBC SEBC,29505,1
2026,Round 2,1248,"MGIMS MC SEVAGRAM,WARDHA",SEBC SEBC,41575,4
2026,Round 2,1248,"MGIMS MC SEVAGRAM,WARDHA",ST ST,293533,2
2026,Round 2,1248,"MGIMS MC SEVAGRAM,WARDHA(No Change)",ST ST,276520,1
2026,Round 2,1248,"MGIMS MC SEVAGRAM,WARDHA(No Change)",VJA VJA,42987,1
2026,Round 2,1261,DR R GODE MC AMARAVATI(No Change),EWS OPEN,76558,4
2026,Round 2,1261,DR R GODE MC AMARAVATI,EWS OPEN,77362,5
2026,Round 2,1261,DR R GODE MC AMARAVATI(No Change),EWS OPEN (W),75712,1
2026,Round 2,1261,DR R GODE MC AMARAVATI,HA OPEN,75051,1
2026,Round 2,1261,DR R GODE MC AMARAVATI(No Change),HA OPEN,75588,1
2026,Round 2,1261,DR R GODE MC AMARAVATI,I.Q.,378052,19
2026,Round 2,1261,DR R GODE MC AMARAVATI,NTB NTB,130211,1
2026,Round 2,1261,DR R GODE MC AMARAVATI(No Change),NTC EMNTC (EMR),77392,2
2026,Round 2,1261,DR R GODE MC AMARAVATI,NTC EMNTCW (EMR),84675,1
2026,Round 2,1261,DR R GODE MC AMARAVATI,NTC HA OPEN,77447,1
2026,Round 2,1261,DR R GODE MC AMARAVATI,NTC OPEN,74395,1
2026,Round 2,1261,DR R GODE MC AMARAVATI(No Change),NTC OPEN,76631,2
2026,Round 2,1261,DR R GODE MC AMARAVATI(No Change),NTC OPEN (EMD),76274,2
2026,Round 2,1261,DR R GODE MC AMARAVATI,NTC OPEN (W) (EMD),76637,1
2026,Round 2,1261,DR R GODE MC AMARAVATI(No Change),NTD EMNTDW (EMR),77041,1
2026,Round 2,1261,DR R GODE MC AMARAVATI(No Change),NTD HA EMNTD (EMR),76998,1
2026,Round 2,1261,DR R GODE MC AMARAVATI(No Change),NTD OPEN,75899,1
2026,Round 2,1261,DR R GODE MC AMARAVATI(No Change),NTD OPEN (EMD),73719,1
2026,Round 2,1261,DR R GODE MC AMARAVATI(No Change),NTD OPEN (W),75664,1
2026,Round 2,1261,DR R GODE MC AMARAVATI,NTD OPEN (W),76060,1
2026,Round 2,1261,DR R GODE MC AMARAVATI(No Change),NTD OPEN (W) (EMD),75160,1
2026,Round 2,1261,DR R GODE MC AMARAVATI(No Change),OBC EMOBC (EMR),77501,5
2026,Round 2,1261,DR R GODE MC AMARAVATI(Ret.),OBC EMOBC (EMR),77366,2
2026,Round 2,1261,DR R GODE MC AMARAVATI,OBC EMOBC (EMR),78037,2
2026,Round 2,1261,DR R GODE MC AMARAVATI(No Change),OBC EMOBCW (EMR),77100,4
2026,Round 2,1261,DR R GODE MC AMARAVATI,OBC I.Q.,311577,1
2026,Round 2,1261,DR R GODE MC AMARAVATI,OBC OPEN,77319,2
2026,Round 2,1261,DR R GODE MC AMARAVATI(No Change),OBC OPEN,76785,3
2026,Round 2,1261,DR R GODE MC AMARAVATI(Ret.),OBC OPEN,76719,1
2026,Round 2,1261,DR R GODE MC AMARAVATI(No Change),OBC OPEN (EMD),73968,8
2026,Round 2,1261,DR R GODE MC AMARAVATI,OBC OPEN (W),74146,2
2026,Round 2,1261,DR R GODE MC AMARAVATI(No Change),OBC OPEN (W),75727,3
2026,Round 2,1261,DR R GODE MC AMARAVATI(No Change),OBC OPEN (W) (EMD),73888,2
2026,Round 2,1261,DR R GODE MC AMARAVATI(No Change),OPEN,76917,10
2026,Round 2,1261,DR R GODE MC AMARAVATI,OPEN,77523,3
2026,Round 2,1261,DR R GODE MC AMARAVATI,OPEN (W),76218,4
2026,Round 2,1261,DR R GODE MC AMARAVATI(Ret.),OPEN (W),69529,1
2026,Round 2,1261,DR R GODE MC AMARAVATI(No Change),OPEN (W),75189,4
2026,Round 2,1261,DR R GODE MC AMARAVATI,SC SC,152375,1
2026,Round 2,1261,DR R GODE MC AMARAVATI(No Pref),SC SC,158052,1
2026,Round 2,1261,DR R GODE MC AMARAVATI(No Change),SC SC,159410,5
2026,Round 2,1261,DR R GODE MC AMARAVATI(No Change),SC SC (W),158886,3
2026,Round 2,1261,DR R GODE MC AMARAVATI(No Change),SEBC EMSEBC (EMR),78468,4
2026,Round 2,1261,DR R GODE MC AMARAVATI,SEBC EMSEBC (EMR),78255,1
2026,Round 2,1261,DR R GODE MC AMARAVATI,SEBC I.Q.,275550,1
2026,Round 2,1261,DR R GODE MC AMARAVATI,SEBC OPEN,77228,2
2026,Round 2,1261,DR R GODE MC AMARAVATI(No Change),SEBC OPEN (EMD),76464,4
2026,Round 2,1261,DR R GODE MC AMARAVATI,SEBC OPEN (W),76567,2
2026,Round 2,1261,DR R GODE MC AMARAVATI(No Change),SEBC SEBC,79731,4
2026,Round 2,1261,DR R GODE MC AMARAVATI(No Change),SEBC SEBC(W),79761,3
2026,Round 2,1261,DR R GODE MC AMARAVATI,SEBC SEBC(W),80581,1
2026,Round 2,1261,DR R GODE MC AMARAVATI(Ret.),SOBC EMOBC (EMR),77456,1
2026,Round 2,1261,DR R GODE MC AMARAVATI,SOBC I.Q.,230704,1
2026,Round 2,1261,DR R GODE MC AMARAVATI(No Change),SOBC OPEN,76560,2
2026,Round 2,1261,DR R GODE MC AMARAVATI,ST ST,318214,1
2026,Round 2,1261,DR R GODE MC AMARAVATI(Ret.),ST ST,333013,1
2026,Round 2,1261,DR R GODE MC AMARAVATI(No Change),ST ST,338178,2
2026,Round 2,1261,DR R GODE MC AMARAVATI(No Change),ST ST (W),337794,1
2026,Round 2,1261,DR R GODE MC AMARAVATI(No Change),VJA VJA,94261,2
2026,Round 2,1261,DR R GODE MC AMARAVATI(No Change),VJA VJA (W),101342,1
2026,Round 2,1267,GMC AMARAVATI,D1 DEF1,95708,1
2026,Round 2,1267,GMC AMARAVATI,D2 DEF2 W,123063,1
2026,Round 2,1267,GMC AMARAVATI,D3 DEF3,86920,1
2026,Round 2,1267,GMC AMARAVATI,EWS EWS,63649,3
2026,Round 2,1267,GMC AMARAVATI(No Change),EWS EWS,65684,3
2026,Round 2,1267,GMC AMARAVATI(Ret.),EWS EWS(W),49351,1
2026,Round 2,1267,GMC AMARAVATI(No Change),EWS EWS(W),65352,2
2026,Round 2,1267,GMC AMARAVATI(Ret.),EWS PWD PWD-OPEN PH,370477,1
2026,Round 2,1267,GMC AMARAVATI(No Change),NTB NTB,100451,2
2026,Round 2,1267,GMC AMARAVATI(No Change),NTC NTC,55798,2
2026,Round 2,1267,GMC AMARAVATI(No Change),NTC NTC(W),58093,1
2026,Round 2,1267,GMC AMARAVATI(No Change),NTD D1 DEF1,91918,1
2026,Round 2,1267,GMC AMARAVATI(No Change),NTD NTD,44415,1
2026,Round 2,1267,GMC AMARAVATI(No Change),OBC D1 DEF1,96911,1
2026,Round 2,1267,GMC AMARAVATI,OBC HA HOBC,50476,1
2026,Round 2,1267,GMC AMARAVATI,OBC HA HOPEN,49341,1
2026,Round 2,1267,GMC AMARAVATI(No Change),OBC OBC,43974,6
2026,Round 2,1267,GMC AMARAVATI(Ret.),OBC OBC,43601,1
2026,Round 2,1267,GMC AMARAVATI(Ret.),OBC OBC(W),40323,1
2026,Round 2,1267,GMC AMARAVATI,OBC OBC(W),44976,2
2026,Round 2,1267,GMC AMARAVATI(No Change),OBC OBC(W),44652,1
2026,Round 2,1267,GMC AMARAVATI(No Change),OBC PWD PWD-OBC PH,956479,1
2026,Round 2,1267,GMC AMARAVATI(No Change),OPEN,36446,9
2026,Round 2,1267,GMC AMARAVATI,OPEN,35245,3
2026,Round 2,1267,GMC AMARAVATI(No Change),OPEN (W),32122,2
2026,Round 2,1267,GMC AMARAVATI(Ret.),OPEN (W),31486,1
2026,Round 2,1267,GMC AMARAVATI,OPEN (W),34952,3
2026,Round 2,1267,GMC AMARAVATI(No Change),SC PWD PWD-SC PH,786588,1
2026,Round 2,1267,GMC AMARAVATI(No Change),SC SC,129875,6
2026,Round 2,1267,GMC AMARAVATI,SC SC,126012,1
2026,Round 2,1267,GMC AMARAVATI(No Change),SC SC (W),122909,2
2026,Round 2,1267,GMC AMARAVATI,SC SC (W),134909,2
2026,Round 2,1267,GMC AMARAVATI,SEBC EMSEBC (EMR),45161,1
2026,Round 2,1267,GMC AMARAVATI(No Change),SEBC SEBC,45466,2
2026,Round 2,1267,GMC AMARAVATI,SEBC SEBC,45657,2
2026,Round 2,1267,GMC AMARAVATI(No Change),SEBC SEBC(W),45515,1
2026,Round 2,1267,GMC AMARAVATI,SEBC SEBC(W),47134,1
2026,Round 2,1267,GMC AMARAVATI(No Change),SOBC OBC,44164,1
2026,Round 2,1267,GMC AMARAVATI(No Change),SOBC OBC(W),41517,1
2026,Round 2,1267,GMC AMARAVATI,ST ST,253300,1
2026,Round 2,1267,GMC AMARAVATI(No Change),ST ST,294880,3
2026,Round 2,1267,GMC AMARAVATI,ST ST (W),249939,2
2026,Round 2,1267,GMC AMARAVATI(Ret.),VJA HA HVJAW,97399,1
2026,Round 2,1267,GMC AMARAVATI(No Change),VJA VJA,64013,1
2026,Round 2,1267,GMC AMARAVATI(No Change),VJA VJA (W),81567,1
2026,Round 2,1268,GMC BHANDARA,D2 DEF2,124327,1
2026,Round 2,1268,GMC BHANDARA,D3 DEF3 W,85947,1
2026,Round 2,1268,GMC BHANDARA(No Change),EWS EWS,73845,4
2026,Round 2,1268,GMC BHANDARA,EWS EWS,74030,1
2026,Round 2,1268,GMC BHANDARA,EWS EWS(W),74250,2
2026,Round 2,1268,GMC BHANDARA(No Change),NTB NTB,105213,2
2026,Round 2,1268,GMC BHANDARA(No Change),NTB NTB(W),121787,1
2026,Round 2,1268,GMC BHANDARA(No Change),NTC NTC,61153,1
2026,Round 2,1268,GMC BHANDARA(No Change),NTC NTC(W),65179,1
2026,Round 2,1268,GMC BHANDARA,NTC ORP-C ORPHANC-NT Orphan-C NT2,838509,1
2026,Round 2,1268,GMC BHANDARA,NTD NTD,50400,1
2026,Round 2,1268,GMC BHANDARA,NTD OPEN,44847,1
2026,Round 2,1268,GMC BHANDARA(Ret.),OBC D1 DEF1,103700,1
2026,Round 2,1268,GMC BHANDARA,OBC D1 DEF1,112256,1
2026,Round 2,1268,GMC BHANDARA,OBC EMOBCW (EMR),52552,1
2026,Round 2,1268,GMC BHANDARA,OBC OBC,51042,3
2026,Round 2,1268,GMC BHANDARA(No Change),OBC OBC,51441,6
2026,Round 2,1268,GMC BHANDARA(No Change),OBC OBC(W),50115,3
2026,Round 2,1268,GMC BHANDARA(Ret.),OBC OBC(W),50343,1
2026,Round 2,1268,GMC BHANDARA,OBC OPEN,44865,1
2026,Round 2,1268,GMC BHANDARA(No Change),OBC PWD PWD-OBC PH,1069022,1
2026,Round 2,1268,GMC BHANDARA(No Change),OPEN,45287,9
2026,Round 2,1268,GMC BHANDARA,OPEN,45288,1
2026,Round 2,1268,GMC BHANDARA(No Change),OPEN (W),43291,2
2026,Round 2,1268,GMC BHANDARA,OPEN (W),47343,4
2026,Round 2,1268,GMC BHANDARA,PWD PWD-OPEN PH,848769,1
2026,Round 2,1268,GMC BHANDARA(No Change),SC HA HSC,166957,1
2026,Round 2,1268,GMC BHANDARA(No Change),SC SC,142017,4
2026,Round 2,1268,GMC BHANDARA,SC SC,143386,3
2026,Round 2,1268,GMC BHANDARA(No Change),SC SC (W),141957,3
2026,Round 2,1268,GMC BHANDARA(No Change),SEBC SEBC,51343,1
2026,Round 2,1268,GMC BHANDARA,SEBC SEBC,52362,5
2026,Round 2,1268,GMC BHANDARA(No Change),SEBC SEBC(W),52122,1
2026,Round 2,1268,GMC BHANDARA,SEBC SEBC(W),56844,1
2026,Round 2,1268,GMC BHANDARA,SEBCHA HOPEN,53258,1
2026,Round 2,1268,GMC BHANDARA,SOBC OBC,51599,1
2026,Round 2,1268,GMC BHANDARA,SOBC OPEN (W),44766,1
2026,Round 2,1268,GMC BHANDARA(No Change),ST ST,310876,3
2026,Round 2,1268,GMC BHANDARA(No Change),ST ST (W),307622,2
2026,Round 2,1268,GMC BHANDARA(No Change),VJA D1 DEF1 W,101116,1
2026,Round 2,1268,GMC BHANDARA(No Change),VJA VJA,81617,2
2026,Round 2,1268,GMC BHANDARA(No Change),VJA VJA (W),92836,1
2026,Round 2,1269,GMC BULDHANA(No Change),D3 DEF3,79819,1
2026,Round 2,1269,GMC BULDHANA(No Change),EWS EWS,69693,3
2026,Round 2,1269,GMC BULDHANA,EWS EWS,72933,2
2026,Round 2,1269,GMC BULDHANA,EWS EWS(W),72360,2
2026,Round 2,1269,GMC BULDHANA(No Change),EWS EWS(W),70127,1
2026,Round 2,1269,GMC BULDHANA,NTB NTB,101395,1
2026,Round 2,1269,GMC BULDHANA(No Change),NTB NTB,105158,1
2026,Round 2,1269,GMC BULDHANA(No Change),NTB NTB(W),106248,1
2026,Round 2,1269,GMC BULDHANA(No Change),NTC HA NTC,55929,1
2026,Round 2,1269,GMC BULDHANA(No Change),NTC NTC,55498,1
2026,Round 2,1269,GMC BULDHANA(No Change),NTC NTC(W),62293,1
2026,Round 2,1269,GMC BULDHANA,NTD HA HOPEN,50231,1
2026,Round 2,1269,GMC BULDHANA,NTD NTD,45637,1
2026,Round 2,1269,GMC BULDHANA(No Change),OBC D2 DEF2 W,113935,1
2026,Round 2,1269,GMC BULDHANA(No Change),OBC OBC,48828,8
2026,Round 2,1269,GMC BULDHANA,OBC OBC,45423,1
2026,Round 2,1269,GMC BULDHANA(Ret.),OBC OBC,48837,1
2026,Round 2,1269,GMC BULDHANA,OBC OBC(W),46727,2
2026,Round 2,1269,GMC BULDHANA(No Change),OBC OBC(W),49285,3
2026,Round 2,1269,GMC BULDHANA,OBC OPEN (W),42488,1
2026,Round 2,1269,GMC BULDHANA(No Change),OBC PWD PWD-OBC PH,981211,1
2026,Round 2,1269,GMC BULDHANA(No Change),OPEN,41834,7
2026,Round 2,1269,GMC BULDHANA,OPEN,42239,4
2026,Round 2,1269,GMC BULDHANA(Ret.),OPEN,39575,1
2026,Round 2,1269,GMC BULDHANA,OPEN (W),43494,6
2026,Round 2,1269,GMC BULDHANA,PWD PWD-OPEN PH,841482,1
2026,Round 2,1269,GMC BULDHANA(No Change),SC D1 SC (W),139667,1
2026,Round 2,1269,GMC BULDHANA(No Change),SC HA HSC,166651,1
2026,Round 2,1269,GMC BULDHANA(No Change),SC PWD PWD-SC PH,1055370,1
2026,Round 2,1269,GMC BULDHANA(No Change),SC SC,138594,4
2026,Round 2,1269,GMC BULDHANA,SC SC,135405,1
2026,Round 2,1269,GMC BULDHANA,SC SC (W),134734,1
2026,Round 2,1269,GMC BULDHANA(No Change),SC SC (W),140561,2
2026,Round 2,1269,GMC BULDHANA,SEBC SEBC,49411,3
2026,Round 2,1269,GMC BULDHANA(No Change),SEBC SEBC,48890,2
2026,Round 2,1269,GMC BULDHANA,SEBC SEBC(W),46313,1
2026,Round 2,1269,GMC BULDHANA(No Change),SEBC SEBC(W),47676,1
2026,Round 2,1269,GMC BULDHANA(No Change),SEBCD1 DEF1,100520,2
2026,Round 2,1269,GMC BULDHANA(No Change),SEBCD1HA DEF1,101226,1
2026,Round 2,1269,GMC BULDHANA(No Change),ST ST,297241,4
2026,Round 2,1269,GMC BULDHANA(No Change),ST ST (W),298224,1
2026,Round 2,1269,GMC BULDHANA(No Change),VJA VJA,76491,2
2026,Round 2,1269,GMC BULDHANA(No Change),VJA VJA (W),73100,1
2026,Round 2,1270,GMC WASHIM,D3 DEF3,93665,1
2026,Round 2,1270,GMC WASHIM,EWS EWS,72217,2
2026,Round 2,1270,GMC WASHIM(No Change),EWS EWS,71315,2
2026,Round 2,1270,GMC WASHIM(No Change),EWS EWS(W),68193,2
2026,Round 2,1270,GMC WASHIM(Ret.),EWS EWS(W),69952,1
2026,Round 2,1270,GMC WASHIM(No Change),NTB NTB,103736,1
2026,Round 2,1270,GMC WASHIM(No Change),NTB NTB(W),108158,1
2026,Round 2,1270,GMC WASHIM(No Change),NTC NTC,60813,2
2026,Round 2,1270,GMC WASHIM(No Change),NTC NTC(W),61136,1
2026,Round 2,1270,GMC WASHIM,NTD NTD,48573,1
2026,Round 2,1270,GMC WASHIM(No Change),NTD NTD(W),48323,1
2026,Round 2,1270,GMC WASHIM(No Change),OBC D1 DEF1,105720,1
2026,Round 2,1270,GMC WASHIM,OBC D2 DEF2 W,126757,1
2026,Round 2,1270,GMC WASHIM,OBC HA HOBC,54497,1
2026,Round 2,1270,GMC WASHIM(No Change),OBC OBC,50653,9
2026,Round 2,1270,GMC WASHIM(No Change),OBC OBC(W),50322,4
2026,Round 2,1270,GMC WASHIM(Ret.),OBC PWD PWD-OBC PH,636242,1
2026,Round 2,1270,GMC WASHIM(No Change),OPEN,43168,5
2026,Round 2,1270,GMC WASHIM,OPEN,44142,5
2026,Round 2,1270,GMC WASHIM(Ret.),OPEN,42860,1
2026,Round 2,1270,GMC WASHIM(No Change),OPEN (W),44021,2
2026,Round 2,1270,GMC WASHIM,OPEN (W),45448,5
2026,Round 2,1270,GMC WASHIM,SC PWD PWD-OPEN PH,552456,1
2026,Round 2,1270,GMC WASHIM(Ret.),SC SC,129045,1
2026,Round 2,1270,GMC WASHIM,SC SC,134963,2
2026,Round 2,1270,GMC WASHIM(No Change),SC SC,141921,5
2026,Round 2,1270,GMC WASHIM(No Change),SC SC (W),139263,3
2026,Round 2,1270,GMC WASHIM(No Change),SEBC SEBC,50596,3
2026,Round 2,1270,GMC WASHIM,SEBC SEBC,51571,3
2026,Round 2,1270,GMC WASHIM(No Change),SEBC SEBC(W),51328,1
2026,Round 2,1270,GMC WASHIM,SEBC SEBC(W),51533,1
2026,Round 2,1270,GMC WASHIM(No Change),SEBCD1 DEF1,103003,1
2026,Round 2,1270,GMC WASHIM,SEBCD1HA DEF1,107960,1
2026,Round 2,1270,GMC WASHIM,SEBCHA HOPEN,50639,1
2026,Round 2,1270,GMC WASHIM(No Change),SOBC OBC,50527,1
2026,Round 2,1270,GMC WASHIM(No Change),ST ST,306060,2
2026,Round 2,1270,GMC WASHIM(Ret.),ST ST,307698,1
2026,Round 2,1270,GMC WASHIM(No Change),ST ST (W),310284,2
2026,Round 2,1270,GMC WASHIM(No Change),VJA HA HVJA,103071,1
2026,Round 2,1270,GMC WASHIM(No Change),VJA VJA,75562,1
2026,Round 2,1270,GMC WASHIM(No Change),VJA VJA (W),83727,1
2026,Round 2,1276,MALATI HOSP & MC MURTIZAPUR AKOLA,EWS I.Q.,460881,1
2026,Round 2,1276,MALATI HOSP & MC MURTIZAPUR AKOLA,EWS OPEN,86400,3
2026,Round 2,1276,MALATI HOSP & MC MURTIZAPUR AKOLA(No Change),EWS OPEN,83091,1
2026,Round 2,1276,MALATI HOSP & MC MURTIZAPUR AKOLA(No Change),EWS OPEN (W),80727,1
2026,Round 2,1276,MALATI HOSP & MC MURTIZAPUR AKOLA,I.Q.,487515,3
2026,Round 2,1276,MALATI HOSP & MC MURTIZAPUR AKOLA(Ret.),I.Q.,288494,1
2026,Round 2,1276,MALATI HOSP & MC MURTIZAPUR AKOLA,NTB NTB,133230,1
2026,Round 2,1276,MALATI HOSP & MC MURTIZAPUR AKOLA(No Change),NTC OPEN,78094,1
2026,Round 2,1276,MALATI HOSP & MC MURTIZAPUR AKOLA,NTC OPEN (W),80321,1
2026,Round 2,1276,MALATI HOSP & MC MURTIZAPUR AKOLA,NTD EMNTD (EMR),87782,1
2026,Round 2,1276,MALATI HOSP & MC MURTIZAPUR AKOLA,NTD OPEN,86790,2
2026,Round 2,1276,MALATI HOSP & MC MURTIZAPUR AKOLA(No Change),OBC EMOBC (EMR),83769,1
2026,Round 2,1276,MALATI HOSP & MC MURTIZAPUR AKOLA,OBC EMOBC (EMR),88074,2
2026,Round 2,1276,MALATI HOSP & MC MURTIZAPUR AKOLA,OBC EMOBCW (EMR),87772,1
2026,Round 2,1276,MALATI HOSP & MC MURTIZAPUR AKOLA(No Change),OBC HA OBC(W),86488,1
2026,Round 2,1276,MALATI HOSP & MC MURTIZAPUR AKOLA,OBC I.Q.,528428,2
2026,Round 2,1276,MALATI HOSP & MC MURTIZAPUR AKOLA,OBC OPEN,85952,1
2026,Round 2,1276,MALATI HOSP & MC MURTIZAPUR AKOLA,OBC OPEN (W),80064,3
2026,Round 2,1276,MALATI HOSP & MC MURTIZAPUR AKOLA(No Change),OPEN,82757,1
2026,Round 2,1276,MALATI HOSP & MC MURTIZAPUR AKOLA,OPEN,87378,3
2026,Round 2,1276,MALATI HOSP & MC MURTIZAPUR AKOLA,OPEN (W),85742,1
2026,Round 2,1276,MALATI HOSP & MC MURTIZAPUR AKOLA,SC D1 SC (W),153455,1
2026,Round 2,1276,MALATI HOSP & MC MURTIZAPUR AKOLA,SC SC,157288,1
2026,Round 2,1276,MALATI HOSP & MC MURTIZAPUR AKOLA(No Change),SC SC,161001,1
2026,Round 2,1276,MALATI HOSP & MC MURTIZAPUR AKOLA,SEBC EMSEBC (EMR),89294,2
2026,Round 2,1276,MALATI HOSP & MC MURTIZAPUR AKOLA,SEBC EMSEBCW (EMR),88778,1
2026,Round 2,1276,MALATI HOSP & MC MURTIZAPUR AKOLA,SEBC OPEN,87077,3
2026,Round 2,1276,MALATI HOSP & MC MURTIZAPUR AKOLA,SEBC OPEN (W),83225,2
2026,Round 2,1276,MALATI HOSP & MC MURTIZAPUR AKOLA,SEBC SEBC,89447,1
2026,Round 2,1276,MALATI HOSP & MC MURTIZAPUR AKOLA,SEBCHA OPEN,86846,1
2026,Round 2,1276,MALATI HOSP & MC MURTIZAPUR AKOLA,SOBC OPEN,81963,1
2026,Round 2,1276,MALATI HOSP & MC MURTIZAPUR AKOLA(No Change),ST ST,340922,1
2026,Round 2,1276,MALATI HOSP & MC MURTIZAPUR AKOLA,ST ST (W),321925,1
2026,Round 2,1276,MALATI HOSP & MC MURTIZAPUR AKOLA,VJA OPEN,86355,1
2026,Round 2,1276,MALATI HOSP & MC MURTIZAPUR AKOLA(No Change),VJA VJA,101601,1
2026,Round 2,1327,GMC CH. SAMBHAJINAGAR,D2 DEF2,49108,1
2026,Round 2,1327,GMC CH. SAMBHAJINAGAR(No Change),D3 DEF3 W,34979,1
2026,Round 2,1327,GMC CH. SAMBHAJINAGAR(Ret.),EWS EWS,23682,1
2026,Round 2,1327,GMC CH. SAMBHAJINAGAR(No Change),EWS EWS,35048,6
2026,Round 2,1327,GMC CH. SAMBHAJINAGAR,EWS EWS,35217,3
2026,Round 2,1327,GMC CH. SAMBHAJINAGAR(Ret.),EWS EWS(W),30419,3
2026,Round 2,1327,GMC CH. SAMBHAJINAGAR(No Change),EWS EWS(W),30237,1
2026,Round 2,1327,GMC CH. SAMBHAJINAGAR(No Change),EWS HA EWS,34368,1
2026,Round 2,1327,GMC CH. SAMBHAJINAGAR(Ret.),EWS HA HEWS W,70156,1
2026,Round 2,1327,GMC CH. SAMBHAJINAGAR(No Pref),EWS OPEN,3689,1
2026,Round 2,1327,GMC CH. SAMBHAJINAGAR(No Pref),EWS PWD PWD-EWS PH,444097,1
2026,Round 2,1327,GMC CH. SAMBHAJINAGAR(No Change),HA HOPENW,22861,1
2026,Round 2,1327,GMC CH. SAMBHAJINAGAR(No Change),HA OPEN,12390,1
2026,Round 2,1327,GMC CH. SAMBHAJINAGAR(Ret.),NTB NTB,41899,2
2026,Round 2,1327,GMC CH. SAMBHAJINAGAR(No Change),NTB NTB,46343,1
2026,Round 2,1327,GMC CH. SAMBHAJINAGAR(Ret.),NTB NTB(W),24419,1
2026,Round 2,1327,GMC CH. SAMBHAJINAGAR(No Pref),NTB PWD PWD-OPEN PH,378543,1
2026,Round 2,1327,GMC CH. SAMBHAJINAGAR(No Change),NTC D1 DEF1 W,20919,1
2026,Round 2,1327,GMC CH. SAMBHAJINAGAR(No Change),NTC HA HNTC,38456,1
2026,Round 2,1327,GMC CH. SAMBHAJINAGAR(Ret.),NTC NTC,22869,1
2026,Round 2,1327,GMC CH. SAMBHAJINAGAR(No Change),NTC NTC,30311,2
2026,Round 2,1327,GMC CH. SAMBHAJINAGAR(No Change),NTC NTC(W),30039,2
2026,Round 2,1327,GMC CH. SAMBHAJINAGAR(No Change),NTD NTD,15908,2
2026,Round 2,1327,GMC CH. SAMBHAJINAGAR(No Change),NTD NTD(W),14293,1
2026,Round 2,1327,GMC CH. SAMBHAJINAGAR(No Pref),NTD ORP-C ORPHANC OrphanC,259298,1
2026,Round 2,1327,GMC CH. SAMBHAJINAGAR(No Change),OBC D1 DEF1,28709,1
2026,Round 2,1327,GMC CH. SAMBHAJINAGAR,OBC EMOBC (EMR),21615,3
2026,Round 2,1327,GMC CH. SAMBHAJINAGAR(Ret.),OBC EMOBC (EMR),15595,1
2026,Round 2,1327,GMC CH. SAMBHAJINAGAR(No Change),OBC EMOBCW (EMR),13682,1
2026,Round 2,1327,GMC CH. SAMBHAJINAGAR(Ret.),OBC HA HOBC,21933,1
2026,Round 2,1327,GMC CH. SAMBHAJINAGAR(No Change),OBC OBC,21322,13
2026,Round 2,1327,GMC CH. SAMBHAJINAGAR(Ret.),OBC OBC,17670,1
2026,Round 2,1327,GMC CH. SAMBHAJINAGAR,OBC OBC,21842,1
2026,Round 2,1327,GMC CH. SAMBHAJINAGAR(No Pref),OBC OBC(W),14751,1
2026,Round 2,1327,GMC CH. SAMBHAJINAGAR(No Change),OBC OBC(W),21159,4
2026,Round 2,1327,GMC CH. SAMBHAJINAGAR(Ret.),OBC OBC(W),20016,1
2026,Round 2,1327,GMC CH. SAMBHAJINAGAR,OBC OBC(W),22797,3
2026,Round 2,1327,GMC CH. SAMBHAJINAGAR(Ret.),OBC OPEN (EMD),2498,1
2026,Round 2,1327,GMC CH. SAMBHAJINAGAR,OBC OPEN (EMD),13557,2
2026,Round 2,1327,GMC CH. SAMBHAJINAGAR(No Change),OBC OPEN (EMD),12354,1
2026,Round 2,1327,GMC CH. SAMBHAJINAGAR(Ret.),OBC OPEN (W) (EMD),11522,1
2026,Round 2,1327,GMC CH. SAMBHAJINAGAR(Ret.),OBC PWD PWD-OBC PH,534740,1
2026,Round 2,1327,GMC CH. SAMBHAJINAGAR,OBC PWD PWD-OBC PH,599048,1
2026,Round 2,1327,GMC CH. SAMBHAJINAGAR,OPEN,13953,13
2026,Round 2,1327,GMC CH. SAMBHAJINAGAR(No Change),OPEN,12921,6
2026,Round 2,1327,GMC CH. SAMBHAJINAGAR(Ret.),OPEN,12960,1
2026,Round 2,1327,GMC CH. SAMBHAJINAGAR(Ret.),OPEN (W),10570,5
2026,Round 2,1327,GMC CH. SAMBHAJINAGAR(No Change),OPEN (W),12150,2
2026,Round 2,1327,GMC CH. SAMBHAJINAGAR,OPEN (W),14537,5
2026,Round 2,1327,GMC CH. SAMBHAJINAGAR(Ret.),PWD PWD-OPEN PH,215019,1
2026,Round 2,1327,GMC CH. SAMBHAJINAGAR(Ret.),SC PWD PEM SC PH (EMR),856845,1
2026,Round 2,1327,GMC CH. SAMBHAJINAGAR(Ret.),SC PWD PWD-OPEN (EMD),350062,1
2026,Round 2,1327,GMC CH. SAMBHAJINAGAR(Ret.),SC SC,81380,6
2026,Round 2,1327,GMC CH. SAMBHAJINAGAR(No Change),SC SC,81594,7
2026,Round 2,1327,GMC CH. SAMBHAJINAGAR(No Change),SC SC (W),80667,4
2026,Round 2,1327,GMC CH. SAMBHAJINAGAR,SC SC (W),83579,3
2026,Round 2,1327,GMC CH. SAMBHAJINAGAR(Ret.),SEBC EMSEBC (EMR),13791,1
2026,Round 2,1327,GMC CH. SAMBHAJINAGAR(No Change),SEBC OPEN (EMD),9609,1
2026,Round 2,1327,GMC CH. SAMBHAJINAGAR(Ret.),SEBC SEBC,16389,4
2026,Round 2,1327,GMC CH. SAMBHAJINAGAR(No Change),SEBC SEBC,18761,5
2026,Round 2,1327,GMC CH. SAMBHAJINAGAR(No Change),SEBC SEBC(W),13736,1
2026,Round 2,1327,GMC CH. SAMBHAJINAGAR(Ret.),SEBC SEBC(W),16856,4
2026,Round 2,1327,GMC CH. SAMBHAJINAGAR(Ret.),SEBCD1 DEF1,20694,1
2026,Round 2,1327,GMC CH. SAMBHAJINAGAR(No Change),SEBCHA HSEBC,17903,1
2026,Round 2,1327,GMC CH. SAMBHAJINAGAR(Ret.),SEBCPWD PWD-SEBC PH,630653,1
2026,Round 2,1327,GMC CH. SAMBHAJINAGAR,SOBC OPEN,12580,1
2026,Round 2,1327,GMC CH. SAMBHAJINAGAR,ST ST,152491,1
2026,Round 2,1327,GMC CH. SAMBHAJINAGAR(No Change),ST ST,201156,4
2026,Round 2,1327,GMC CH. SAMBHAJINAGAR(Ret.),ST ST,195726,2
2026,Round 2,1327,GMC CH. SAMBHAJINAGAR(No Pref),ST ST,199555,1
2026,Round 2,1327,GMC CH. SAMBHAJINAGAR(Ret.),ST ST (W),177834,2
2026,Round 2,1327,GMC CH. SAMBHAJINAGAR(No Change),ST ST (W),193057,1
2026,Round 2,1327,GMC CH. SAMBHAJINAGAR(No Change),VJA HA VJA,33925,1
2026,Round 2,1327,GMC CH. SAMBHAJINAGAR(No Change),VJA VJA,39331,3
2026,Round 2,1327,GMC CH. SAMBHAJINAGAR(No Change),VJA VJA (W),41836,1
2026,Round 2,1328,DR.S.C.GMC NANDED(Ret.),D2 DEF2,70435,1
2026,Round 2,1328,DR.S.C.GMC NANDED,D3 DEF3 W,83421,1
2026,Round 2,1328,DR.S.C.GMC NANDED(No Change),EWS EWS,49922,4
2026,Round 2,1328,DR.S.C.GMC NANDED(Ret.),EWS EWS,47008,3
2026,Round 2,1328,DR.S.C.GMC NANDED,EWS EWS,52871,2
2026,Round 2,1328,DR.S.C.GMC NANDED(Ret.),EWS EWS(W),46813,4
2026,Round 2,1328,DR.S.C.GMC NANDED(Ret.),EWS OPEN,12641,1
2026,Round 2,1328,DR.S.C.GMC NANDED(No Pref),EWS OPEN,21338,1
2026,Round 2,1328,DR.S.C.GMC NANDED(No Pref),EWS OPEN (W),12798,1
2026,Round 2,1328,DR.S.C.GMC NANDED(No Change),EWS OPEN (W),13252,1
2026,Round 2,1328,DR.S.C.GMC NANDED,MKB MKB,63418,1
2026,Round 2,1328,DR.S.C.GMC NANDED(No Change),NTB HA HNTB,98134,1
2026,Round 2,1328,DR.S.C.GMC NANDED(Ret.),NTB NTB,74687,1
2026,Round 2,1328,DR.S.C.GMC NANDED(No Change),NTB NTB(W),78567,1
2026,Round 2,1328,DR.S.C.GMC NANDED(No Change),NTC NTC,44493,3
2026,Round 2,1328,DR.S.C.GMC NANDED(Ret.),NTC NTC(W),31817,1
2026,Round 2,1328,DR.S.C.GMC NANDED(Ret.),NTD HA NTD(W),34770,1
2026,Round 2,1328,DR.S.C.GMC NANDED(No Change),NTD NTD,29138,2
2026,Round 2,1328,DR.S.C.GMC NANDED,NTD OPEN (W),22784,1
2026,Round 2,1328,DR.S.C.GMC NANDED(No Change),OBC D1 DEF1,60726,1
2026,Round 2,1328,DR.S.C.GMC NANDED(No Change),OBC D1 DEF1 W,55364,1
2026,Round 2,1328,DR.S.C.GMC NANDED(No Change),OBC EMOBC (EMR),24609,1
2026,Round 2,1328,DR.S.C.GMC NANDED,OBC HA HOPENW,33644,1
2026,Round 2,1328,DR.S.C.GMC NANDED(No Change),OBC OBC,31471,11
2026,Round 2,1328,DR.S.C.GMC NANDED(Ret.),OBC OBC,28281,1
2026,Round 2,1328,DR.S.C.GMC NANDED,OBC OBC,29203,1
2026,Round 2,1328,DR.S.C.GMC NANDED(No Change),OBC OBC(W),32042,4
2026,Round 2,1328,DR.S.C.GMC NANDED(Ret.),OBC OBC(W),30600,3
2026,Round 2,1328,DR.S.C.GMC NANDED(No Change),OBC ORP-C ORPHANC-OB Orphan-C OBC,735049,1
2026,Round 2,1328,DR.S.C.GMC NANDED(No Change),OBC PWD PWD-OBC PH,684254,1
2026,Round 2,1328,DR.S.C.GMC NANDED,OBC PWD PWD-OPEN PH,501396,1
2026,Round 2,1328,DR.S.C.GMC NANDED(No Change),OPEN,23649,9
2026,Round 2,1328,DR.S.C.GMC NANDED(Ret.),OPEN,22049,1
2026,Round 2,1328,DR.S.C.GMC NANDED,OPEN,25312,8
2026,Round 2,1328,DR.S.C.GMC NANDED,OPEN (W),26077,5
2026,Round 2,1328,DR.S.C.GMC NANDED(Ret.),PWD PWD-OPEN PH,479397,1
2026,Round 2,1328,DR.S.C.GMC NANDED(Ret.),SC PWD PEM SC PH (EMR),1014371,1
2026,Round 2,1328,DR.S.C.GMC NANDED(No Change),SC SC,101751,8
2026,Round 2,1328,DR.S.C.GMC NANDED(Ret.),SC SC,100739,3
2026,Round 2,1328,DR.S.C.GMC NANDED(No Change),SC SC (W),93489,3
2026,Round 2,1328,DR.S.C.GMC NANDED,SC SC (W),93256,2
2026,Round 2,1328,DR.S.C.GMC NANDED,SEBC OPEN (W),26233,1
2026,Round 2,1328,DR.S.C.GMC NANDED,SEBC SEBC,26424,1
2026,Round 2,1328,DR.S.C.GMC NANDED(No Change),SEBC SEBC,28183,5
2026,Round 2,1328,DR.S.C.GMC NANDED,SEBC SEBC(W),26395,1
2026,Round 2,1328,DR.S.C.GMC NANDED(No Change),SEBC SEBC(W),28852,3
2026,Round 2,1328,DR.S.C.GMC NANDED(Ret.),SEBCD1 DEF1,49444,1
2026,Round 2,1328,DR.S.C.GMC NANDED,SEBCHA HSEBC,34429,1
2026,Round 2,1328,DR.S.C.GMC NANDED,SEBCPWD PWD-SEBC PH,504499,1
2026,Round 2,1328,DR.S.C.GMC NANDED(No Change),SOBC OBC,31422,1
2026,Round 2,1328,DR.S.C.GMC NANDED(Ret.),ST HA HST,234734,1
2026,Round 2,1328,DR.S.C.GMC NANDED(Ret.),ST HA ST,237452,1
2026,Round 2,1328,DR.S.C.GMC NANDED(Ret.),ST ST,245847,3
2026,Round 2,1328,DR.S.C.GMC NANDED(No Change),ST ST,235897,2
2026,Round 2,1328,DR.S.C.GMC NANDED(Ret.),ST ST (W),224229,2
2026,Round 2,1328,DR.S.C.GMC NANDED,VJA PWD PWD-VJA PH,1007639,1
2026,Round 2,1328,DR.S.C.GMC NANDED(No Change),VJA VJA,42760,1
2026,Round 2,1328,DR.S.C.GMC NANDED(Ret.),VJA VJA (W),60393,1
2026,Round 2,1329,SRTR MC AMBAJOGAI(No Change),D1 DEF1,62879,1
2026,Round 2,1329,SRTR MC AMBAJOGAI,D2 DEF2 W,104050,1
2026,Round 2,1329,SRTR MC AMBAJOGAI(Ret.),D3 DEF3,55538,1
2026,Round 2,1329,SRTR MC AMBAJOGAI(Ret.),EWS EWS,57271,2
2026,Round 2,1329,SRTR MC AMBAJOGAI(No Change),EWS EWS,57858,5
2026,Round 2,1329,SRTR MC AMBAJOGAI(Ret.),EWS EWS(W),54572,1
2026,Round 2,1329,SRTR MC AMBAJOGAI,EWS EWS(W),58472,3
2026,Round 2,1329,SRTR MC AMBAJOGAI(No Change),EWS PWD PWD-EWS PH,896173,1
2026,Round 2,1329,SRTR MC AMBAJOGAI(No Change),NTB NTB,81920,1
2026,Round 2,1329,SRTR MC AMBAJOGAI,NTB NTB,91021,1
2026,Round 2,1329,SRTR MC AMBAJOGAI(No Change),NTB NTB(W),79567,1
2026,Round 2,1329,SRTR MC AMBAJOGAI(No Change),NTC NTC,41939,2
2026,Round 2,1329,SRTR MC AMBAJOGAI(No Change),NTC NTC(W),47448,1
2026,Round 2,1329,SRTR MC AMBAJOGAI(No Change),NTC PWD PWD-NTC PH,897024,1
2026,Round 2,1329,SRTR MC AMBAJOGAI(No Change),NTD EMNTD (EMR),33046,1
2026,Round 2,1329,SRTR MC AMBAJOGAI,NTD HA HEM NTD (EMR),45544,1
2026,Round 2,1329,SRTR MC AMBAJOGAI(Ret.),NTD HA HOPEN (EMD),29183,1
2026,Round 2,1329,SRTR MC AMBAJOGAI(Ret.),NTD NTD(W),35479,1
2026,Round 2,1329,SRTR MC AMBAJOGAI(Ret.),NTD OPEN (EMD),28605,1
2026,Round 2,1329,SRTR MC AMBAJOGAI,NTD PWD PWD-OPEN PH,453185,1
2026,Round 2,1329,SRTR MC AMBAJOGAI(No Change),OBC D1 DEF1 W,56229,1
2026,Round 2,1329,SRTR MC AMBAJOGAI,OBC EMOBCW (EMR),36133,1
2026,Round 2,1329,SRTR MC AMBAJOGAI(No Change),OBC HA HOBC W,35759,1
2026,Round 2,1329,SRTR MC AMBAJOGAI,OBC HA OBC,35039,1
2026,Round 2,1329,SRTR MC AMBAJOGAI(No Change),OBC OBC,35768,13
2026,Round 2,1329,SRTR MC AMBAJOGAI,OBC OBC,33432,1
2026,Round 2,1329,SRTR MC AMBAJOGAI(Ret.),OBC OBC,34687,1
2026,Round 2,1329,SRTR MC AMBAJOGAI(No Change),OBC OBC(W),35501,4
2026,Round 2,1329,SRTR MC AMBAJOGAI(Ret.),OBC OBC(W),35548,1
2026,Round 2,1329,SRTR MC AMBAJOGAI,OBC OPEN,30766,1
2026,Round 2,1329,SRTR MC AMBAJOGAI(No Pref),OBC OPEN (W) (EMD),26794,1
2026,Round 2,1329,SRTR MC AMBAJOGAI(No Change),OBC PWD PWD-OBC PH,693735,1
2026,Round 2,1329,SRTR MC AMBAJOGAI(No Change),OPEN,29358,8
2026,Round 2,1329,SRTR MC AMBAJOGAI,OPEN,31987,5
2026,Round 2,1329,SRTR MC AMBAJOGAI(Ret.),OPEN (W),30111,1
2026,Round 2,1329,SRTR MC AMBAJOGAI,OPEN (W),31565,3
2026,Round 2,1329,SRTR MC AMBAJOGAI,PWD PWD-OPEN PH,635630,1
2026,Round 2,1329,SRTR MC AMBAJOGAI(Ret.),SC PWD PWD-SC PH,1013305,1
2026,Round 2,1329,SRTR MC AMBAJOGAI(No Change),SC SC,117015,7
2026,Round 2,1329,SRTR MC AMBAJOGAI,SC SC,108561,1
2026,Round 2,1329,SRTR MC AMBAJOGAI(Ret.),SC SC,117981,2
2026,Round 2,1329,SRTR MC AMBAJOGAI,SC SC (W),106068,1
2026,Round 2,1329,SRTR MC AMBAJOGAI(No Change),SC SC (W),119426,4
2026,Round 2,1329,SRTR MC AMBAJOGAI(No Change),SEBC EMSEBC (EMR),31479,5
2026,Round 2,1329,SRTR MC AMBAJOGAI(No Change),SEBC EMSEBCW (EMR),31895,2
2026,Round 2,1329,SRTR MC AMBAJOGAI,SEBC EMSEBCW (EMR),33300,1
2026,Round 2,1329,SRTR MC AMBAJOGAI,SEBC OPEN,31302,2
2026,Round 2,1329,SRTR MC AMBAJOGAI(Ret.),SEBC OPEN (EMD),27422,1
2026,Round 2,1329,SRTR MC AMBAJOGAI(No Change),SEBC OPEN (EMD),30227,3
2026,Round 2,1329,SRTR MC AMBAJOGAI,SEBC OPEN (W),32635,2
2026,Round 2,1329,SRTR MC AMBAJOGAI(No Change),SEBC OPEN (W) (EMD),22704,1
2026,Round 2,1329,SRTR MC AMBAJOGAI(No Pref),SEBC OPEN (W) (EMD),27105,1
2026,Round 2,1329,SRTR MC AMBAJOGAI(No Change),SEBC SEBC,31907,3
2026,Round 2,1329,SRTR MC AMBAJOGAI(No Change),SEBC SEBC(W),32481,1
2026,Round 2,1329,SRTR MC AMBAJOGAI(Ret.),SEBCD1 DEF1,56523,1
2026,Round 2,1329,SRTR MC AMBAJOGAI(No Change),SEBCPWD HA PWD-SEBC PH,1191441,1
2026,Round 2,1329,SRTR MC AMBAJOGAI(No Change),ST HA ST,265280,2
2026,Round 2,1329,SRTR MC AMBAJOGAI,ST ST,253583,1
2026,Round 2,1329,SRTR MC AMBAJOGAI(No Change),ST ST,271801,3
2026,Round 2,1329,SRTR MC AMBAJOGAI(No Change),ST ST (W),259813,3
2026,Round 2,1329,SRTR MC AMBAJOGAI(No Change),VJA VJA,54599,3
2026,Round 2,1329,SRTR MC AMBAJOGAI(No Change),VJA VJA (W),66422,1
2026,Round 2,1330,MIMSR MC LATUR,D2 I.Q.,566723,1
2026,Round 2,1330,MIMSR MC LATUR(No Change),EWS I.Q.,443761,1
2026,Round 2,1330,MIMSR MC LATUR,EWS I.Q.,617898,1
2026,Round 2,1330,MIMSR MC LATUR(Ret.),I.Q.,345458,1
2026,Round 2,1330,MIMSR MC LATUR,I.Q.,649703,7
2026,Round 2,1330,MIMSR MC LATUR(No Pref),I.Q.,548267,2
2026,Round 2,1330,MIMSR MC LATUR(No Change),I.Q.,435003,1
2026,Round 2,1330,MIMSR MC LATUR,NTB I.Q.,378698,1
2026,Round 2,1330,MIMSR MC LATUR(No Change),NTB NTB,83388,1
2026,Round 2,1330,MIMSR MC LATUR,NTB NTB(W),131353,1
2026,Round 2,1330,MIMSR MC LATUR(No Change),NTC NTC,66378,2
2026,Round 2,1330,MIMSR MC LATUR(No Change),NTC NTC(W),68567,1
2026,Round 2,1330,MIMSR MC LATUR(No Change),NTD EMNTD (EMR),65866,1
2026,Round 2,1330,MIMSR MC LATUR(No Change),NTD EMNTDW (EMR),67605,1
2026,Round 2,1330,MIMSR MC LATUR(No Change),NTD HA OPEN,63268,1
2026,Round 2,1330,MIMSR MC LATUR,NTD I.Q.,584746,2
2026,Round 2,1330,MIMSR MC LATUR,NTD OPEN,60099,4
2026,Round 2,1330,MIMSR MC LATUR(No Change),NTD OPEN,64662,4
2026,Round 2,1330,MIMSR MC LATUR(No Pref),NTD OPEN,59725,1
2026,Round 2,1330,MIMSR MC LATUR(Ret.),NTD OPEN,64197,1
2026,Round 2,1330,MIMSR MC LATUR(No Change),NTD OPEN (EMD),50993,1
2026,Round 2,1330,MIMSR MC LATUR,NTD OPEN (W),41906,1
2026,Round 2,1330,MIMSR MC LATUR(No Change),NTD OPEN (W),60713,2
2026,Round 2,1330,MIMSR MC LATUR(No Change),OBC EMOBC (EMR),67969,6
2026,Round 2,1330,MIMSR MC LATUR(Ret.),OBC EMOBC (EMR),67796,2
2026,Round 2,1330,MIMSR MC LATUR(No Change),OBC EMOBCW (EMR),65676,4
2026,Round 2,1330,MIMSR MC LATUR,OBC HA EMOBC (EMR),61145,1
2026,Round 2,1330,MIMSR MC LATUR(No Change),OBC HA EMOBC (EMR),65208,1
2026,Round 2,1330,MIMSR MC LATUR(No Change),OBC HA OPEN (EMD),61595,1
2026,Round 2,1330,MIMSR MC LATUR,OBC I.Q.,640052,3
2026,Round 2,1330,MIMSR MC LATUR(No Change),OBC I.Q.,445933,2
2026,Round 2,1330,MIMSR MC LATUR,OBC OPEN,56888,2
2026,Round 2,1330,MIMSR MC LATUR(No Change),OBC OPEN,64371,7
2026,Round 2,1330,MIMSR MC LATUR(No Change),OBC OPEN (EMD),61003,5
2026,Round 2,1330,MIMSR MC LATUR(No Change),OBC OPEN (W),60654,2
2026,Round 2,1330,MIMSR MC LATUR,OBC OPEN (W),62314,3
2026,Round 2,1330,MIMSR MC LATUR(Ret.),OBC OPEN (W),63333,1
2026,Round 2,1330,MIMSR MC LATUR(No Change),OBC OPEN (W) (EMD),55445,3
2026,Round 2,1330,MIMSR MC LATUR,OPEN,58909,3
2026,Round 2,1330,MIMSR MC LATUR(No Change),OPEN,64785,5
2026,Round 2,1330,MIMSR MC LATUR(No Change),OPEN (W),63135,3
2026,Round 2,1330,MIMSR MC LATUR,OPEN (W),61056,3
2026,Round 2,1330,MIMSR MC LATUR,SC SC,137905,1
2026,Round 2,1330,MIMSR MC LATUR(Ret.),SC SC,138409,1
2026,Round 2,1330,MIMSR MC LATUR(No Change),SC SC,150693,5
2026,Round 2,1330,MIMSR MC LATUR(No Change),SC SC (W),144797,3
2026,Round 2,1330,MIMSR MC LATUR(No Change),SEBC EMSEBC (EMR),67856,8
2026,Round 2,1330,MIMSR MC LATUR,SEBC EMSEBCW (EMR),67274,1
2026,Round 2,1330,MIMSR MC LATUR(No Change),SEBC EMSEBCW (EMR),68367,2
2026,Round 2,1330,MIMSR MC LATUR(Ret.),SEBC EMSEBCW (EMR),68893,1
2026,Round 2,1330,MIMSR MC LATUR(No Change),SEBC OPEN,64501,9
2026,Round 2,1330,MIMSR MC LATUR(No Change),SEBC OPEN (EMD),63309,6
2026,Round 2,1330,MIMSR MC LATUR(Ret.),SEBC OPEN (EMD),60788,2
2026,Round 2,1330,MIMSR MC LATUR(No Change),SEBC OPEN (W),63480,1
2026,Round 2,1330,MIMSR MC LATUR(Ret.),SEBC OPEN (W),63483,1
2026,Round 2,1330,MIMSR MC LATUR(No Change),SEBC OPEN (W) (EMD),58969,3
2026,Round 2,1330,MIMSR MC LATUR(No Change),SEBCHA EMSEBC (EMR),65439,1
2026,Round 2,1330,MIMSR MC LATUR(Ret.),SOBC OPEN (EMD),60673,1
2026,Round 2,1330,MIMSR MC LATUR(No Change),SOBC OPEN (EMD),60795,1
2026,Round 2,1330,MIMSR MC LATUR,ST ST,295749,1
2026,Round 2,1330,MIMSR MC LATUR(No Change),ST ST,321138,2
2026,Round 2,1330,MIMSR MC LATUR(No Change),ST ST (W),318266,2
2026,Round 2,1330,MIMSR MC LATUR(No Change),VJA VJA,84692,2
2026,Round 2,1333,V.D. GMC LATUR(No Change),D2 DEF2,72550,1
2026,Round 2,1333,V.D. GMC LATUR,D3 DEF3 W,69293,1
2026,Round 2,1333,V.D. GMC LATUR(Ret.),EWS EWS,34854,1
2026,Round 2,1333,V.D. GMC LATUR(No Change),EWS EWS,54238,6
2026,Round 2,1333,V.D. GMC LATUR,EWS EWS,54347,1
2026,Round 2,1333,V.D. GMC LATUR(Ret.),EWS EWS(W),42261,1
2026,Round 2,1333,V.D. GMC LATUR(No Change),EWS EWS(W),49551,1
2026,Round 2,1333,V.D. GMC LATUR,EWS EWS(W),55727,2
2026,Round 2,1333,V.D. GMC LATUR,EWS OPEN (W),19704,1
2026,Round 2,1333,V.D. GMC LATUR(Ret.),EWS PWD PWD-EWS PH,944969,1
2026,Round 2,1333,V.D. GMC LATUR,NTB NTB,75072,1
2026,Round 2,1333,V.D. GMC LATUR(No Change),NTB NTB(W),82450,1
2026,Round 2,1333,V.D. GMC LATUR(No Change),NTC NTC,40836,4
2026,Round 2,1333,V.D. GMC LATUR(Ret.),NTC NTC(W),33623,1
2026,Round 2,1333,V.D. GMC LATUR,NTD D1 DEF1 W,78606,1
2026,Round 2,1333,V.D. GMC LATUR(Ret.),NTD EMNTD (EMR),27581,1
2026,Round 2,1333,V.D. GMC LATUR(Ret.),NTD NTD(W),31809,1
2026,Round 2,1333,V.D. GMC LATUR(No Change),NTD OPEN (EMD),24445,1
2026,Round 2,1333,V.D. GMC LATUR(Ret.),NTD PWD PWD-NTD PH,843097,1
2026,Round 2,1333,V.D. GMC LATUR(No Change),OBC D1 DEF1,66697,1
2026,Round 2,1333,V.D. GMC LATUR(Ret.),OBC D1 DEF1,68439,1
2026,Round 2,1333,V.D. GMC LATUR(No Change),OBC EMOBC (EMR),30861,1
2026,Round 2,1333,V.D. GMC LATUR(No Change),OBC HA HEM OBC (EMR),33989,1
2026,Round 2,1333,V.D. GMC LATUR,OBC OBC,32065,2
2026,Round 2,1333,V.D. GMC LATUR(No Change),OBC OBC,33449,10
2026,Round 2,1333,V.D. GMC LATUR(Ret.),OBC OBC,33350,2
2026,Round 2,1333,V.D. GMC LATUR(No Change),OBC OBC(W),32110,3
2026,Round 2,1333,V.D. GMC LATUR,OBC OBC(W),33774,3
2026,Round 2,1333,V.D. GMC LATUR(Ret.),OBC OPEN (EMD),22254,1
2026,Round 2,1333,V.D. GMC LATUR(No Change),OBC PWD PWD-OBC PH,671307,1
2026,Round 2,1333,V.D. GMC LATUR,OPEN,26581,6
2026,Round 2,1333,V.D. GMC LATUR(No Change),OPEN,25252,10
2026,Round 2,1333,V.D. GMC LATUR(Ret.),OPEN (W),19415,2
2026,Round 2,1333,V.D. GMC LATUR(No Change),OPEN (W),24496,4
2026,Round 2,1333,V.D. GMC LATUR,OPEN (W),26940,2
2026,Round 2,1333,V.D. GMC LATUR(No Change),SC D1 SC,105251,1
2026,Round 2,1333,V.D. GMC LATUR(Ret.),SC PWD PEM SC PH (EMR),737496,1
2026,Round 2,1333,V.D. GMC LATUR(No Pref),SC PWD PWD-OPEN (EMD),88048,1
2026,Round 2,1333,V.D. GMC LATUR(Ret.),SC PWD PWD-OPEN PH,253692,1
2026,Round 2,1333,V.D. GMC LATUR(No Change),SC SC,110632,10
2026,Round 2,1333,V.D. GMC LATUR,SC SC (W),89718,1
2026,Round 2,1333,V.D. GMC LATUR(Ret.),SC SC (W),93320,1
2026,Round 2,1333,V.D. GMC LATUR(No Change),SC SC (W),107226,2
2026,Round 2,1333,V.D. GMC LATUR(No Pref),SC SC (W),104960,1
2026,Round 2,1333,V.D. GMC LATUR(No Change),SEBC EMSEBC (EMR),27802,1
2026,Round 2,1333,V.D. GMC LATUR,SEBC OPEN,23031,1
2026,Round 2,1333,V.D. GMC LATUR(Ret.),SEBC OPEN (EMD),21060,1
2026,Round 2,1333,V.D. GMC LATUR(No Change),SEBC SEBC,29176,4
2026,Round 2,1333,V.D. GMC LATUR,SEBC SEBC,29262,2
2026,Round 2,1333,V.D. GMC LATUR(Ret.),SEBC SEBC,28932,1
2026,Round 2,1333,V.D. GMC LATUR(Ret.),SEBC SEBC(W),28051,1
2026,Round 2,1333,V.D. GMC LATUR(No Change),SEBC SEBC(W),30080,1
2026,Round 2,1333,V.D. GMC LATUR,SEBC SEBC(W),31164,2
2026,Round 2,1333,V.D. GMC LATUR,SEBCHA HOPEN,34434,1
2026,Round 2,1333,V.D. GMC LATUR(No Pref),SOBC OBC(W),30634,1
2026,Round 2,1333,V.D. GMC LATUR(No Change),ST HA HSTW,284243,1
2026,Round 2,1333,V.D. GMC LATUR(No Change),ST HA ST,251801,1
2026,Round 2,1333,V.D. GMC LATUR(No Change),ST ST,257292,5
2026,Round 2,1333,V.D. GMC LATUR(No Change),ST ST (W),236841,1
2026,Round 2,1333,V.D. GMC LATUR,ST ST (W),257636,1
2026,Round 2,1333,V.D. GMC LATUR(No Change),VJA HA VJA,51440,1
2026,Round 2,1333,V.D. GMC LATUR(No Change),VJA VJA,48094,1
2026,Round 2,1333,V.D. GMC LATUR(Ret.),VJA VJA (W),45297,1
2026,Round 2,1345,IIMSR JALNA,EWS I.Q. MINO,361606,5
2026,Round 2,1345,IIMSR JALNA (Ret.),EWS I.Q. MINO,198130,1
2026,Round 2,1345,IIMSR JALNA (No Pref),EWS I.Q. MINO,340365,1
2026,Round 2,1345,IIMSR JALNA (Ret.),EWS OPEN (W) MINO,78003,3
2026,Round 2,1345,IIMSR JALNA (No Change),EWS OPEN (W) MINO,77974,6
2026,Round 2,1345,IIMSR JALNA (No Change),EWS OPEN MINO,86937,14
2026,Round 2,1345,IIMSR JALNA (Ret.),EWS OPEN MINO,84642,6
2026,Round 2,1345,IIMSR JALNA (No Pref),EWS OPEN MINO,82746,1
2026,Round 2,1345,IIMSR JALNA (No Change),HA OPEN (W) MINO,69869,1
2026,Round 2,1345,IIMSR JALNA,I.Q. MINO,263385,5
2026,Round 2,1345,IIMSR JALNA (Ret.),I.Q. MINO,342995,6
2026,Round 2,1345,IIMSR JALNA (No Change),I.Q. MINO,360036,1
2026,Round 2,1345,IIMSR JALNA (No Change),OBC HA OPEN MINO,79235,1
2026,Round 2,1345,IIMSR JALNA (Ret.),OBC I.Q. MINO,297754,2
2026,Round 2,1345,IIMSR JALNA (No Change),OBC I.Q. MINO,268338,1
2026,Round 2,1345,IIMSR JALNA (No Change),OBC OPEN (W) MINO,74970,6
2026,Round 2,1345,IIMSR JALNA (Ret.),OBC OPEN (W) MINO,72560,1
2026,Round 2,1345,IIMSR JALNA,OBC OPEN MINO,60351,3
2026,Round 2,1345,IIMSR JALNA (No Change),OBC OPEN MINO,86554,11
2026,Round 2,1345,IIMSR JALNA (Ret.),OBC OPEN MINO,84329,8
2026,Round 2,1345,IIMSR JALNA (No Change),OPEN (W) MINO,74849,10
2026,Round 2,1345,IIMSR JALNA (Ret.),OPEN (W) MINO,74641,6
2026,Round 2,1345,IIMSR JALNA,OPEN (W) MINO,77302,5
2026,Round 2,1345,IIMSR JALNA (No Change),OPEN MINO,86763,29
2026,Round 2,1345,IIMSR JALNA (Ret.),OPEN MINO,86328,15
2026,Round 2,1345,IIMSR JALNA,OPEN MINO,70930,2
2026,Round 2,1358,GMC DHARASHIV(Ret.),D1 DEF1 W,92789,1
2026,Round 2,1358,GMC DHARASHIV(No Change),D2 DEF2,90701,1
2026,Round 2,1358,GMC DHARASHIV(Ret.),D3 DEF3,62877,1
2026,Round 2,1358,GMC DHARASHIV(No Change),EWS EWS,64741,4
2026,Round 2,1358,GMC DHARASHIV,EWS EWS(W),62597,1
2026,Round 2,1358,GMC DHARASHIV(No Change),EWS EWS(W),62978,1
2026,Round 2,1358,GMC DHARASHIV,EWS ORP-C ORPHANC-EW Orphan-C EWS,413523,1
2026,Round 2,1358,GMC DHARASHIV,EWS PWD PWD-EWS PH,898759,1
2026,Round 2,1358,GMC DHARASHIV(No Change),HA HOPEN,38548,1
2026,Round 2,1358,GMC DHARASHIV(No Change),NTB NTB,101371,2
2026,Round 2,1358,GMC DHARASHIV(No Change),NTB NTB(W),99209,1
2026,Round 2,1358,GMC DHARASHIV(No Change),NTC HA NTC(W),45779,1
2026,Round 2,1358,GMC DHARASHIV(No Change),NTC NTC,50601,2
2026,Round 2,1358,GMC DHARASHIV(No Change),NTD NTD,39995,1
2026,Round 2,1358,GMC DHARASHIV(No Change),OBC D1 DEF1,89535,1
2026,Round 2,1358,GMC DHARASHIV(No Change),OBC EMOBC (EMR),37283,1
2026,Round 2,1358,GMC DHARASHIV,OBC EMOBC (EMR),38121,1
2026,Round 2,1358,GMC DHARASHIV(Ret.),OBC EMOBCW (EMR),39914,1
2026,Round 2,1358,GMC DHARASHIV,OBC HA HOBC,46176,1
2026,Round 2,1358,GMC DHARASHIV,OBC OBC,43186,2
2026,Round 2,1358,GMC DHARASHIV(No Change),OBC OBC,43007,5
2026,Round 2,1358,GMC DHARASHIV(No Change),OBC OBC(W),42057,2
2026,Round 2,1358,GMC DHARASHIV,OBC OBC(W),42237,1
2026,Round 2,1358,GMC DHARASHIV,OBC OPEN,35161,2
2026,Round 2,1358,GMC DHARASHIV(No Change),OBC OPEN (EMD),36707,1
2026,Round 2,1358,GMC DHARASHIV(No Change),OBC OPEN (W) (EMD),36068,1
2026,Round 2,1358,GMC DHARASHIV,OBC PWD PEM OBC PH (EMR),542864,1
2026,Round 2,1358,GMC DHARASHIV(No Change),OBC PWD PWD-OPEN (EMD),755642,1
2026,Round 2,1358,GMC DHARASHIV(No Change),OPEN,36686,3
2026,Round 2,1358,GMC DHARASHIV,OPEN,36992,4
2026,Round 2,1358,GMC DHARASHIV(No Change),OPEN (W),36728,5
2026,Round 2,1358,GMC DHARASHIV,OPEN (W),33276,1
2026,Round 2,1358,GMC DHARASHIV(No Change),SC HA HSCW,168308,1
2026,Round 2,1358,GMC DHARASHIV(No Change),SC SC,129911,7
2026,Round 2,1358,GMC DHARASHIV(Ret.),SC SC (W),107992,1
2026,Round 2,1358,GMC DHARASHIV(No Change),SC SC (W),120308,1
2026,Round 2,1358,GMC DHARASHIV,SEBC EMSEBC (EMR),38807,1
2026,Round 2,1358,GMC DHARASHIV,SEBC OPEN,33128,1
2026,Round 2,1358,GMC DHARASHIV(No Change),SEBC OPEN (EMD),33694,1
2026,Round 2,1358,GMC DHARASHIV(No Change),SEBC SEBC,42343,4
2026,Round 2,1358,GMC DHARASHIV(No Change),SEBC SEBC(W),38225,3
2026,Round 2,1358,GMC DHARASHIV,SEBCD1 DEF1,82988,1
2026,Round 2,1358,GMC DHARASHIV(No Change),SOBC OBC(W),40201,1
2026,Round 2,1358,GMC DHARASHIV(No Change),ST HA ST,292766,1
2026,Round 2,1358,GMC DHARASHIV(No Change),ST ST,294704,3
2026,Round 2,1358,GMC DHARASHIV(No Change),ST ST (W),292929,2
2026,Round 2,1358,GMC DHARASHIV(No Change),VJA VJA,70355,2
2026,Round 2,1358,GMC DHARASHIV(No Change),VJA VJA (W),88377,1
2026,Round 2,1360,GMC PARBHANI,D2 DEF2 W,133302,1
2026,Round 2,1360,GMC PARBHANI(No Pref),D3 DEF3,56937,1
2026,Round 2,1360,GMC PARBHANI,EWS EWS,63477,2
2026,Round 2,1360,GMC PARBHANI(No Change),EWS EWS,66320,2
2026,Round 2,1360,GMC PARBHANI(Ret.),EWS EWS,67364,1
2026,Round 2,1360,GMC PARBHANI(Ret.),EWS EWS(W),48375,1
2026,Round 2,1360,GMC PARBHANI,EWS EWS(W),67997,1
2026,Round 2,1360,GMC PARBHANI(No Change),NTB NTB,103805,1
2026,Round 2,1360,GMC PARBHANI(No Change),NTB NTB(W),121322,1
2026,Round 2,1360,GMC PARBHANI(No Change),NTC HA NTC,51772,1
2026,Round 2,1360,GMC PARBHANI(No Change),NTC NTC,52933,1
2026,Round 2,1360,GMC PARBHANI(No Change),NTC NTC(W),58897,1
2026,Round 2,1360,GMC PARBHANI,NTC OPEN,38972,1
2026,Round 2,1360,GMC PARBHANI,NTD HA NTD(W),48648,1
2026,Round 2,1360,GMC PARBHANI(No Change),OBC D1 DEF1,97983,1
2026,Round 2,1360,GMC PARBHANI(No Change),OBC EMOBC (EMR),46470,2
2026,Round 2,1360,GMC PARBHANI,OBC EMOBC (EMR),43647,1
2026,Round 2,1360,GMC PARBHANI,OBC HA HOBC,51912,1
2026,Round 2,1360,GMC PARBHANI(No Change),OBC OBC,48664,6
2026,Round 2,1360,GMC PARBHANI(No Change),OBC OBC(W),48182,4
2026,Round 2,1360,GMC PARBHANI(Ret.),OBC OBC(W),47189,1
2026,Round 2,1360,GMC PARBHANI,OBC OPEN,40130,1
2026,Round 2,1360,GMC PARBHANI(Ret.),OBC OPEN (EMD),40630,2
2026,Round 2,1360,GMC PARBHANI,OBC PWD PWD-OPEN PH,256822,1
2026,Round 2,1360,GMC PARBHANI(No Change),OPEN,40393,4
2026,Round 2,1360,GMC PARBHANI(Ret.),OPEN,39677,1
2026,Round 2,1360,GMC PARBHANI,OPEN,42246,3
2026,Round 2,1360,GMC PARBHANI(No Change),OPEN (W),39036,3
2026,Round 2,1360,GMC PARBHANI,OPEN (W),43551,3
2026,Round 2,1360,GMC PARBHANI(Ret.),SC PWD PWD-SC PH,1110485,1
2026,Round 2,1360,GMC PARBHANI(No Change),SC SC,134795,4
2026,Round 2,1360,GMC PARBHANI,SC SC,134158,3
2026,Round 2,1360,GMC PARBHANI(No Change),SC SC (W),132508,2
2026,Round 2,1360,GMC PARBHANI,SC SC (W),131571,1
2026,Round 2,1360,GMC PARBHANI,SEBC SEBC,48246,3
2026,Round 2,1360,GMC PARBHANI(No Change),SEBC SEBC,47668,3
2026,Round 2,1360,GMC PARBHANI(No Change),SEBC SEBC(W),43487,1
2026,Round 2,1360,GMC PARBHANI,SEBC SEBC(W),48520,2
2026,Round 2,1360,GMC PARBHANI,SEBCD1 DEF1,89730,1
2026,Round 2,1360,GMC PARBHANI(Ret.),SEBCD1 DEF1,96536,1
2026,Round 2,1360,GMC PARBHANI,SEBCHA HOPEN,47586,1
2026,Round 2,1360,GMC PARBHANI(No Change),SOBC PWD PEM OBC PH (EMR),1034564,1
2026,Round 2,1360,GMC PARBHANI,ST ST,298146,2
2026,Round 2,1360,GMC PARBHANI(No Change),ST ST,303019,2
2026,Round 2,1360,GMC PARBHANI(No Change),ST ST (W),303455,2
2026,Round 2,1360,GMC PARBHANI(No Change),VJA VJA,72013,2
2026,Round 2,1360,GMC PARBHANI(No Change),VJA VJA (W),73416,1
2026,Round 2,1362,PMC PARBHANI,EWS I.Q.,385962,1
2026,Round 2,1362,PMC PARBHANI,EWS OPEN,80259,1
2026,Round 2,1362,PMC PARBHANI(No Change),EWS OPEN,82111,2
2026,Round 2,1362,PMC PARBHANI(No Change),EWS OPEN (W),62498,1
2026,Round 2,1362,PMC PARBHANI,I.Q.,413441,20
2026,Round 2,1362,PMC PARBHANI(No Change),NTB NTB,132496,1
2026,Round 2,1362,PMC PARBHANI,NTB NTB(W),136736,1
2026,Round 2,1362,PMC PARBHANI(No Change),NTC EMNTC (EMR),85253,2
2026,Round 2,1362,PMC PARBHANI(No Change),NTC NTC(W),84777,1
2026,Round 2,1362,PMC PARBHANI(No Change),NTC OPEN (EMD),82034,2
2026,Round 2,1362,PMC PARBHANI,NTC OPEN (W),72316,1
2026,Round 2,1362,PMC PARBHANI(No Change),NTC OPEN (W),80278,1
2026,Round 2,1362,PMC PARBHANI(No Change),NTD EMNTD (EMR),84873,1
2026,Round 2,1362,PMC PARBHANI(No Change),NTD EMNTDW (EMR),85673,1
2026,Round 2,1362,PMC PARBHANI,NTD HA OPEN,78320,1
2026,Round 2,1362,PMC PARBHANI(No Change),NTD HA OPEN (W),79304,1
2026,Round 2,1362,PMC PARBHANI(No Change),NTD OPEN,82120,4
2026,Round 2,1362,PMC PARBHANI(No Change),NTD OPEN (EMD),78030,1
2026,Round 2,1362,PMC PARBHANI(No Change),NTD OPEN (W),78282,1
2026,Round 2,1362,PMC PARBHANI,OBC EMOBC (EMR),83300,2
2026,Round 2,1362,PMC PARBHANI(No Change),OBC EMOBC (EMR),85475,7
2026,Round 2,1362,PMC PARBHANI,OBC EMOBCW (EMR),82009,1
2026,Round 2,1362,PMC PARBHANI(No Change),OBC EMOBCW (EMR),83502,4
2026,Round 2,1362,PMC PARBHANI(No Change),OBC HA OPEN (EMD),78203,1
2026,Round 2,1362,PMC PARBHANI,OBC OPEN,80730,7
2026,Round 2,1362,PMC PARBHANI(No Change),OBC OPEN,82037,10
2026,Round 2,1362,PMC PARBHANI(No Change),OBC OPEN (EMD),78347,4
2026,Round 2,1362,PMC PARBHANI(Ret.),OBC OPEN (EMD),78217,1
2026,Round 2,1362,PMC PARBHANI,OBC OPEN (W),78057,2
2026,Round 2,1362,PMC PARBHANI(No Change),OBC OPEN (W),80845,6
2026,Round 2,1362,PMC PARBHANI(No Change),OBC OPEN (W) (EMD),78506,3
2026,Round 2,1362,PMC PARBHANI,OPEN,78976,4
2026,Round 2,1362,PMC PARBHANI(No Change),OPEN,82056,5
2026,Round 2,1362,PMC PARBHANI(No Change),OPEN (W),79965,3
2026,Round 2,1362,PMC PARBHANI,OPEN (W),78534,1
2026,Round 2,1362,PMC PARBHANI,SC I.Q.,438822,1
2026,Round 2,1362,PMC PARBHANI,SC SC,155267,1
2026,Round 2,1362,PMC PARBHANI(No Change),SC SC,164383,6
2026,Round 2,1362,PMC PARBHANI,SC SC (W),159929,2
2026,Round 2,1362,PMC PARBHANI(No Change),SC SC (W),160312,1
2026,Round 2,1362,PMC PARBHANI,SEBC EMSEBC (EMR),81242,1
2026,Round 2,1362,PMC PARBHANI(No Change),SEBC EMSEBC (EMR),85338,6
2026,Round 2,1362,PMC PARBHANI(No Pref),SEBC EMSEBC (EMR),85620,1
2026,Round 2,1362,PMC PARBHANI(No Change),SEBC EMSEBCW (EMR),83154,2
2026,Round 2,1362,PMC PARBHANI,SEBC OPEN,73757,1
2026,Round 2,1362,PMC PARBHANI(No Change),SEBC OPEN,82128,5
2026,Round 2,1362,PMC PARBHANI(No Change),SEBC OPEN (EMD),80716,5
2026,Round 2,1362,PMC PARBHANI,SEBC OPEN (W),74796,1
2026,Round 2,1362,PMC PARBHANI(No Change),SEBC OPEN (W) (EMD),64192,1
2026,Round 2,1362,PMC PARBHANI(No Change),SEBC SEBC(W),85128,2
2026,Round 2,1362,PMC PARBHANI(No Change),SOBC OPEN (EMD),77835,1
2026,Round 2,1362,PMC PARBHANI(No Change),ST ST,343701,4
2026,Round 2,1362,PMC PARBHANI,ST ST (W),338060,1
2026,Round 2,1362,PMC PARBHANI,VJA OPEN (W),78422,1
2026,Round 2,1362,PMC PARBHANI(No Change),VJA VJA,100536,2
2026,Round 2,1365,RAMCHANDRA INST MC CH.SAMBHAJINAGAR,EWS I.Q.,357493,4
2026,Round 2,1365,RAMCHANDRA INST MC CH.SAMBHAJINAGAR,HA I.Q.,305678,1
2026,Round 2,1365,RAMCHANDRA INST MC CH.SAMBHAJINAGAR(Ret.),I.Q.,201417,2
2026,Round 2,1365,RAMCHANDRA INST MC CH.SAMBHAJINAGAR(No Change),I.Q.,239410,2
2026,Round 2,1365,RAMCHANDRA INST MC CH.SAMBHAJINAGAR,I.Q.,361316,6
2026,Round 2,1365,RAMCHANDRA INST MC CH.SAMBHAJINAGAR(No Change),NTB NTB,108322,2
2026,Round 2,1365,RAMCHANDRA INST MC CH.SAMBHAJINAGAR(No Change),NTC EMNTCW (EMR),66144,1
2026,Round 2,1365,RAMCHANDRA INST MC CH.SAMBHAJINAGAR,NTC I.Q.,280444,1
2026,Round 2,1365,RAMCHANDRA INST MC CH.SAMBHAJINAGAR(No Change),NTC NTC,66429,2
2026,Round 2,1365,RAMCHANDRA INST MC CH.SAMBHAJINAGAR(No Change),NTC OPEN (W) (EMD),53907,1
2026,Round 2,1365,RAMCHANDRA INST MC CH.SAMBHAJINAGAR(No Change),NTD EMNTD (EMR),62287,1
2026,Round 2,1365,RAMCHANDRA INST MC CH.SAMBHAJINAGAR(No Change),NTD OPEN,56401,2
2026,Round 2,1365,RAMCHANDRA INST MC CH.SAMBHAJINAGAR(Ret.),NTD OPEN,55765,1
2026,Round 2,1365,RAMCHANDRA INST MC CH.SAMBHAJINAGAR(No Change),NTD OPEN (EMD),49678,1
2026,Round 2,1365,RAMCHANDRA INST MC CH.SAMBHAJINAGAR,NTD OPEN (W),48562,1
2026,Round 2,1365,RAMCHANDRA INST MC CH.SAMBHAJINAGAR(No Change),NTD OPEN (W),53606,1
2026,Round 2,1365,RAMCHANDRA INST MC CH.SAMBHAJINAGAR(No Change),OBC EMOBC (EMR),61371,8
2026,Round 2,1365,RAMCHANDRA INST MC CH.SAMBHAJINAGAR(Ret.),OBC EMOBC (EMR),60623,1
2026,Round 2,1365,RAMCHANDRA INST MC CH.SAMBHAJINAGAR(No Change),OBC EMOBCW (EMR),60737,4
2026,Round 2,1365,RAMCHANDRA INST MC CH.SAMBHAJINAGAR,OBC EMOBCW (EMR),60373,1
2026,Round 2,1365,RAMCHANDRA INST MC CH.SAMBHAJINAGAR,OBC HA I.Q.,307806,1
2026,Round 2,1365,RAMCHANDRA INST MC CH.SAMBHAJINAGAR(No Change),OBC HA OPEN (EMD),54562,1
2026,Round 2,1365,RAMCHANDRA INST MC CH.SAMBHAJINAGAR(No Change),OBC I.Q.,141994,1
2026,Round 2,1365,RAMCHANDRA INST MC CH.SAMBHAJINAGAR,OBC I.Q.,348275,4
2026,Round 2,1365,RAMCHANDRA INST MC CH.SAMBHAJINAGAR,OBC OPEN,55372,2
2026,Round 2,1365,RAMCHANDRA INST MC CH.SAMBHAJINAGAR(No Change),OBC OPEN,57909,9
2026,Round 2,1365,RAMCHANDRA INST MC CH.SAMBHAJINAGAR(Ret.),OBC OPEN,57280,1
2026,Round 2,1365,RAMCHANDRA INST MC CH.SAMBHAJINAGAR(No Change),OBC OPEN (EMD),55099,5
2026,Round 2,1365,RAMCHANDRA INST MC CH.SAMBHAJINAGAR(Ret.),OBC OPEN (EMD),53239,1
2026,Round 2,1365,RAMCHANDRA INST MC CH.SAMBHAJINAGAR,OBC OPEN (W),41811,1
2026,Round 2,1365,RAMCHANDRA INST MC CH.SAMBHAJINAGAR(No Change),OBC OPEN (W),55491,4
2026,Round 2,1365,RAMCHANDRA INST MC CH.SAMBHAJINAGAR(Ret.),OBC OPEN (W) (EMD),53882,2
2026,Round 2,1365,RAMCHANDRA INST MC CH.SAMBHAJINAGAR(No Change),OBC OPEN (W) (EMD),52725,1
2026,Round 2,1365,RAMCHANDRA INST MC CH.SAMBHAJINAGAR,OPEN,55747,2
2026,Round 2,1365,RAMCHANDRA INST MC CH.SAMBHAJINAGAR(Ret.),OPEN,56293,2
2026,Round 2,1365,RAMCHANDRA INST MC CH.SAMBHAJINAGAR(No Change),OPEN,57890,9
2026,Round 2,1365,RAMCHANDRA INST MC CH.SAMBHAJINAGAR(No Change),OPEN (W),55016,8
2026,Round 2,1365,RAMCHANDRA INST MC CH.SAMBHAJINAGAR,SC SC,145531,3
2026,Round 2,1365,RAMCHANDRA INST MC CH.SAMBHAJINAGAR(No Change),SC SC,148627,3
2026,Round 2,1365,RAMCHANDRA INST MC CH.SAMBHAJINAGAR(Ret.),SC SC,147335,1
2026,Round 2,1365,RAMCHANDRA INST MC CH.SAMBHAJINAGAR(No Change),SC SC (W),146609,2
2026,Round 2,1365,RAMCHANDRA INST MC CH.SAMBHAJINAGAR(Ret.),SC SC (W),147177,1
2026,Round 2,1365,RAMCHANDRA INST MC CH.SAMBHAJINAGAR(No Change),SEBC EMSEBC (EMR),61209,8
2026,Round 2,1365,RAMCHANDRA INST MC CH.SAMBHAJINAGAR(No Pref),SEBC EMSEBC (EMR),60834,1
2026,Round 2,1365,RAMCHANDRA INST MC CH.SAMBHAJINAGAR(No Change),SEBC EMSEBCW (EMR),64499,3
2026,Round 2,1365,RAMCHANDRA INST MC CH.SAMBHAJINAGAR(Ret.),SEBC EMSEBCW (EMR),60548,1
2026,Round 2,1365,RAMCHANDRA INST MC CH.SAMBHAJINAGAR,SEBC OPEN,57032,5
2026,Round 2,1365,RAMCHANDRA INST MC CH.SAMBHAJINAGAR(No Change),SEBC OPEN,57495,7
2026,Round 2,1365,RAMCHANDRA INST MC CH.SAMBHAJINAGAR(No Change),SEBC OPEN (EMD),55670,4
2026,Round 2,1365,RAMCHANDRA INST MC CH.SAMBHAJINAGAR(Ret.),SEBC OPEN (W) (EMD),49526,3
2026,Round 2,1365,RAMCHANDRA INST MC CH.SAMBHAJINAGAR(No Change),SEBC OPEN (W) (EMD),52697,1
2026,Round 2,1365,RAMCHANDRA INST MC CH.SAMBHAJINAGAR,SOBC OPEN,57001,1
2026,Round 2,1365,RAMCHANDRA INST MC CH.SAMBHAJINAGAR(No Change),SOBC OPEN (EMD),51707,1
2026,Round 2,1365,RAMCHANDRA INST MC CH.SAMBHAJINAGAR(No Change),ST ST,332253,4
2026,Round 2,1365,RAMCHANDRA INST MC CH.SAMBHAJINAGAR(No Change),ST ST (W),329603,2
2026,Round 2,1365,RAMCHANDRA INST MC CH.SAMBHAJINAGAR(No Change),VJA VJA,83673,1
2026,Round 2,1365,RAMCHANDRA INST MC CH.SAMBHAJINAGAR(Ret.),VJA VJA (W),67333,1
2026,Round 2,1371,GMC HINGOLI(Ret.),D3 DEF3,76612,1
2026,Round 2,1371,GMC HINGOLI(No Change),EWS EWS,72026,3
2026,Round 2,1371,GMC HINGOLI(No Pref),EWS EWS,68145,1
2026,Round 2,1371,GMC HINGOLI(No Change),EWS EWS(W),71899,2
2026,Round 2,1371,GMC HINGOLI(No Change),EWS HA HEWS,82607,1
2026,Round 2,1371,GMC HINGOLI(Ret.),EWS PWD PWD-OPEN PH,541263,1
2026,Round 2,1371,GMC HINGOLI(Ret.),NTB NTB,44585,1
2026,Round 2,1371,GMC HINGOLI,NTB NTB(W),128370,1
2026,Round 2,1371,GMC HINGOLI(No Change),NTC HA HNTC W,69718,1
2026,Round 2,1371,GMC HINGOLI(No Change),NTC NTC,57526,2
2026,Round 2,1371,GMC HINGOLI,NTD HA HOPEN,51531,1
2026,Round 2,1371,GMC HINGOLI(No Change),NTD NTD,46547,1
2026,Round 2,1371,GMC HINGOLI,OBC D1 DEF1,110203,2
2026,Round 2,1371,GMC HINGOLI(No Change),OBC D2 DEF2,111652,1
2026,Round 2,1371,GMC HINGOLI(No Change),OBC HA OBC,51020,1
2026,Round 2,1371,GMC HINGOLI(No Change),OBC OBC,51225,5
2026,Round 2,1371,GMC HINGOLI,OBC OBC,52213,4
2026,Round 2,1371,GMC HINGOLI(No Change),OBC OBC(W),51447,4
2026,Round 2,1371,GMC HINGOLI,OBC OBC(W),51439,1
2026,Round 2,1371,GMC HINGOLI,OBC OPEN (W),46262,1
2026,Round 2,1371,GMC HINGOLI(No Change),OBC PWD PWD-OBC PH,1094543,1
2026,Round 2,1371,GMC HINGOLI,OPEN,44504,2
2026,Round 2,1371,GMC HINGOLI(No Change),OPEN,44501,9
2026,Round 2,1371,GMC HINGOLI,OPEN (W),46906,4
2026,Round 2,1371,GMC HINGOLI(No Change),OPEN (W),44349,1
2026,Round 2,1371,GMC HINGOLI(Ret.),OPEN (W),44393,1
2026,Round 2,1371,GMC HINGOLI,SC SC,138332,1
2026,Round 2,1371,GMC HINGOLI(No Change),SC SC,142874,6
2026,Round 2,1371,GMC HINGOLI(No Change),SC SC (W),141515,3
2026,Round 2,1371,GMC HINGOLI,SEBC SEBC,44857,1
2026,Round 2,1371,GMC HINGOLI(No Change),SEBC SEBC,50917,4
2026,Round 2,1371,GMC HINGOLI(No Change),SEBC SEBC(W),50433,2
2026,Round 2,1371,GMC HINGOLI,SEBC SEBC(W),50628,1
2026,Round 2,1371,GMC HINGOLI(No Change),SEBCD1 DEF1 W,102596,1
2026,Round 2,1371,GMC HINGOLI(No Change),SEBCHA SEBC,50768,1
2026,Round 2,1371,GMC HINGOLI(No Change),ST D1 ST,309593,1
2026,Round 2,1371,GMC HINGOLI,ST ST,260158,1
2026,Round 2,1371,GMC HINGOLI(No Change),ST ST,311481,2
2026,Round 2,1371,GMC HINGOLI(No Change),ST ST (W),310195,2
2026,Round 2,1371,GMC HINGOLI(Ret.),VJA VJA,78039,1
2026,Round 2,1371,GMC HINGOLI(No Change),VJA VJA,79541,1
2026,Round 2,1371,GMC HINGOLI(No Change),VJA VJA (W),96236,1
2026,Round 2,1372,GMC JALNA(No Change),D1 DEF1,98889,1
2026,Round 2,1372,GMC JALNA(No Change),D2 DEF2,105226,1
2026,Round 2,1372,GMC JALNA,D3 DEF3,88673,1
2026,Round 2,1372,GMC JALNA(No Change),EWS EWS,63442,4
2026,Round 2,1372,GMC JALNA(Ret.),EWS EWS,63464,1
2026,Round 2,1372,GMC JALNA(Ret.),EWS EWS(W),47136,1
2026,Round 2,1372,GMC JALNA(No Change),EWS EWS(W),59106,1
2026,Round 2,1372,GMC JALNA,EWS EWS(W),65668,1
2026,Round 2,1372,GMC JALNA,HA HOPEN,40298,1
2026,Round 2,1372,GMC JALNA(No Change),NTB NTB,98249,1
2026,Round 2,1372,GMC JALNA(No Change),NTB NTB(W),121966,1
2026,Round 2,1372,GMC JALNA(No Change),NTC D1 DEF1,100433,1
2026,Round 2,1372,GMC JALNA(No Change),NTC D1 DEF1 W,98878,1
2026,Round 2,1372,GMC JALNA(No Change),NTC NTC,57772,1
2026,Round 2,1372,GMC JALNA(No Change),NTC NTC(W),58142,1
2026,Round 2,1372,GMC JALNA,NTD NTD,45290,1
2026,Round 2,1372,GMC JALNA(No Change),NTD NTD(W),39329,1
2026,Round 2,1372,GMC JALNA,OBC HA HOBC,50803,1
2026,Round 2,1372,GMC JALNA(No Change),OBC OBC,46590,6
2026,Round 2,1372,GMC JALNA,OBC OBC,46161,3
2026,Round 2,1372,GMC JALNA(No Change),OBC OBC(W),44561,2
2026,Round 2,1372,GMC JALNA,OBC OBC(W),45216,2
2026,Round 2,1372,GMC JALNA(Ret.),OBC OBC(W),45891,1
2026,Round 2,1372,GMC JALNA(Ret.),OBC PWD PWD-OBC PH,889415,1
2026,Round 2,1372,GMC JALNA,OBC PWD PWD-OPEN PH,815372,1
2026,Round 2,1372,GMC JALNA(Ret.),OPEN,35854,2
2026,Round 2,1372,GMC JALNA(No Change),OPEN,37986,7
2026,Round 2,1372,GMC JALNA,OPEN,37068,3
2026,Round 2,1372,GMC JALNA(No Change),OPEN (W),33519,1
2026,Round 2,1372,GMC JALNA,OPEN (W),37288,5
2026,Round 2,1372,GMC JALNA(No Change),SC SC,137957,5
2026,Round 2,1372,GMC JALNA,SC SC,134121,2
2026,Round 2,1372,GMC JALNA(Ret.),SC SC,137187,1
2026,Round 2,1372,GMC JALNA(No Change),SC SC (W),136080,3
2026,Round 2,1372,GMC JALNA(No Change),SEBC SEBC,43744,2
2026,Round 2,1372,GMC JALNA,SEBC SEBC,42770,1
2026,Round 2,1372,GMC JALNA(Ret.),SEBC SEBC,46199,2
2026,Round 2,1372,GMC JALNA(No Change),SEBC SEBC(W),43999,1
2026,Round 2,1372,GMC JALNA,SEBC SEBC(W),46486,1
2026,Round 2,1372,GMC JALNA(No Change),ST HA ST (W),298496,1
2026,Round 2,1372,GMC JALNA,ST ST,271894,1
2026,Round 2,1372,GMC JALNA(No Change),ST ST,297204,3
2026,Round 2,1372,GMC JALNA,ST ST (W),288358,1
2026,Round 2,1372,GMC JALNA(No Change),VJA VJA,66203,2
2026,Round 2,1372,GMC JALNA(No Change),VJA VJA (W),66799,1
2026,Round 2,1373,GMC GADCHIROLI(Ret.),D1 DEF1 W,109020,1
2026,Round 2,1373,GMC GADCHIROLI(Ret.),D2 DEF2,116692,1
2026,Round 2,1373,GMC GADCHIROLI(Ret.),D3 DEF3,79039,1
2026,Round 2,1373,GMC GADCHIROLI(No Change),EWS EWS,74355,3
2026,Round 2,1373,GMC GADCHIROLI,EWS EWS,74724,3
2026,Round 2,1373,GMC GADCHIROLI,EWS EWS(W),74802,2
2026,Round 2,1373,GMC GADCHIROLI(No Change),NTB NTB,105853,1
2026,Round 2,1373,GMC GADCHIROLI,NTB NTB(W),122399,1
2026,Round 2,1373,GMC GADCHIROLI(No Change),NTC NTC,61430,1
2026,Round 2,1373,GMC GADCHIROLI,NTC NTC,62869,1
2026,Round 2,1373,GMC GADCHIROLI(No Change),NTC NTC(W),63657,1
2026,Round 2,1373,GMC GADCHIROLI,NTD NTD,51057,1
2026,Round 2,1373,GMC GADCHIROLI(No Change),NTD NTD(W),50634,1
2026,Round 2,1373,GMC GADCHIROLI,OBC D1 DEF1,105346,1
2026,Round 2,1373,GMC GADCHIROLI(No Change),OBC OBC,52299,6
2026,Round 2,1373,GMC GADCHIROLI,OBC OBC,52685,5
2026,Round 2,1373,GMC GADCHIROLI(No Change),OBC OBC(W),50948,2
2026,Round 2,1373,GMC GADCHIROLI,OBC OBC(W),52825,3
2026,Round 2,1373,GMC GADCHIROLI(No Change),OBC PWD PEM OBC PH (EMR),1111044,1
2026,Round 2,1373,GMC GADCHIROLI(Ret.),OBC PWD PWD-OPEN (EMD),773538,1
2026,Round 2,1373,GMC GADCHIROLI,OPEN,48920,8
2026,Round 2,1373,GMC GADCHIROLI(No Change),OPEN,47413,4
2026,Round 2,1373,GMC GADCHIROLI,OPEN (W),48354,5
2026,Round 2,1373,GMC GADCHIROLI(No Change),OPEN (W),46354,2
2026,Round 2,1373,GMC GADCHIROLI(Ret.),SC ORP-C ORPHANC-SC Orphan-C SC,536027,1
2026,Round 2,1373,GMC GADCHIROLI(Ret.),SC PWD PWD-SC PH,1151916,1
2026,Round 2,1373,GMC GADCHIROLI,SC SC,144537,3
2026,Round 2,1373,GMC GADCHIROLI(No Change),SC SC,143965,3
2026,Round 2,1373,GMC GADCHIROLI(No Change),SC SC (W),143523,1
2026,Round 2,1373,GMC GADCHIROLI,SC SC (W),145408,2
2026,Round 2,1373,GMC GADCHIROLI(No Change),SEBC SEBC,51618,1
2026,Round 2,1373,GMC GADCHIROLI,SEBC SEBC,52795,4
2026,Round 2,1373,GMC GADCHIROLI(No Change),SEBC SEBC(W),54262,1
2026,Round 2,1373,GMC GADCHIROLI,SEBC SEBC(W),57112,1
2026,Round 2,1373,GMC GADCHIROLI,SEBCD1 DEF1,110846,1
2026,Round 2,1373,GMC GADCHIROLI,SEBCHA HOPEN,53562,1
2026,Round 2,1373,GMC GADCHIROLI(No Change),ST HA HST,313025,1
2026,Round 2,1373,GMC GADCHIROLI,ST ST,290916,1
2026,Round 2,1373,GMC GADCHIROLI(No Change),ST ST,313452,2
2026,Round 2,1373,GMC GADCHIROLI(No Change),ST ST (W),311553,2
2026,Round 2,1373,GMC GADCHIROLI(No Change),VJA VJA,82570,1
2026,Round 2,1373,GMC GADCHIROLI(No Change),VJA VJA (W),97530,1
2026,Round 2,1377,BSP MC & HOSP CH.SAMBHAJINAGAR,EWS I.Q.,575214,2
2026,Round 2,1377,BSP MC & HOSP CH.SAMBHAJINAGAR,EWS OPEN,84880,4
2026,Round 2,1377,BSP MC & HOSP CH.SAMBHAJINAGAR(No Change),EWS OPEN,85052,4
2026,Round 2,1377,BSP MC & HOSP CH.SAMBHAJINAGAR(No Change),EWS OPEN (W),82619,4
2026,Round 2,1377,BSP MC & HOSP CH.SAMBHAJINAGAR,EWS OPEN (W),83013,3
2026,Round 2,1377,BSP MC & HOSP CH.SAMBHAJINAGAR,I.Q.,586178,11
2026,Round 2,1377,BSP MC & HOSP CH.SAMBHAJINAGAR(Ret.),NTB NTB,133469,1
2026,Round 2,1377,BSP MC & HOSP CH.SAMBHAJINAGAR,NTB NTB(W),136418,1
2026,Round 2,1377,BSP MC & HOSP CH.SAMBHAJINAGAR,NTC EMNTC (EMR),86585,1
2026,Round 2,1377,BSP MC & HOSP CH.SAMBHAJINAGAR(No Change),NTC EMNTC (EMR),86789,1
2026,Round 2,1377,BSP MC & HOSP CH.SAMBHAJINAGAR(No Change),NTC EMNTCW (EMR),87436,1
2026,Round 2,1377,BSP MC & HOSP CH.SAMBHAJINAGAR(No Change),NTC HA OPEN (W) (EMD),83039,1
2026,Round 2,1377,BSP MC & HOSP CH.SAMBHAJINAGAR,NTC OPEN,85860,2
2026,Round 2,1377,BSP MC & HOSP CH.SAMBHAJINAGAR(No Change),NTC OPEN,86090,3
2026,Round 2,1377,BSP MC & HOSP CH.SAMBHAJINAGAR(No Change),NTC OPEN (EMD),85256,2
2026,Round 2,1377,BSP MC & HOSP CH.SAMBHAJINAGAR,NTC OPEN (W),82658,1
2026,Round 2,1377,BSP MC & HOSP CH.SAMBHAJINAGAR(No Change),NTD EMNTD (EMR),86215,1
2026,Round 2,1377,BSP MC & HOSP CH.SAMBHAJINAGAR(No Change),NTD OPEN,86150,6
2026,Round 2,1377,BSP MC & HOSP CH.SAMBHAJINAGAR,NTD OPEN,85896,1
2026,Round 2,1377,BSP MC & HOSP CH.SAMBHAJINAGAR(No Change),NTD OPEN (EMD),71903,1
2026,Round 2,1377,BSP MC & HOSP CH.SAMBHAJINAGAR(No Change),OBC EMOBC (EMR),87488,8
2026,Round 2,1377,BSP MC & HOSP CH.SAMBHAJINAGAR(No Change),OBC EMOBCW (EMR),87315,4
2026,Round 2,1377,BSP MC & HOSP CH.SAMBHAJINAGAR,OBC HA EMOBC (EMR),85941,1
2026,Round 2,1377,BSP MC & HOSP CH.SAMBHAJINAGAR(No Change),OBC I.Q.,464836,1
2026,Round 2,1377,BSP MC & HOSP CH.SAMBHAJINAGAR,OBC I.Q.,592911,7
2026,Round 2,1377,BSP MC & HOSP CH.SAMBHAJINAGAR,OBC OPEN,85448,7
2026,Round 2,1377,BSP MC & HOSP CH.SAMBHAJINAGAR(No Change),OBC OPEN,86100,2
2026,Round 2,1377,BSP MC & HOSP CH.SAMBHAJINAGAR(No Change),OBC OPEN (EMD),85595,6
2026,Round 2,1377,BSP MC & HOSP CH.SAMBHAJINAGAR,OBC OPEN (W),85571,3
2026,Round 2,1377,BSP MC & HOSP CH.SAMBHAJINAGAR(No Change),OBC OPEN (W) (EMD),80048,2
2026,Round 2,1377,BSP MC & HOSP CH.SAMBHAJINAGAR,OPEN,67593,1
2026,Round 2,1377,BSP MC & HOSP CH.SAMBHAJINAGAR(No Change),OPEN,85788,4
2026,Round 2,1377,BSP MC & HOSP CH.SAMBHAJINAGAR,OPEN (W),82516,2
2026,Round 2,1377,BSP MC & HOSP CH.SAMBHAJINAGAR(No Change),OPEN (W),85515,3
2026,Round 2,1377,BSP MC & HOSP CH.SAMBHAJINAGAR,SC I.Q.,550682,1
2026,Round 2,1377,BSP MC & HOSP CH.SAMBHAJINAGAR(No Change),SC SC,165480,7
2026,Round 2,1377,BSP MC & HOSP CH.SAMBHAJINAGAR,SC SC (W),159619,2
2026,Round 2,1377,BSP MC & HOSP CH.SAMBHAJINAGAR(No Change),SC SC (W),162298,1
2026,Round 2,1377,BSP MC & HOSP CH.SAMBHAJINAGAR,SEBC EMSEBC (EMR),86195,2
2026,Round 2,1377,BSP MC & HOSP CH.SAMBHAJINAGAR(No Change),SEBC EMSEBC (EMR),88740,7
2026,Round 2,1377,BSP MC & HOSP CH.SAMBHAJINAGAR(No Change),SEBC EMSEBCW (EMR),88089,2
2026,Round 2,1377,BSP MC & HOSP CH.SAMBHAJINAGAR,SEBC I.Q.,468843,1
2026,Round 2,1377,BSP MC & HOSP CH.SAMBHAJINAGAR,SEBC OPEN,84657,2
2026,Round 2,1377,BSP MC & HOSP CH.SAMBHAJINAGAR(No Change),SEBC OPEN (EMD),85587,6
2026,Round 2,1377,BSP MC & HOSP CH.SAMBHAJINAGAR,SEBC OPEN (W),83754,2
2026,Round 2,1377,BSP MC & HOSP CH.SAMBHAJINAGAR(No Change),SEBC OPEN (W) (EMD),66013,1
2026,Round 2,1377,BSP MC & HOSP CH.SAMBHAJINAGAR(No Change),SEBC SEBC(W),88476,2
2026,Round 2,1377,BSP MC & HOSP CH.SAMBHAJINAGAR,SEBCHA OPEN,85891,1
2026,Round 2,1377,BSP MC & HOSP CH.SAMBHAJINAGAR(No Change),SOBC EMOBC (EMR),86489,1
2026,Round 2,1377,BSP MC & HOSP CH.SAMBHAJINAGAR(No Change),SOBC HA OPEN (W),82305,1
2026,Round 2,1377,BSP MC & HOSP CH.SAMBHAJINAGAR,SOBC OPEN,82898,1
2026,Round 2,1377,BSP MC & HOSP CH.SAMBHAJINAGAR(No Change),SOBC OPEN,85940,1
2026,Round 2,1377,BSP MC & HOSP CH.SAMBHAJINAGAR,ST ST,328117,1
2026,Round 2,1377,BSP MC & HOSP CH.SAMBHAJINAGAR(No Change),ST ST,346461,3
2026,Round 2,1377,BSP MC & HOSP CH.SAMBHAJINAGAR(No Change),ST ST (W),340841,1
2026,Round 2,1377,BSP MC & HOSP CH.SAMBHAJINAGAR(No Change),VJA VJA,101080,1
2026,Round 2,1377,BSP MC & HOSP CH.SAMBHAJINAGAR(No Change),VJA VJA (W),101266,1
2026,Round 2,2101,GDC MUMBAI(No Change),D2 DEF2,130609,1
2026,Round 2,2101,GDC MUMBAI,D3 DEF3,126400,1
2026,Round 2,2101,GDC MUMBAI(No Change),EWS EWS,104722,6
2026,Round 2,2101,GDC MUMBAI,EWS EWS,102149,1
2026,Round 2,2101,GDC MUMBAI(Ret.),EWS EWS(W),87244,1
2026,Round 2,2101,GDC MUMBAI,EWS EWS(W),102635,1
2026,Round 2,2101,GDC MUMBAI(No Change),EWS EWS(W),105761,1
2026,Round 2,2101,GDC MUMBAI(No Change),EWS OPEN,72364,1
2026,Round 2,2101,GDC MUMBAI(No Change),MKB MKB W,150380,1
2026,Round 2,2101,GDC MUMBAI(No Change),NTB NTB,142233,1
2026,Round 2,2101,GDC MUMBAI,NTB NTB,162814,1
2026,Round 2,2101,GDC MUMBAI,NTB NTB(W),165241,1
2026,Round 2,2101,GDC MUMBAI(No Change),NTC NTC,97312,1
2026,Round 2,2101,GDC MUMBAI,NTC NTC,106744,2
2026,Round 2,2101,GDC MUMBAI,NTC NTC(W),100653,1
2026,Round 2,2101,GDC MUMBAI,NTD NTD,90759,1
2026,Round 2,2101,GDC MUMBAI,NTD NTD(W),112874,1
2026,Round 2,2101,GDC MUMBAI(No Change),OBC D1 DEF1,126596,1
2026,Round 2,2101,GDC MUMBAI,OBC D1 DEF1 W,139730,1
2026,Round 2,2101,GDC MUMBAI(Ret.),OBC OBC,92456,2
2026,Round 2,2101,GDC MUMBAI(No Change),OBC OBC,105852,6
2026,Round 2,2101,GDC MUMBAI,OBC OBC,106065,4
2026,Round 2,2101,GDC MUMBAI,OBC OBC(W),95463,2
2026,Round 2,2101,GDC MUMBAI(Ret.),OBC OBC(W),94175,1
2026,Round 2,2101,GDC MUMBAI(No Change),OBC OBC(W),99729,3
2026,Round 2,2101,GDC MUMBAI(Ret.),OPEN,84971,3
2026,Round 2,2101,GDC MUMBAI(No Change),OPEN,79885,6
2026,Round 2,2101,GDC MUMBAI,OPEN,87347,6
2026,Round 2,2101,GDC MUMBAI,OPEN (W),75309,3
2026,Round 2,2101,GDC MUMBAI(Ret.),OPEN (W),70145,2
2026,Round 2,2101,GDC MUMBAI(No Change),OPEN (W),60556,2
2026,Round 2,2101,GDC MUMBAI(No Change),PWD PWD-OPEN PH,1070968,1
2026,Round 2,2101,GDC MUMBAI(No Change),SC SC,181577,2
2026,Round 2,2101,GDC MUMBAI,SC SC,213552,7
2026,Round 2,2101,GDC MUMBAI(Ret.),SC SC,188053,1
2026,Round 2,2101,GDC MUMBAI(No Change),SC SC (W),174033,2
2026,Round 2,2101,GDC MUMBAI,SC SC (W),179941,2
2026,Round 2,2101,GDC MUMBAI,SEBC SEBC,115125,3
2026,Round 2,2101,GDC MUMBAI(No Change),SEBC SEBC,102576,2
2026,Round 2,2101,GDC MUMBAI(No Change),SEBC SEBC(W),97508,3
2026,Round 2,2101,GDC MUMBAI(No Change),SEBCD1 DEF1,127555,1
2026,Round 2,2101,GDC MUMBAI(No Change),SEBCHA SEBC,103774,1
2026,Round 2,2101,GDC MUMBAI,SEBCHA SEBC,113001,1
2026,Round 2,2101,GDC MUMBAI,ST ST,382435,3
2026,Round 2,2101,GDC MUMBAI(No Change),ST ST,367071,1
2026,Round 2,2101,GDC MUMBAI,ST ST (W),407812,2
2026,Round 2,2101,GDC MUMBAI,VJA VJA,102039,1
2026,Round 2,2101,GDC MUMBAI(No Change),VJA VJA,122319,1
2026,Round 2,2101,GDC MUMBAI(No Change),VJA VJA (W),112309,1
2026,Round 2,2102,Nair DC MUMBAI(No Change),D2 DEF2,157516,1
2026,Round 2,2102,Nair DC MUMBAI(No Change),EWS D1 DEF1,136549,1
2026,Round 2,2102,Nair DC MUMBAI(Ret.),EWS EWS,91325,1
2026,Round 2,2102,Nair DC MUMBAI,EWS EWS,98116,2
2026,Round 2,2102,Nair DC MUMBAI(No Change),EWS EWS(W),90709,1
2026,Round 2,2102,Nair DC MUMBAI,EWS EWS(W),93176,1
2026,Round 2,2102,Nair DC MUMBAI,NTB NTB,171215,1
2026,Round 2,2102,Nair DC MUMBAI(No Change),NTB NTB(W),153218,1
2026,Round 2,2102,Nair DC MUMBAI,NTC NTC,109759,1
2026,Round 2,2102,Nair DC MUMBAI(No Change),NTC NTC(W),101606,1
2026,Round 2,2102,Nair DC MUMBAI(No Change),NTD NTD,90992,1
2026,Round 2,2102,Nair DC MUMBAI(No Change),OBC D1 DEF1 W,126936,1
2026,Round 2,2102,Nair DC MUMBAI(No Change),OBC EMOBCW (EMR),86140,1
2026,Round 2,2102,Nair DC MUMBAI(No Change),OBC OBC,99631,3
2026,Round 2,2102,Nair DC MUMBAI(Ret.),OBC OBC,107554,1
2026,Round 2,2102,Nair DC MUMBAI,OBC OBC,109386,3
2026,Round 2,2102,Nair DC MUMBAI(No Change),OBC OBC(W),98236,2
2026,Round 2,2102,Nair DC MUMBAI,OBC OBC(W),102986,1
2026,Round 2,2102,Nair DC MUMBAI(Ret.),OPEN,70406,2
2026,Round 2,2102,Nair DC MUMBAI(No Change),OPEN,67424,5
2026,Round 2,2102,Nair DC MUMBAI,OPEN,81117,3
2026,Round 2,2102,Nair DC MUMBAI(No Change),OPEN (W),53597,2
2026,Round 2,2102,Nair DC MUMBAI(Ret.),OPEN (W),58385,1
2026,Round 2,2102,Nair DC MUMBAI,OPEN (W),69761,1
2026,Round 2,2102,Nair DC MUMBAI,ORP-C ORPHANC OrphanC,739334,1
2026,Round 2,2102,Nair DC MUMBAI,SC D1 SC (W),206276,1
2026,Round 2,2102,Nair DC MUMBAI(No Change),SC SC,202881,2
2026,Round 2,2102,Nair DC MUMBAI,SC SC,208808,4
2026,Round 2,2102,Nair DC MUMBAI(No Change),SC SC (W),199333,2
2026,Round 2,2102,Nair DC MUMBAI(No Change),SEBC SEBC,104091,2
2026,Round 2,2102,Nair DC MUMBAI,SEBC SEBC,107241,2
2026,Round 2,2102,Nair DC MUMBAI(No Change),SEBC SEBC(W),95671,1
2026,Round 2,2102,Nair DC MUMBAI,SEBC SEBC(W),116036,1
2026,Round 2,2102,Nair DC MUMBAI(Ret.),SEBCHA SEBC,105068,1
2026,Round 2,2102,Nair DC MUMBAI(No Change),ST ST,383574,2
2026,Round 2,2102,Nair DC MUMBAI,ST ST,383913,1
2026,Round 2,2102,Nair DC MUMBAI,ST ST (W),416342,1
2026,Round 2,2102,Nair DC MUMBAI(No Change),VJA VJA,133413,1
2026,Round 2,2102,Nair DC MUMBAI(No Change),VJA VJA (W),124125,1
2026,Round 2,2104,V Patil DC SANGLI,D2 OPEN,181291,1
2026,Round 2,2104,V Patil DC SANGLI,D3 OPEN,235874,1
2026,Round 2,2104,V Patil DC SANGLI,EWS HA OPEN (W),142156,1
2026,Round 2,2104,V Patil DC SANGLI,EWS I.Q.,936065,2
2026,Round 2,2104,V Patil DC SANGLI(No Change),EWS OPEN,200299,2
2026,Round 2,2104,V Patil DC SANGLI(Ret.),HA OPEN,201120,1
2026,Round 2,2104,V Patil DC SANGLI(Ret.),I.Q.,852095,1
2026,Round 2,2104,V Patil DC SANGLI,NTC EMNTC (EMR),272786,1
2026,Round 2,2104,V Patil DC SANGLI,NTC OPEN,208511,1
2026,Round 2,2104,V Patil DC SANGLI,OBC EMOBC (EMR),306638,2
2026,Round 2,2104,V Patil DC SANGLI,OBC EMOBCW (EMR),262292,1
2026,Round 2,2104,V Patil DC SANGLI,OBC HA EMOBC (EMR),278788,1
2026,Round 2,2104,V Patil DC SANGLI(No Change),OBC OPEN,194993,1
2026,Round 2,2104,V Patil DC SANGLI,OBC OPEN (W),170254,1
2026,Round 2,2104,V Patil DC SANGLI(No Change),OBC OPEN (W),172942,1
2026,Round 2,2104,V Patil DC SANGLI,OPEN,201131,3
2026,Round 2,2104,V Patil DC SANGLI(Ret.),OPEN,204805,1
2026,Round 2,2104,V Patil DC SANGLI,OPEN (W),165009,3
2026,Round 2,2104,V Patil DC SANGLI,SC SC,292808,2
2026,Round 2,2104,V Patil DC SANGLI,SC SC (W),259960,1
2026,Round 2,2104,V Patil DC SANGLI,SEBC EMSEBC (EMR),236768,1
2026,Round 2,2104,V Patil DC SANGLI(Ret.),SEBC I.Q.,831842,2
2026,Round 2,2104,V Patil DC SANGLI,SEBC I.Q.,955857,1
2026,Round 2,2104,V Patil DC SANGLI,SEBC OPEN,230356,3
2026,Round 2,2104,V Patil DC SANGLI(Ret.),SEBC OPEN (EMD),205724,1
2026,Round 2,2104,V Patil DC SANGLI(No Change),SEBC SEBC,227067,1
2026,Round 2,2104,V Patil DC SANGLI(Ret.),SEBC SEBC(W),223566,1
2026,Round 2,2104,V Patil DC SANGLI,ST ST (W),490846,1
2026,Round 2,2104,V Patil DC SANGLI,VJA VJA,320049,1
2026,Round 2,2105,MGVM DC NASIK,EWS HA OPEN,246455,1
2026,Round 2,2105,MGVM DC NASIK(No Change),EWS OPEN,220611,1
2026,Round 2,2105,MGVM DC NASIK,EWS OPEN,245380,3
2026,Round 2,2105,MGVM DC NASIK(No Change),EWS OPEN (W),150216,1
2026,Round 2,2105,MGVM DC NASIK,I.Q.,968956,3
2026,Round 2,2105,MGVM DC NASIK(Ret.),I.Q.,905870,3
2026,Round 2,2105,MGVM DC NASIK,NTB NTB,331633,1
2026,Round 2,2105,MGVM DC NASIK(No Change),NTB NTB(W),313129,1
2026,Round 2,2105,MGVM DC NASIK,NTC D1 NTC,262822,1
2026,Round 2,2105,MGVM DC NASIK(No Change),NTC OPEN,209224,1
2026,Round 2,2105,MGVM DC NASIK,NTC OPEN,238843,1
2026,Round 2,2105,MGVM DC NASIK,NTD EMNTD (EMR),277843,1
2026,Round 2,2105,MGVM DC NASIK(Ret.),NTD I.Q.,490081,1
2026,Round 2,2105,MGVM DC NASIK,NTD OPEN (W),184647,2
2026,Round 2,2105,MGVM DC NASIK(Ret.),OBC EMOBC (EMR),238559,1
2026,Round 2,2105,MGVM DC NASIK(No Change),OBC EMOBC (EMR),239353,1
2026,Round 2,2105,MGVM DC NASIK,OBC EMOBC (EMR),279990,2
2026,Round 2,2105,MGVM DC NASIK,OBC EMOBCW (EMR),269847,3
2026,Round 2,2105,MGVM DC NASIK,OBC HA EMOBC (EMR),279855,1
2026,Round 2,2105,MGVM DC NASIK,OBC I.Q.,1172744,6
2026,Round 2,2105,MGVM DC NASIK(Ret.),OBC I.Q.,860580,2
2026,Round 2,2105,MGVM DC NASIK,OBC OPEN,244612,5
2026,Round 2,2105,MGVM DC NASIK(No Change),OBC OPEN,212518,2
2026,Round 2,2105,MGVM DC NASIK(No Change),OBC OPEN (EMD),209745,3
2026,Round 2,2105,MGVM DC NASIK(Ret.),OBC OPEN (EMD),206390,1
2026,Round 2,2105,MGVM DC NASIK,OBC OPEN (W),205345,4
2026,Round 2,2105,MGVM DC NASIK(No Change),OBC OPEN (W) (EMD),165238,2
2026,Round 2,2105,MGVM DC NASIK,OPEN,244009,11
2026,Round 2,2105,MGVM DC NASIK(No Change),OPEN,218673,4
2026,Round 2,2105,MGVM DC NASIK,OPEN (W),220976,5
2026,Round 2,2105,MGVM DC NASIK,SC D1 EMSC (EMR),295367,1
2026,Round 2,2105,MGVM DC NASIK(No Change),SC OPEN (EMD),195647,1
2026,Round 2,2105,MGVM DC NASIK,SC SC,316670,4
2026,Round 2,2105,MGVM DC NASIK(No Change),SC SC (W),293198,1
2026,Round 2,2105,MGVM DC NASIK,SC SC (W),310532,1
2026,Round 2,2105,MGVM DC NASIK,SEBC EMSEBC (EMR),332818,3
2026,Round 2,2105,MGVM DC NASIK(No Change),SEBC EMSEBCW (EMR),234010,1
2026,Round 2,2105,MGVM DC NASIK,SEBC EMSEBCW (EMR),325731,2
2026,Round 2,2105,MGVM DC NASIK(No Change),SEBC OPEN (EMD),130878,1
2026,Round 2,2105,MGVM DC NASIK,SEBC OPEN (W) (EMD),212099,1
2026,Round 2,2105,MGVM DC NASIK(No Change),SEBC SEBC,263036,1
2026,Round 2,2105,MGVM DC NASIK,SEBC SEBC,337771,2
2026,Round 2,2105,MGVM DC NASIK(No Change),SOBC EMOBC (EMR),229174,1
2026,Round 2,2105,MGVM DC NASIK,ST ST,580147,2
2026,Round 2,2105,MGVM DC NASIK(No Change),ST ST (W),510959,1
2026,Round 2,2105,MGVM DC NASIK,VJA EMVJA (EMR),292916,1
2026,Round 2,2105,MGVM DC NASIK,VJA OPEN,248327,1
2026,Round 2,2105,MGVM DC NASIK(No Change),VJA VJA (W),330356,1
2026,Round 2,2115,YMT DC NEW MUMBAI,EWS OPEN,186315,6
2026,Round 2,2115,YMT DC NEW MUMBAI(No Change),EWS OPEN,162349,3
2026,Round 2,2115,YMT DC NEW MUMBAI(No Change),EWS OPEN (W),146792,1
2026,Round 2,2115,YMT DC NEW MUMBAI,EWS OPEN (W),170692,2
2026,Round 2,2115,YMT DC NEW MUMBAI,I.Q.,945032,8
2026,Round 2,2115,YMT DC NEW MUMBAI(No Pref),I.Q.,786342,1
2026,Round 2,2115,YMT DC NEW MUMBAI(Ret.),I.Q.,801386,1
2026,Round 2,2115,YMT DC NEW MUMBAI(No Change),NTB NTB(W),294652,1
2026,Round 2,2115,YMT DC NEW MUMBAI(No Change),NTC EMNTC (EMR),192780,1
2026,Round 2,2115,YMT DC NEW MUMBAI(No Change),NTC NTC(W),171635,1
2026,Round 2,2115,YMT DC NEW MUMBAI(No Change),NTC OPEN (EMD),170398,1
2026,Round 2,2115,YMT DC NEW MUMBAI,NTD D2 EMNTD (EMR),203192,1
2026,Round 2,2115,YMT DC NEW MUMBAI,NTD HA OPEN,184396,1
2026,Round 2,2115,YMT DC NEW MUMBAI,NTD OPEN,127885,1
2026,Round 2,2115,YMT DC NEW MUMBAI(No Change),NTD OPEN (W),127920,1
2026,Round 2,2115,YMT DC NEW MUMBAI,OBC D2 OPEN,172650,1
2026,Round 2,2115,YMT DC NEW MUMBAI(No Change),OBC EMOBC (EMR),176083,3
2026,Round 2,2115,YMT DC NEW MUMBAI,OBC EMOBC (EMR),208994,3
2026,Round 2,2115,YMT DC NEW MUMBAI(No Change),OBC EMOBCW (EMR),174250,2
2026,Round 2,2115,YMT DC NEW MUMBAI(No Change),OBC I.Q.,785799,1
2026,Round 2,2115,YMT DC NEW MUMBAI,OBC OBC,213782,1
2026,Round 2,2115,YMT DC NEW MUMBAI(No Change),OBC OBC(W),175164,1
2026,Round 2,2115,YMT DC NEW MUMBAI,OBC OPEN,181750,3
2026,Round 2,2115,YMT DC NEW MUMBAI,OBC OPEN (EMD),146050,1
2026,Round 2,2115,YMT DC NEW MUMBAI(No Change),OBC OPEN (EMD),164850,1
2026,Round 2,2115,YMT DC NEW MUMBAI,OBC OPEN (W),166094,1
2026,Round 2,2115,YMT DC NEW MUMBAI,OPEN,187618,8
2026,Round 2,2115,YMT DC NEW MUMBAI(No Change),OPEN,164857,8
2026,Round 2,2115,YMT DC NEW MUMBAI,OPEN (W),172786,7
2026,Round 2,2115,YMT DC NEW MUMBAI(No Change),OPEN (W),142389,2
2026,Round 2,2115,YMT DC NEW MUMBAI(No Change),SC I.Q.,834508,1
2026,Round 2,2115,YMT DC NEW MUMBAI,SC I.Q.,925787,2
2026,Round 2,2115,YMT DC NEW MUMBAI(No Change),SC SC,245455,1
2026,Round 2,2115,YMT DC NEW MUMBAI,SC SC,286671,4
2026,Round 2,2115,YMT DC NEW MUMBAI(No Change),SC SC (W),246712,2
2026,Round 2,2115,YMT DC NEW MUMBAI(No Change),SEBC EMSEBC (EMR),213390,1
2026,Round 2,2115,YMT DC NEW MUMBAI,SEBC EMSEBC (EMR),229942,1
2026,Round 2,2115,YMT DC NEW MUMBAI,SEBC OPEN (W),139394,1
2026,Round 2,2115,YMT DC NEW MUMBAI(No Change),SEBC SEBC,218602,1
2026,Round 2,2115,YMT DC NEW MUMBAI,SEBC SEBC,254259,1
2026,Round 2,2115,YMT DC NEW MUMBAI(No Change),SEBC SEBC(W),193902,2
2026,Round 2,2115,YMT DC NEW MUMBAI,SEBC SEBC(W),235605,1
2026,Round 2,2115,YMT DC NEW MUMBAI(No Change),SEBCD1 SEBC,221748,1
2026,Round 2,2115,YMT DC NEW MUMBAI,SEBCHA SEBC,244711,1
2026,Round 2,2115,YMT DC NEW MUMBAI,SOBC I.Q.,963223,1
2026,Round 2,2115,YMT DC NEW MUMBAI,SOBC OPEN (EMD),156859,1
2026,Round 2,2115,YMT DC NEW MUMBAI(No Change),ST ST,548584,2
2026,Round 2,2115,YMT DC NEW MUMBAI,ST ST (W),461643,1
2026,Round 2,2115,YMT DC NEW MUMBAI(No Change),VJA EMVJA (EMR),203718,1
2026,Round 2,2115,YMT DC NEW MUMBAI,VJA OPEN,187670,1
2026,Round 2,2116,"D Y PATIL DC LOHGAON, PUNE",D2 OPEN,212213,1
2026,Round 2,2116,"D Y PATIL DC LOHGAON, PUNE",EWS OPEN,240568,3
2026,Round 2,2116,"D Y PATIL DC LOHGAON, PUNE(Ret.)",EWS OPEN,211830,1
2026,Round 2,2116,"D Y PATIL DC LOHGAON, PUNE",EWS OPEN (W),157619,3
2026,Round 2,2116,"D Y PATIL DC LOHGAON, PUNE",I.Q.,985037,6
2026,Round 2,2116,"D Y PATIL DC LOHGAON, PUNE",NTB EMNTB (EMR),266067,1
2026,Round 2,2116,"D Y PATIL DC LOHGAON, PUNE",NTB OPEN,239081,1
2026,Round 2,2116,"D Y PATIL DC LOHGAON, PUNE(No Change)",NTC D1 I.Q.,797780,1
2026,Round 2,2116,"D Y PATIL DC LOHGAON, PUNE",NTC EMNTC (EMR),247133,1
2026,Round 2,2116,"D Y PATIL DC LOHGAON, PUNE",NTC I.Q.,936108,1
2026,Round 2,2116,"D Y PATIL DC LOHGAON, PUNE",NTC NTC(W),265495,1
2026,Round 2,2116,"D Y PATIL DC LOHGAON, PUNE",NTC OPEN,239692,4
2026,Round 2,2116,"D Y PATIL DC LOHGAON, PUNE(No Change)",NTC OPEN,214447,1
2026,Round 2,2116,"D Y PATIL DC LOHGAON, PUNE(No Change)",NTD HA EMNTD (EMR),223245,1
2026,Round 2,2116,"D Y PATIL DC LOHGAON, PUNE(Ret.)",OBC EMOBC (EMR),228797,1
2026,Round 2,2116,"D Y PATIL DC LOHGAON, PUNE(No Change)",OBC EMOBC (EMR),231737,2
2026,Round 2,2116,"D Y PATIL DC LOHGAON, PUNE",OBC EMOBC (EMR),259760,3
2026,Round 2,2116,"D Y PATIL DC LOHGAON, PUNE(No Change)",OBC EMOBCW (EMR),227608,1
2026,Round 2,2116,"D Y PATIL DC LOHGAON, PUNE",OBC EMOBCW (EMR),243641,2
2026,Round 2,2116,"D Y PATIL DC LOHGAON, PUNE",OBC HA OPEN,232815,1
2026,Round 2,2116,"D Y PATIL DC LOHGAON, PUNE",OBC I.Q.,1077778,4
2026,Round 2,2116,"D Y PATIL DC LOHGAON, PUNE",OBC OBC,259843,1
2026,Round 2,2116,"D Y PATIL DC LOHGAON, PUNE",OBC OPEN,240684,5
2026,Round 2,2116,"D Y PATIL DC LOHGAON, PUNE(No Change)",OBC OPEN (EMD),200917,2
2026,Round 2,2116,"D Y PATIL DC LOHGAON, PUNE",OBC OPEN (W),181333,3
2026,Round 2,2116,"D Y PATIL DC LOHGAON, PUNE(Ret.)",OBC OPEN (W),167256,1
2026,Round 2,2116,"D Y PATIL DC LOHGAON, PUNE(No Change)",OBC OPEN (W) (EMD),164105,3
2026,Round 2,2116,"D Y PATIL DC LOHGAON, PUNE(No Change)",OPEN,216873,2
2026,Round 2,2116,"D Y PATIL DC LOHGAON, PUNE",OPEN,239120,11
2026,Round 2,2116,"D Y PATIL DC LOHGAON, PUNE",OPEN (W),196944,3
2026,Round 2,2116,"D Y PATIL DC LOHGAON, PUNE(No Change)",SC D1 SC (W),270138,1
2026,Round 2,2116,"D Y PATIL DC LOHGAON, PUNE(No Change)",SC EMSC (EMR),230359,1
2026,Round 2,2116,"D Y PATIL DC LOHGAON, PUNE",SC EMSC (EMR),287723,2
2026,Round 2,2116,"D Y PATIL DC LOHGAON, PUNE",SC I.Q.,806704,1
2026,Round 2,2116,"D Y PATIL DC LOHGAON, PUNE",SC OPEN (EMD),222620,1
2026,Round 2,2116,"D Y PATIL DC LOHGAON, PUNE",SC SC,291014,1
2026,Round 2,2116,"D Y PATIL DC LOHGAON, PUNE",SC SC (W),284605,1
2026,Round 2,2116,"D Y PATIL DC LOHGAON, PUNE",SEBC EMSEBC (EMR),259148,1
2026,Round 2,2116,"D Y PATIL DC LOHGAON, PUNE(No Change)",SEBC EMSEBCW (EMR),227732,1
2026,Round 2,2116,"D Y PATIL DC LOHGAON, PUNE",SEBC I.Q.,920559,1
2026,Round 2,2116,"D Y PATIL DC LOHGAON, PUNE",SEBC OPEN,136433,1
2026,Round 2,2116,"D Y PATIL DC LOHGAON, PUNE(No Change)",SEBC OPEN (W),182028,1
2026,Round 2,2116,"D Y PATIL DC LOHGAON, PUNE(Ret.)",SEBC OPEN (W) (EMD),179414,2
2026,Round 2,2116,"D Y PATIL DC LOHGAON, PUNE(Ret.)",SEBC SEBC,247592,1
2026,Round 2,2116,"D Y PATIL DC LOHGAON, PUNE(No Change)",SEBC SEBC,251438,1
2026,Round 2,2116,"D Y PATIL DC LOHGAON, PUNE",SEBC SEBC,262720,2
2026,Round 2,2116,"D Y PATIL DC LOHGAON, PUNE(No Change)",SEBCD1 EMSEBCW (EMR),222936,1
2026,Round 2,2116,"D Y PATIL DC LOHGAON, PUNE",SEBCD1 SEBC,282012,1
2026,Round 2,2116,"D Y PATIL DC LOHGAON, PUNE(No Change)",ST ST,438702,1
2026,Round 2,2116,"D Y PATIL DC LOHGAON, PUNE",ST ST,555629,2
2026,Round 2,2116,"D Y PATIL DC LOHGAON, PUNE",ST ST (W),541086,1
2026,Round 2,2116,"D Y PATIL DC LOHGAON, PUNE",VJA D2 I.Q.,993806,1
2026,Round 2,2116,"D Y PATIL DC LOHGAON, PUNE",VJA EMVJA (EMR),277787,1
2026,Round 2,2116,"D Y PATIL DC LOHGAON, PUNE",VJA OPEN,226658,1
2026,Round 2,2116,"D Y PATIL DC LOHGAON, PUNE(No Change)",VJA OPEN (EMD),155253,1
2026,Round 2,2117,SMBT DC SANGAMNER,D1 OPEN,308163,1
2026,Round 2,2117,SMBT DC SANGAMNER,D3 OPEN,324957,1
2026,Round 2,2117,SMBT DC SANGAMNER,EWS OPEN,323893,1
2026,Round 2,2117,SMBT DC SANGAMNER(No Change),EWS OPEN (W),233918,1
2026,Round 2,2117,SMBT DC SANGAMNER,EWS OPEN (W),292552,2
2026,Round 2,2117,SMBT DC SANGAMNER,HA OPEN,306484,1
2026,Round 2,2117,SMBT DC SANGAMNER,I.Q.,802408,1
2026,Round 2,2117,SMBT DC SANGAMNER(Ret.),I.Q.,972363,1
2026,Round 2,2117,SMBT DC SANGAMNER,NTB NTB(W),387564,1
2026,Round 2,2117,SMBT DC SANGAMNER,NTB OPEN,209832,1
2026,Round 2,2117,SMBT DC SANGAMNER,NTC EMNTC (EMR),335927,1
2026,Round 2,2117,SMBT DC SANGAMNER,NTC I.Q.,1138914,1
2026,Round 2,2117,SMBT DC SANGAMNER,NTC OPEN,297103,1
2026,Round 2,2117,SMBT DC SANGAMNER(No Change),NTC OPEN (EMD),280035,1
2026,Round 2,2117,SMBT DC SANGAMNER,NTD EMNTD (EMR),340507,1
2026,Round 2,2117,SMBT DC SANGAMNER(No Change),NTD OPEN,289922,3
2026,Round 2,2117,SMBT DC SANGAMNER,NTD OPEN,323850,3
2026,Round 2,2117,SMBT DC SANGAMNER,NTD OPEN (W),289358,1
2026,Round 2,2117,SMBT DC SANGAMNER(No Change),OBC D1 OPEN (W),257829,1
2026,Round 2,2117,SMBT DC SANGAMNER(Ret.),OBC D2 I.Q.,850662,1
2026,Round 2,2117,SMBT DC SANGAMNER(No Change),OBC EMOBC (EMR),310848,2
2026,Round 2,2117,SMBT DC SANGAMNER(Ret.),OBC EMOBC (EMR),312914,1
2026,Round 2,2117,SMBT DC SANGAMNER,OBC EMOBC (EMR),344117,2
2026,Round 2,2117,SMBT DC SANGAMNER,OBC EMOBCW (EMR),341391,2
2026,Round 2,2117,SMBT DC SANGAMNER(Ret.),OBC HA EMOBC (EMR),313891,1
2026,Round 2,2117,SMBT DC SANGAMNER,OBC HA EMOBC (EMR),347897,1
2026,Round 2,2117,SMBT DC SANGAMNER,OBC HA EMOBCW (EMR),336605,1
2026,Round 2,2117,SMBT DC SANGAMNER(Ret.),OBC I.Q.,1040391,2
2026,Round 2,2117,SMBT DC SANGAMNER,OBC I.Q.,1156156,5
2026,Round 2,2117,SMBT DC SANGAMNER(No Change),OBC OPEN,286864,1
2026,Round 2,2117,SMBT DC SANGAMNER,OBC OPEN,330566,6
2026,Round 2,2117,SMBT DC SANGAMNER(No Change),OBC OPEN (EMD),283103,2
2026,Round 2,2117,SMBT DC SANGAMNER,OBC OPEN (W),296604,3
2026,Round 2,2117,SMBT DC SANGAMNER(No Change),OBC OPEN (W) (EMD),234991,2
2026,Round 2,2117,SMBT DC SANGAMNER,OPEN,320607,7
2026,Round 2,2117,SMBT DC SANGAMNER(No Change),OPEN,282744,4
2026,Round 2,2117,SMBT DC SANGAMNER(No Change),OPEN (W),224639,1
2026,Round 2,2117,SMBT DC SANGAMNER,OPEN (W),298071,3
2026,Round 2,2117,SMBT DC SANGAMNER,SC EMSC (EMR),342209,3
2026,Round 2,2117,SMBT DC SANGAMNER,SC EMSCW (EMR),331452,1
2026,Round 2,2117,SMBT DC SANGAMNER,SC OPEN,328177,1
2026,Round 2,2117,SMBT DC SANGAMNER,SC OPEN (EMD),308585,1
2026,Round 2,2117,SMBT DC SANGAMNER,SC OPEN (W) (EMD),291145,1
2026,Round 2,2117,SMBT DC SANGAMNER(Ret.),SC SC,311030,1
2026,Round 2,2117,SMBT DC SANGAMNER(No Change),SC SC (W),307631,1
2026,Round 2,2117,SMBT DC SANGAMNER(No Change),SEBC EMSEBC (EMR),300294,1
2026,Round 2,2117,SMBT DC SANGAMNER(Ret.),SEBC I.Q.,1016253,1
2026,Round 2,2117,SMBT DC SANGAMNER,SEBC I.Q.,1124039,1
2026,Round 2,2117,SMBT DC SANGAMNER,SEBC OPEN (W),297903,1
2026,Round 2,2117,SMBT DC SANGAMNER,SEBC SEBC,367897,3
2026,Round 2,2117,SMBT DC SANGAMNER(Ret.),SEBC SEBC,343947,1
2026,Round 2,2117,SMBT DC SANGAMNER(No Change),SEBC SEBC,347808,1
2026,Round 2,2117,SMBT DC SANGAMNER(No Change),SEBC SEBC(W),323307,1
2026,Round 2,2117,SMBT DC SANGAMNER,SEBC SEBC(W),359285,1
2026,Round 2,2117,SMBT DC SANGAMNER,SOBC HA OPEN,326518,1
2026,Round 2,2117,SMBT DC SANGAMNER,SOBC I.Q.,1194890,1
2026,Round 2,2117,SMBT DC SANGAMNER,ST ST,681945,3
2026,Round 2,2117,SMBT DC SANGAMNER,ST ST (W),673734,1
2026,Round 2,2117,SMBT DC SANGAMNER,VJA EMVJA (EMR),385701,1
2026,Round 2,2117,SMBT DC SANGAMNER,VJA VJA (W),381904,1
2026,Round 2,2118,PDU DC SOLAPUR,EWS D1 OPEN (W),339767,1
2026,Round 2,2118,PDU DC SOLAPUR,EWS OPEN,359195,2
2026,Round 2,2118,PDU DC SOLAPUR(Ret.),EWS OPEN (W),272122,1
2026,Round 2,2118,PDU DC SOLAPUR,EWS OPEN (W),330184,1
2026,Round 2,2118,PDU DC SOLAPUR,I.Q.,380323,1
2026,Round 2,2118,PDU DC SOLAPUR(No Change),I.Q.,613861,1
2026,Round 2,2118,PDU DC SOLAPUR,NTB I.Q.,949239,1
2026,Round 2,2118,PDU DC SOLAPUR,NTB NTB,405606,1
2026,Round 2,2118,PDU DC SOLAPUR(No Change),NTB OPEN,274186,1
2026,Round 2,2118,PDU DC SOLAPUR,NTB OPEN,373373,1
2026,Round 2,2118,PDU DC SOLAPUR,NTC EMNTC (EMR),395292,1
2026,Round 2,2118,PDU DC SOLAPUR(No Change),NTC NTC(W),328622,1
2026,Round 2,2118,PDU DC SOLAPUR,NTC OPEN,373714,5
2026,Round 2,2118,PDU DC SOLAPUR(No Change),NTC OPEN (EMD),294953,1
2026,Round 2,2118,PDU DC SOLAPUR,NTD EMNTDW (EMR),376969,1
2026,Round 2,2118,PDU DC SOLAPUR,NTD OPEN,348278,2
2026,Round 2,2118,PDU DC SOLAPUR,OBC EMOBC (EMR),401730,7
2026,Round 2,2118,PDU DC SOLAPUR,OBC EMOBCW (EMR),382164,1
2026,Round 2,2118,PDU DC SOLAPUR(No Change),OBC I.Q.,940948,1
2026,Round 2,2118,PDU DC SOLAPUR,OBC OPEN,369658,6
2026,Round 2,2118,PDU DC SOLAPUR(No Change),OBC OPEN (EMD),296392,1
2026,Round 2,2118,PDU DC SOLAPUR,OBC OPEN (EMD),310487,1
2026,Round 2,2118,PDU DC SOLAPUR,OPEN,376725,5
2026,Round 2,2118,PDU DC SOLAPUR(No Change),OPEN,220456,1
2026,Round 2,2118,PDU DC SOLAPUR(Ret.),OPEN,302236,2
2026,Round 2,2118,PDU DC SOLAPUR,OPEN (W),348135,7
2026,Round 2,2118,PDU DC SOLAPUR(No Change),OPEN (W),194776,1
2026,Round 2,2118,PDU DC SOLAPUR(Ret.),OPEN (W),218342,1
2026,Round 2,2118,PDU DC SOLAPUR,SC EMSC (EMR),404743,3
2026,Round 2,2118,PDU DC SOLAPUR(Ret.),SC I.Q.,1065335,1
2026,Round 2,2118,PDU DC SOLAPUR,SC OPEN,372244,7
2026,Round 2,2118,PDU DC SOLAPUR,SC OPEN (W),344323,2
2026,Round 2,2118,PDU DC SOLAPUR(Ret.),SC SC,330548,1
2026,Round 2,2118,PDU DC SOLAPUR(No Change),SC SC (W),317671,1
2026,Round 2,2118,PDU DC SOLAPUR,SC SC (W),389988,1
2026,Round 2,2118,PDU DC SOLAPUR(No Change),SEBC EMSEBC (EMR),365420,2
2026,Round 2,2118,PDU DC SOLAPUR,SEBC EMSEBCW (EMR),422152,1
2026,Round 2,2118,PDU DC SOLAPUR(Ret.),SEBC I.Q.,649664,1
2026,Round 2,2118,PDU DC SOLAPUR,SEBC OPEN (W),91861,1
2026,Round 2,2118,PDU DC SOLAPUR(No Change),SEBC SEBC,389882,1
2026,Round 2,2118,PDU DC SOLAPUR,SEBC SEBC,425245,3
2026,Round 2,2118,PDU DC SOLAPUR(Ret.),SEBC SEBC(W),337870,1
2026,Round 2,2118,PDU DC SOLAPUR,SEBCD1HA EMSEBCW (EMR),382645,1
2026,Round 2,2118,PDU DC SOLAPUR(Ret.),SOBC EMOBCW (EMR),315772,1
2026,Round 2,2118,PDU DC SOLAPUR,SOBC OPEN,338471,1
2026,Round 2,2118,PDU DC SOLAPUR,ST ST,710228,3
2026,Round 2,2118,PDU DC SOLAPUR,ST ST (W),703083,1
2026,Round 2,2118,PDU DC SOLAPUR,VJA VJA,432023,1
2026,Round 2,2118,PDU DC SOLAPUR,VJA VJA (W),387707,1
2026,Round 2,2119,MAR DC PUNE(No Change),EWS OPEN (W) MINO,235320,3
2026,Round 2,2119,MAR DC PUNE,EWS OPEN (W) MINO,257683,3
2026,Round 2,2119,MAR DC PUNE(No Change),EWS OPEN MINO,308138,7
2026,Round 2,2119,MAR DC PUNE(Ret.),EWS OPEN MINO,294849,3
2026,Round 2,2119,MAR DC PUNE(No Pref),EWS OPEN MINO,314105,1
2026,Round 2,2119,MAR DC PUNE,EWS OPEN MINO,329476,4
2026,Round 2,2119,MAR DC PUNE,I.Q. MINO,969639,5
2026,Round 2,2119,MAR DC PUNE(No Pref),I.Q. MINO,989239,2
2026,Round 2,2119,MAR DC PUNE(Ret.),I.Q. MINO,925220,1
2026,Round 2,2119,MAR DC PUNE(No Change),I.Q. MINO,973507,1
2026,Round 2,2119,MAR DC PUNE(Ret.),OBC I.Q. MINO,1029374,1
2026,Round 2,2119,MAR DC PUNE(No Change),OBC OPEN (W) MINO,230665,2
2026,Round 2,2119,MAR DC PUNE,OBC OPEN (W) MINO,280539,1
2026,Round 2,2119,MAR DC PUNE(Ret.),OBC OPEN MINO,254379,1
2026,Round 2,2119,MAR DC PUNE,OBC OPEN MINO,324735,3
2026,Round 2,2119,MAR DC PUNE(No Change),OBC OPEN MINO,301703,3
2026,Round 2,2119,MAR DC PUNE(No Change),OPEN (W) MINO,224432,4
2026,Round 2,2119,MAR DC PUNE,OPEN (W) MINO,262419,7
2026,Round 2,2119,MAR DC PUNE(Ret.),OPEN (W) MINO,219542,5
2026,Round 2,2119,MAR DC PUNE(No Change),OPEN MINO,310860,13
2026,Round 2,2119,MAR DC PUNE(Ret.),OPEN MINO,314533,13
2026,Round 2,2119,MAR DC PUNE,OPEN MINO,325559,12
2026,Round 2,2120,KORE DC KOLHAPUR(No Change),EWS OPEN,238250,1
2026,Round 2,2120,KORE DC KOLHAPUR,EWS OPEN,279547,2
2026,Round 2,2120,KORE DC KOLHAPUR(No Change),EWS OPEN (W),156861,1
2026,Round 2,2120,KORE DC KOLHAPUR,EWS OPEN (W),180064,1
2026,Round 2,2120,KORE DC KOLHAPUR(Ret.),I.Q.,978731,2
2026,Round 2,2120,KORE DC KOLHAPUR,NTC EMNTC (EMR),339570,1
2026,Round 2,2120,KORE DC KOLHAPUR(Ret.),NTC I.Q.,916477,1
2026,Round 2,2120,KORE DC KOLHAPUR,NTC OPEN (W),222612,1
2026,Round 2,2120,KORE DC KOLHAPUR(No Change),NTC OPEN (W),234512,1
2026,Round 2,2120,KORE DC KOLHAPUR,NTD EMNTD (EMR),369321,1
2026,Round 2,2120,KORE DC KOLHAPUR(No Change),NTD OPEN (EMD),251101,1
2026,Round 2,2120,KORE DC KOLHAPUR,OBC D1 EMOBC (EMR),350494,1
2026,Round 2,2120,KORE DC KOLHAPUR,OBC D1 EMOBCW (EMR),319700,1
2026,Round 2,2120,KORE DC KOLHAPUR(Ret.),OBC EMOBC (EMR),304208,2
2026,Round 2,2120,KORE DC KOLHAPUR,OBC EMOBC (EMR),354409,1
2026,Round 2,2120,KORE DC KOLHAPUR,OBC EMOBCW (EMR),327244,1
2026,Round 2,2120,KORE DC KOLHAPUR(Ret.),OBC I.Q.,760154,1
2026,Round 2,2120,KORE DC KOLHAPUR,OBC I.Q.,966517,2
2026,Round 2,2120,KORE DC KOLHAPUR,OBC OPEN,265491,2
2026,Round 2,2120,KORE DC KOLHAPUR(No Change),OBC OPEN (EMD),172139,1
2026,Round 2,2120,KORE DC KOLHAPUR(Ret.),OBC OPEN (EMD),271803,1
2026,Round 2,2120,KORE DC KOLHAPUR,OPEN,306707,6
2026,Round 2,2120,KORE DC KOLHAPUR,OPEN (W),218327,2
2026,Round 2,2120,KORE DC KOLHAPUR(No Change),OPEN (W),225827,2
2026,Round 2,2120,KORE DC KOLHAPUR,SC EMSC (EMR),343881,2
2026,Round 2,2120,KORE DC KOLHAPUR,SC HA OPEN (EMD),293232,1
2026,Round 2,2120,KORE DC KOLHAPUR,SC OPEN,303017,2
2026,Round 2,2120,KORE DC KOLHAPUR,SC OPEN (EMD),311102,1
2026,Round 2,2120,KORE DC KOLHAPUR(No Change),SC SC,287828,1
2026,Round 2,2120,KORE DC KOLHAPUR(No Change),SC SC (W),287266,1
2026,Round 2,2120,KORE DC KOLHAPUR(No Change),SEBC EMSEBC (EMR),285582,1
2026,Round 2,2120,KORE DC KOLHAPUR,SEBC EMSEBC (EMR),344239,2
2026,Round 2,2120,KORE DC KOLHAPUR,SEBC EMSEBCW (EMR),321974,2
2026,Round 2,2120,KORE DC KOLHAPUR,SEBC I.Q.,1034780,2
2026,Round 2,2120,KORE DC KOLHAPUR(Ret.),SEBC I.Q.,858585,1
2026,Round 2,2120,KORE DC KOLHAPUR(Ret.),SEBC OPEN,266545,1
2026,Round 2,2120,KORE DC KOLHAPUR,SEBC OPEN,306075,1
2026,Round 2,2120,KORE DC KOLHAPUR,SEBC OPEN (W),158136,1
2026,Round 2,2120,KORE DC KOLHAPUR,SEBCD1 OPEN,284796,1
2026,Round 2,2120,KORE DC KOLHAPUR,SEBCHA OPEN,302479,1
2026,Round 2,2120,KORE DC KOLHAPUR,ST ST,472011,1
2026,Round 2,2120,KORE DC KOLHAPUR,ST ST (W),668289,1
2026,Round 2,2120,KORE DC KOLHAPUR,VJA VJA,339045,1
2026,Round 2,2121,ACPM DC DHULE,EWS I.Q.,534934,1
2026,Round 2,2121,ACPM DC DHULE,EWS OPEN,329654,5
2026,Round 2,2121,ACPM DC DHULE(No Change),EWS OPEN,257819,2
2026,Round 2,2121,ACPM DC DHULE(No Change),EWS OPEN (W),236699,2
2026,Round 2,2121,ACPM DC DHULE,I.Q.,760107,4
2026,Round 2,2121,ACPM DC DHULE(No Change),I.Q.,651661,1
2026,Round 2,2121,ACPM DC DHULE(Ret.),I.Q.,777943,1
2026,Round 2,2121,ACPM DC DHULE,NTB NTB,415533,1
2026,Round 2,2121,ACPM DC DHULE(No Change),NTB NTB(W),312879,1
2026,Round 2,2121,ACPM DC DHULE(No Change),NTC EMNTC (EMR),334653,1
2026,Round 2,2121,ACPM DC DHULE,NTC OPEN,218184,1
2026,Round 2,2121,ACPM DC DHULE,NTD EMNTD (EMR),386376,1
2026,Round 2,2121,ACPM DC DHULE,NTD I.Q.,1022720,1
2026,Round 2,2121,ACPM DC DHULE,OBC D2 OPEN,237918,1
2026,Round 2,2121,ACPM DC DHULE(Ret.),OBC EMOBC (EMR),291707,1
2026,Round 2,2121,ACPM DC DHULE(No Change),OBC EMOBC (EMR),321523,2
2026,Round 2,2121,ACPM DC DHULE,OBC EMOBC (EMR),352180,4
2026,Round 2,2121,ACPM DC DHULE(No Change),OBC EMOBCW (EMR),298625,1
2026,Round 2,2121,ACPM DC DHULE(Ret.),OBC EMOBCW (EMR),309173,1
2026,Round 2,2121,ACPM DC DHULE,OBC EMOBCW (EMR),350037,1
2026,Round 2,2121,ACPM DC DHULE,OBC I.Q.,1048558,4
2026,Round 2,2121,ACPM DC DHULE(Ret.),OBC I.Q.,967807,1
2026,Round 2,2121,ACPM DC DHULE,OBC OPEN,325663,5
2026,Round 2,2121,ACPM DC DHULE(No Pref),OBC OPEN,258840,1
2026,Round 2,2121,ACPM DC DHULE(No Change),OBC OPEN (EMD),224662,3
2026,Round 2,2121,ACPM DC DHULE,OBC OPEN (W),179703,2
2026,Round 2,2121,ACPM DC DHULE(No Change),OBC OPEN (W),233420,2
2026,Round 2,2121,ACPM DC DHULE(No Change),OBC OPEN (W) (EMD),168696,2
2026,Round 2,2121,ACPM DC DHULE(No Change),OPEN,245086,2
2026,Round 2,2121,ACPM DC DHULE,OPEN,322339,12
2026,Round 2,2121,ACPM DC DHULE(Ret.),OPEN,252584,1
2026,Round 2,2121,ACPM DC DHULE,OPEN (W),204168,5
2026,Round 2,2121,ACPM DC DHULE(No Change),OPEN (W),231107,1
2026,Round 2,2121,ACPM DC DHULE,SC EMSC (EMR),337829,1
2026,Round 2,2121,ACPM DC DHULE(No Change),SC I.Q.,810451,1
2026,Round 2,2121,ACPM DC DHULE,SC OPEN,329241,1
2026,Round 2,2121,ACPM DC DHULE,SC SC,357712,3
2026,Round 2,2121,ACPM DC DHULE(No Change),SC SC (W),308671,1
2026,Round 2,2121,ACPM DC DHULE,SC SC (W),338995,1
2026,Round 2,2121,ACPM DC DHULE,SEBC EMSEBC (EMR),388358,1
2026,Round 2,2121,ACPM DC DHULE,SEBC EMSEBCW (EMR),407765,1
2026,Round 2,2121,ACPM DC DHULE,SEBC OPEN (W) (EMD),115338,1
2026,Round 2,2121,ACPM DC DHULE(No Change),SEBC SEBC,405120,2
2026,Round 2,2121,ACPM DC DHULE,SEBC SEBC,410648,1
2026,Round 2,2121,ACPM DC DHULE(No Change),SEBCD1 SEBC,410783,1
2026,Round 2,2121,ACPM DC DHULE(No Change),SEBCD1 SEBC(W),349906,1
2026,Round 2,2121,ACPM DC DHULE(Ret.),SEBCHA SEBC,408457,1
2026,Round 2,2121,ACPM DC DHULE,ST I.Q.,864095,1
2026,Round 2,2121,ACPM DC DHULE,ST ST,639788,2
2026,Round 2,2121,ACPM DC DHULE(No Change),ST ST,658639,1
2026,Round 2,2121,ACPM DC DHULE,ST ST (W),693199,1
2026,Round 2,2121,ACPM DC DHULE,VJA OPEN,319340,2
2026,Round 2,2121,ACPM DC DHULE(No Change),VJA OPEN (W),187696,1
2026,Round 2,2121,ACPM DC DHULE(No Change),VJA VJA,314741,1
2026,Round 2,2122,TERNA DC NEW MUMBAI,D2 OPEN (W),157529,1
2026,Round 2,2122,TERNA DC NEW MUMBAI,EWS OPEN,181996,5
2026,Round 2,2122,TERNA DC NEW MUMBAI(No Change),EWS OPEN,171388,3
2026,Round 2,2122,TERNA DC NEW MUMBAI(Ret.),EWS OPEN,174695,1
2026,Round 2,2122,TERNA DC NEW MUMBAI(No Change),EWS OPEN (W),143599,1
2026,Round 2,2122,TERNA DC NEW MUMBAI,EWS OPEN (W),159905,2
2026,Round 2,2122,TERNA DC NEW MUMBAI,I.Q.,995006,4
2026,Round 2,2122,TERNA DC NEW MUMBAI(No Change),I.Q.,824596,1
2026,Round 2,2122,TERNA DC NEW MUMBAI,NTB NTB,280008,1
2026,Round 2,2122,TERNA DC NEW MUMBAI,NTB OPEN,181613,1
2026,Round 2,2122,TERNA DC NEW MUMBAI,NTC NTC,204130,1
2026,Round 2,2122,TERNA DC NEW MUMBAI,NTC NTC(W),237556,1
2026,Round 2,2122,TERNA DC NEW MUMBAI,NTD EMNTDW (EMR),269192,1
2026,Round 2,2122,TERNA DC NEW MUMBAI(Ret.),NTD HA OPEN,176362,1
2026,Round 2,2122,TERNA DC NEW MUMBAI(No Change),OBC EMOBC (EMR),192695,2
2026,Round 2,2122,TERNA DC NEW MUMBAI,OBC EMOBC (EMR),221875,4
2026,Round 2,2122,TERNA DC NEW MUMBAI(No Change),OBC EMOBCW (EMR),178414,1
2026,Round 2,2122,TERNA DC NEW MUMBAI,OBC EMOBCW (EMR),210772,1
2026,Round 2,2122,TERNA DC NEW MUMBAI,OBC HA EMOBC (EMR),195728,1
2026,Round 2,2122,TERNA DC NEW MUMBAI,OBC HA I.Q.,1135127,1
2026,Round 2,2122,TERNA DC NEW MUMBAI,OBC I.Q.,1171731,2
2026,Round 2,2122,TERNA DC NEW MUMBAI(No Change),OBC OBC(W),189866,1
2026,Round 2,2122,TERNA DC NEW MUMBAI,OBC OPEN,178006,2
2026,Round 2,2122,TERNA DC NEW MUMBAI,OBC OPEN (EMD),162542,1
2026,Round 2,2122,TERNA DC NEW MUMBAI(No Change),OBC OPEN (EMD),174619,3
2026,Round 2,2122,TERNA DC NEW MUMBAI,OBC OPEN (W),115425,1
2026,Round 2,2122,TERNA DC NEW MUMBAI(No Change),OPEN,177952,5
2026,Round 2,2122,TERNA DC NEW MUMBAI,OPEN,186405,10
2026,Round 2,2122,TERNA DC NEW MUMBAI(Ret.),OPEN,171825,2
2026,Round 2,2122,TERNA DC NEW MUMBAI,OPEN (W),163280,6
2026,Round 2,2122,TERNA DC NEW MUMBAI(No Change),OPEN (W),151699,4
2026,Round 2,2122,TERNA DC NEW MUMBAI(Ret.),OPEN (W),154345,1
2026,Round 2,2122,TERNA DC NEW MUMBAI,SC I.Q.,1155155,6
2026,Round 2,2122,TERNA DC NEW MUMBAI(No Change),SC SC,269658,2
2026,Round 2,2122,TERNA DC NEW MUMBAI,SC SC,279234,3
2026,Round 2,2122,TERNA DC NEW MUMBAI(No Change),SC SC (W),219552,1
2026,Round 2,2122,TERNA DC NEW MUMBAI,SC SC (W),266293,1
2026,Round 2,2122,TERNA DC NEW MUMBAI(No Change),SEBC EMSEBC (EMR),217358,2
2026,Round 2,2122,TERNA DC NEW MUMBAI,SEBC EMSEBC (EMR),240897,3
2026,Round 2,2122,TERNA DC NEW MUMBAI(No Change),SEBC SEBC,226957,1
2026,Round 2,2122,TERNA DC NEW MUMBAI(No Change),SEBC SEBC(W),195054,2
2026,Round 2,2122,TERNA DC NEW MUMBAI,SEBCD1 OPEN (EMD),180257,1
2026,Round 2,2122,TERNA DC NEW MUMBAI(No Change),ST ST,447019,1
2026,Round 2,2122,TERNA DC NEW MUMBAI,ST ST,586742,1
2026,Round 2,2122,TERNA DC NEW MUMBAI,ST ST (W),671319,1
2026,Round 2,2122,TERNA DC NEW MUMBAI,VJA OPEN,169827,1
2026,Round 2,2122,TERNA DC NEW MUMBAI(No Change),VJA VJA,188148,1
2026,Round 2,2123,MGM DC NEW MUMBAI(No Change),EWS OPEN,135715,3
2026,Round 2,2123,MGM DC NEW MUMBAI,I.Q.,763067,10
2026,Round 2,2123,MGM DC NEW MUMBAI(No Change),I.Q.,600810,2
2026,Round 2,2123,MGM DC NEW MUMBAI(Ret.),I.Q.,644501,2
2026,Round 2,2123,MGM DC NEW MUMBAI,NTB NTB,246376,1
2026,Round 2,2123,MGM DC NEW MUMBAI,NTC EMNTC (EMR),155359,1
2026,Round 2,2123,MGM DC NEW MUMBAI(No Change),NTC NTC(W),155093,1
2026,Round 2,2123,MGM DC NEW MUMBAI(No Change),NTC OPEN (EMD),134101,1
2026,Round 2,2123,MGM DC NEW MUMBAI,NTC OPEN (W),125645,1
2026,Round 2,2123,MGM DC NEW MUMBAI,NTD NTD,180794,1
2026,Round 2,2123,MGM DC NEW MUMBAI,OBC EMOBC (EMR),161491,4
2026,Round 2,2123,MGM DC NEW MUMBAI(No Change),OBC EMOBC (EMR),154792,3
2026,Round 2,2123,MGM DC NEW MUMBAI,OBC EMOBCW (EMR),148971,1
2026,Round 2,2123,MGM DC NEW MUMBAI(No Change),OBC HA EMOBCW (EMR),145729,1
2026,Round 2,2123,MGM DC NEW MUMBAI(Ret.),OBC HA OPEN (EMD),129622,2
2026,Round 2,2123,MGM DC NEW MUMBAI(No Change),OBC HA OPEN (EMD),130838,1
2026,Round 2,2123,MGM DC NEW MUMBAI,OBC I.Q.,689467,1
2026,Round 2,2123,MGM DC NEW MUMBAI,OBC OPEN,135586,3
2026,Round 2,2123,MGM DC NEW MUMBAI(No Change),OBC OPEN,138769,2
2026,Round 2,2123,MGM DC NEW MUMBAI(No Change),OBC OPEN (EMD),133233,2
2026,Round 2,2123,MGM DC NEW MUMBAI,OBC OPEN (W),128992,2
2026,Round 2,2123,MGM DC NEW MUMBAI(No Change),OBC OPEN (W) (EMD),121905,1
2026,Round 2,2123,MGM DC NEW MUMBAI(No Change),OPEN,139420,9
2026,Round 2,2123,MGM DC NEW MUMBAI(Ret.),OPEN,136959,3
2026,Round 2,2123,MGM DC NEW MUMBAI,OPEN,141098,6
2026,Round 2,2123,MGM DC NEW MUMBAI(No Change),OPEN (W),122052,7
2026,Round 2,2123,MGM DC NEW MUMBAI,OPEN (W),130275,5
2026,Round 2,2123,MGM DC NEW MUMBAI(No Change),SC HA SC (W),232276,1
2026,Round 2,2123,MGM DC NEW MUMBAI(No Change),SC SC,233564,2
2026,Round 2,2123,MGM DC NEW MUMBAI,SC SC,239800,2
2026,Round 2,2123,MGM DC NEW MUMBAI,SC SC (W),246227,1
2026,Round 2,2123,MGM DC NEW MUMBAI(No Change),SEBC EMSEBC (EMR),153519,1
2026,Round 2,2123,MGM DC NEW MUMBAI,SEBC EMSEBC (EMR),162016,4
2026,Round 2,2123,MGM DC NEW MUMBAI(No Change),SEBC EMSEBCW (EMR),141909,1
2026,Round 2,2123,MGM DC NEW MUMBAI(No Change),SEBC OPEN (EMD),134028,2
2026,Round 2,2123,MGM DC NEW MUMBAI,SEBC OPEN (EMD),136554,1
2026,Round 2,2123,MGM DC NEW MUMBAI(No Change),SEBC SEBC,160893,1
2026,Round 2,2123,MGM DC NEW MUMBAI,SEBC SEBC(W),151779,1
2026,Round 2,2123,MGM DC NEW MUMBAI(No Change),SOBC EMOBCW (EMR),142878,1
2026,Round 2,2123,MGM DC NEW MUMBAI(No Change),SOBC OPEN,136512,1
2026,Round 2,2123,MGM DC NEW MUMBAI,ST ST,447457,2
2026,Round 2,2123,MGM DC NEW MUMBAI(No Change),ST ST,464403,1
2026,Round 2,2123,MGM DC NEW MUMBAI(No Change),ST ST (W),455172,1
2026,Round 2,2123,MGM DC NEW MUMBAI,VJA VJA,220513,1
2026,Round 2,2127,"YOGITA DC KHED, RATNAGIRI(No Change)",EWS OPEN,336824,3
2026,Round 2,2127,"YOGITA DC KHED, RATNAGIRI",EWS OPEN,368538,1
2026,Round 2,2127,"YOGITA DC KHED, RATNAGIRI",EWS OPEN (W),358310,2
2026,Round 2,2127,"YOGITA DC KHED, RATNAGIRI",I.Q.,979387,6
2026,Round 2,2127,"YOGITA DC KHED, RATNAGIRI(Ret.)",I.Q.,857880,1
2026,Round 2,2127,"YOGITA DC KHED, RATNAGIRI",NTB NTB,417015,1
2026,Round 2,2127,"YOGITA DC KHED, RATNAGIRI",NTC EMNTC (EMR),413341,1
2026,Round 2,2127,"YOGITA DC KHED, RATNAGIRI(No Change)",NTC NTC(W),345120,1
2026,Round 2,2127,"YOGITA DC KHED, RATNAGIRI(No Change)",NTC OPEN (EMD),245378,1
2026,Round 2,2127,"YOGITA DC KHED, RATNAGIRI",NTD EMNTD (EMR),422291,1
2026,Round 2,2127,"YOGITA DC KHED, RATNAGIRI",NTD OPEN (W),350065,1
2026,Round 2,2127,"YOGITA DC KHED, RATNAGIRI",OBC D2 OPEN (W),239446,1
2026,Round 2,2127,"YOGITA DC KHED, RATNAGIRI",OBC EMOBC (EMR),418676,5
2026,Round 2,2127,"YOGITA DC KHED, RATNAGIRI(No Change)",OBC EMOBCW (EMR),354165,2
2026,Round 2,2127,"YOGITA DC KHED, RATNAGIRI",OBC EMOBCW (EMR),406881,1
2026,Round 2,2127,"YOGITA DC KHED, RATNAGIRI",OBC HA OBC,421886,1
2026,Round 2,2127,"YOGITA DC KHED, RATNAGIRI",OBC HA OPEN,401262,4
2026,Round 2,2127,"YOGITA DC KHED, RATNAGIRI",OBC I.Q.,1058663,3
2026,Round 2,2127,"YOGITA DC KHED, RATNAGIRI(Ret.)",OBC I.Q.,1138009,1
2026,Round 2,2127,"YOGITA DC KHED, RATNAGIRI",OBC OPEN,404683,6
2026,Round 2,2127,"YOGITA DC KHED, RATNAGIRI(No Change)",OBC OPEN (EMD),320210,1
2026,Round 2,2127,"YOGITA DC KHED, RATNAGIRI",OBC OPEN (EMD),397636,1
2026,Round 2,2127,"YOGITA DC KHED, RATNAGIRI(No Change)",OBC OPEN (W) (EMD),293040,1
2026,Round 2,2127,"YOGITA DC KHED, RATNAGIRI",OPEN,403802,10
2026,Round 2,2127,"YOGITA DC KHED, RATNAGIRI(Ret.)",OPEN,335280,1
2026,Round 2,2127,"YOGITA DC KHED, RATNAGIRI(No Change)",OPEN,336629,2
2026,Round 2,2127,"YOGITA DC KHED, RATNAGIRI",OPEN (W),360661,6
2026,Round 2,2127,"YOGITA DC KHED, RATNAGIRI",SC D1 EMSC (EMR),411685,1
2026,Round 2,2127,"YOGITA DC KHED, RATNAGIRI(No Change)",SC EMSC (EMR),345306,1
2026,Round 2,2127,"YOGITA DC KHED, RATNAGIRI(Ret.)",SC EMSC (EMR),361366,1
2026,Round 2,2127,"YOGITA DC KHED, RATNAGIRI",SC EMSC (EMR),412351,2
2026,Round 2,2127,"YOGITA DC KHED, RATNAGIRI(No Change)",SC EMSCW (EMR),348042,1
2026,Round 2,2127,"YOGITA DC KHED, RATNAGIRI",SC EMSCW (EMR),406617,1
2026,Round 2,2127,"YOGITA DC KHED, RATNAGIRI(No Change)",SC I.Q.,1096527,1
2026,Round 2,2127,"YOGITA DC KHED, RATNAGIRI",SC OPEN,384664,4
2026,Round 2,2127,"YOGITA DC KHED, RATNAGIRI",SC OPEN (W),361358,2
2026,Round 2,2127,"YOGITA DC KHED, RATNAGIRI",SC OPEN (W) (EMD),342361,1
2026,Round 2,2127,"YOGITA DC KHED, RATNAGIRI(No Change)",SEBC EMSEBC (EMR),369818,1
2026,Round 2,2127,"YOGITA DC KHED, RATNAGIRI",SEBC EMSEBC (EMR),422198,1
2026,Round 2,2127,"YOGITA DC KHED, RATNAGIRI",SEBC EMSEBCW (EMR),410282,1
2026,Round 2,2127,"YOGITA DC KHED, RATNAGIRI",SEBC OPEN,385834,2
2026,Round 2,2127,"YOGITA DC KHED, RATNAGIRI",SEBC OPEN (W) (EMD),347812,1
2026,Round 2,2127,"YOGITA DC KHED, RATNAGIRI(No Change)",SEBC SEBC,411976,2
2026,Round 2,2127,"YOGITA DC KHED, RATNAGIRI",SEBC SEBC,429060,2
2026,Round 2,2127,"YOGITA DC KHED, RATNAGIRI(No Change)",SEBC SEBC(W),346431,1
2026,Round 2,2127,"YOGITA DC KHED, RATNAGIRI",SEBC SEBC(W),421054,1
2026,Round 2,2127,"YOGITA DC KHED, RATNAGIRI",ST ST,712693,2
2026,Round 2,2127,"YOGITA DC KHED, RATNAGIRI",ST ST (W),630709,1
2026,Round 2,2127,"YOGITA DC KHED, RATNAGIRI",VJA EMVJA (EMR),441905,1
2026,Round 2,2127,"YOGITA DC KHED, RATNAGIRI",VJA HA VJA (W),491863,1
2026,Round 2,2134,YCM DC AHILYANAGAR(A'NAGAR),D3 OPEN (W),278652,1
2026,Round 2,2134,YCM DC AHILYANAGAR(A'NAGAR),EWS D1 OPEN,361902,1
2026,Round 2,2134,YCM DC AHILYANAGAR(A'NAGAR),EWS HA OPEN,341083,1
2026,Round 2,2134,YCM DC AHILYANAGAR(A'NAGAR),EWS OPEN,373172,3
2026,Round 2,2134,YCM DC AHILYANAGAR(A'NAGAR)(No Change),EWS OPEN (W),303892,1
2026,Round 2,2134,YCM DC AHILYANAGAR(A'NAGAR),EWS OPEN (W),335166,1
2026,Round 2,2134,YCM DC AHILYANAGAR(A'NAGAR)(No Change),HA OPEN,316578,1
2026,Round 2,2134,YCM DC AHILYANAGAR(A'NAGAR),HA OPEN,348094,1
2026,Round 2,2134,YCM DC AHILYANAGAR(A'NAGAR)(Ret.),I.Q.,921225,1
2026,Round 2,2134,YCM DC AHILYANAGAR(A'NAGAR)(No Change),NTB NTB,346284,1
2026,Round 2,2134,YCM DC AHILYANAGAR(A'NAGAR),NTC D1 NTC,387066,1
2026,Round 2,2134,YCM DC AHILYANAGAR(A'NAGAR)(No Change),NTC EMNTC (EMR),350505,1
2026,Round 2,2134,YCM DC AHILYANAGAR(A'NAGAR),NTC OPEN,351512,1
2026,Round 2,2134,YCM DC AHILYANAGAR(A'NAGAR),NTC OPEN (W),261161,1
2026,Round 2,2134,YCM DC AHILYANAGAR(A'NAGAR)(No Change),NTD EMNTDW (EMR),344985,1
2026,Round 2,2134,YCM DC AHILYANAGAR(A'NAGAR),NTD OPEN,366456,1
2026,Round 2,2134,YCM DC AHILYANAGAR(A'NAGAR),NTD OPEN (W),249439,1
2026,Round 2,2134,YCM DC AHILYANAGAR(A'NAGAR),OBC D1 EMOBC (EMR),389862,1
2026,Round 2,2134,YCM DC AHILYANAGAR(A'NAGAR),OBC D1 EMOBCW (EMR),380125,1
2026,Round 2,2134,YCM DC AHILYANAGAR(A'NAGAR),OBC D1 OPEN,362617,1
2026,Round 2,2134,YCM DC AHILYANAGAR(A'NAGAR)(No Change),OBC EMOBC (EMR),360887,2
2026,Round 2,2134,YCM DC AHILYANAGAR(A'NAGAR),OBC EMOBC (EMR),391975,3
2026,Round 2,2134,YCM DC AHILYANAGAR(A'NAGAR),OBC EMOBCW (EMR),377898,1
2026,Round 2,2134,YCM DC AHILYANAGAR(A'NAGAR)(Ret.),OBC I.Q.,1042636,1
2026,Round 2,2134,YCM DC AHILYANAGAR(A'NAGAR),OBC I.Q.,1182748,2
2026,Round 2,2134,YCM DC AHILYANAGAR(A'NAGAR),OBC OPEN,377655,10
2026,Round 2,2134,YCM DC AHILYANAGAR(A'NAGAR)(No Change),OBC OPEN (W),291003,1
2026,Round 2,2134,YCM DC AHILYANAGAR(A'NAGAR),OBC OPEN (W),321200,2
2026,Round 2,2134,YCM DC AHILYANAGAR(A'NAGAR)(No Change),OPEN,330763,1
2026,Round 2,2134,YCM DC AHILYANAGAR(A'NAGAR),OPEN,369980,7
2026,Round 2,2134,YCM DC AHILYANAGAR(A'NAGAR)(No Change),OPEN (W),304939,4
2026,Round 2,2134,YCM DC AHILYANAGAR(A'NAGAR),OPEN (W),262382,1
2026,Round 2,2134,YCM DC AHILYANAGAR(A'NAGAR),SC D1 EMSC (EMR),386686,2
2026,Round 2,2134,YCM DC AHILYANAGAR(A'NAGAR),SC EMSC (EMR),391487,2
2026,Round 2,2134,YCM DC AHILYANAGAR(A'NAGAR),SC EMSCW (EMR),382921,1
2026,Round 2,2134,YCM DC AHILYANAGAR(A'NAGAR),SC OPEN,376463,8
2026,Round 2,2134,YCM DC AHILYANAGAR(A'NAGAR),SC OPEN (W),327166,2
2026,Round 2,2134,YCM DC AHILYANAGAR(A'NAGAR),SC OPEN (W) (EMD),307741,1
2026,Round 2,2134,YCM DC AHILYANAGAR(A'NAGAR)(No Change),SC SC (W),353626,1
2026,Round 2,2134,YCM DC AHILYANAGAR(A'NAGAR),SEBC EMSEBCW (EMR),379574,1
2026,Round 2,2134,YCM DC AHILYANAGAR(A'NAGAR)(No Change),SEBC SEBC,374223,1
2026,Round 2,2134,YCM DC AHILYANAGAR(A'NAGAR)(No Pref),SEBC SEBC,394792,1
2026,Round 2,2134,YCM DC AHILYANAGAR(A'NAGAR),SEBC SEBC,418948,3
2026,Round 2,2134,YCM DC AHILYANAGAR(A'NAGAR),SEBC SEBC(W),416592,1
2026,Round 2,2134,YCM DC AHILYANAGAR(A'NAGAR)(No Change),SEBCHA SEBC,405875,1
2026,Round 2,2134,YCM DC AHILYANAGAR(A'NAGAR),SOBC EMOBC (EMR),384564,1
2026,Round 2,2134,YCM DC AHILYANAGAR(A'NAGAR),ST ST,706820,3
2026,Round 2,2134,YCM DC AHILYANAGAR(A'NAGAR)(No Change),ST ST (W),665321,1
2026,Round 2,2134,YCM DC AHILYANAGAR(A'NAGAR),VJA EMVJA (EMR),465802,1
2026,Round 2,2134,YCM DC AHILYANAGAR(A'NAGAR),VJA VJA (W),441219,1
2026,Round 2,2135,SMBT DC NASIK(No Change),EWS OPEN,244962,2
2026,Round 2,2135,SMBT DC NASIK,EWS OPEN,283884,6
2026,Round 2,2135,SMBT DC NASIK,EWS OPEN (W),195574,1
2026,Round 2,2135,SMBT DC NASIK(No Change),I.Q.,691885,1
2026,Round 2,2135,SMBT DC NASIK(Ret.),I.Q.,920738,2
2026,Round 2,2135,SMBT DC NASIK,NTB EMNTB (EMR),368027,1
2026,Round 2,2135,SMBT DC NASIK(No Change),NTB NTB(W),347387,1
2026,Round 2,2135,SMBT DC NASIK,NTC EMNTC (EMR),306533,1
2026,Round 2,2135,SMBT DC NASIK,NTC HA OPEN,280153,1
2026,Round 2,2135,SMBT DC NASIK(Ret.),NTC I.Q.,862597,1
2026,Round 2,2135,SMBT DC NASIK,NTC I.Q.,1086512,1
2026,Round 2,2135,SMBT DC NASIK,NTC OPEN,285055,2
2026,Round 2,2135,SMBT DC NASIK,NTD HA OPEN (W),191688,1
2026,Round 2,2135,SMBT DC NASIK,NTD NTD,392843,1
2026,Round 2,2135,SMBT DC NASIK(No Change),OBC EMOBC (EMR),271775,2
2026,Round 2,2135,SMBT DC NASIK,OBC EMOBC (EMR),310090,4
2026,Round 2,2135,SMBT DC NASIK,OBC EMOBCW (EMR),293463,3
2026,Round 2,2135,SMBT DC NASIK,OBC HA OPEN (W),234736,1
2026,Round 2,2135,SMBT DC NASIK,OBC I.Q.,1078936,6
2026,Round 2,2135,SMBT DC NASIK(Ret.),OBC I.Q.,766151,2
2026,Round 2,2135,SMBT DC NASIK,OBC OPEN,280143,4
2026,Round 2,2135,SMBT DC NASIK(No Change),OBC OPEN (EMD),220159,2
2026,Round 2,2135,SMBT DC NASIK,OBC OPEN (W),223530,5
2026,Round 2,2135,SMBT DC NASIK(Ret.),OBC OPEN (W) (EMD),188281,1
2026,Round 2,2135,SMBT DC NASIK(No Change),OBC OPEN (W) (EMD),200359,1
2026,Round 2,2135,SMBT DC NASIK(No Change),OPEN,244562,2
2026,Round 2,2135,SMBT DC NASIK,OPEN,285746,16
2026,Round 2,2135,SMBT DC NASIK(No Change),OPEN (W),197003,1
2026,Round 2,2135,SMBT DC NASIK,OPEN (W),242023,3
2026,Round 2,2135,SMBT DC NASIK,SC EMSC (EMR),295845,1
2026,Round 2,2135,SMBT DC NASIK(No Change),SC HA SC,289660,1
2026,Round 2,2135,SMBT DC NASIK,SC I.Q.,679944,1
2026,Round 2,2135,SMBT DC NASIK(No Change),SC SC,305640,2
2026,Round 2,2135,SMBT DC NASIK,SC SC,321072,1
2026,Round 2,2135,SMBT DC NASIK,SC SC (W),318644,2
2026,Round 2,2135,SMBT DC NASIK,SEBC EMSEBC (EMR),322181,1
2026,Round 2,2135,SMBT DC NASIK,SEBC EMSEBCW (EMR),335246,2
2026,Round 2,2135,SMBT DC NASIK(No Change),SEBC OPEN (EMD),229090,1
2026,Round 2,2135,SMBT DC NASIK,SEBC OPEN (W),136191,1
2026,Round 2,2135,SMBT DC NASIK(No Change),SEBC SEBC,296000,1
2026,Round 2,2135,SMBT DC NASIK,SEBC SEBC,371646,3
2026,Round 2,2135,SMBT DC NASIK,SEBC SEBC(W),339342,1
2026,Round 2,2135,SMBT DC NASIK,SEBCD1 SEBC,373813,1
2026,Round 2,2135,SMBT DC NASIK,ST ST,645922,2
2026,Round 2,2135,SMBT DC NASIK(No Change),ST ST (W),518090,1
2026,Round 2,2135,SMBT DC NASIK,VJA EMVJA (EMR),289133,1
2026,Round 2,2135,SMBT DC NASIK(Ret.),VJA I.Q.,793427,1
2026,Round 2,2135,SMBT DC NASIK(No Change),VJA VJA (W),280080,1
2026,Round 2,2136,GDC JALGAON,D2 DEF2 W,164110,1
2026,Round 2,2136,GDC JALGAON,EWS D1 DEF1,159220,1
2026,Round 2,2136,GDC JALGAON,EWS EWS,132141,2
2026,Round 2,2136,GDC JALGAON(No Change),EWS EWS,125043,1
2026,Round 2,2136,GDC JALGAON,EWS EWS(W),132461,1
2026,Round 2,2136,GDC JALGAON,EWS OPEN (W),78700,1
2026,Round 2,2136,GDC JALGAON,NTB NTB,126748,1
2026,Round 2,2136,GDC JALGAON,NTC NTC,132259,1
2026,Round 2,2136,GDC JALGAON,NTD NTD(W),146025,1
2026,Round 2,2136,GDC JALGAON,OBC D1 DEF1,167617,1
2026,Round 2,2136,GDC JALGAON,OBC EMOBC (EMR),120267,1
2026,Round 2,2136,GDC JALGAON,OBC OBC,124893,5
2026,Round 2,2136,GDC JALGAON(No Change),OBC OBC(W),111555,1
2026,Round 2,2136,GDC JALGAON,OBC OBC(W),118795,1
2026,Round 2,2136,GDC JALGAON(No Change),OPEN,99701,1
2026,Round 2,2136,GDC JALGAON,OPEN,106776,4
2026,Round 2,2136,GDC JALGAON,OPEN (W),103249,2
2026,Round 2,2136,GDC JALGAON,SC SC,221975,3
2026,Round 2,2136,GDC JALGAON(No Change),SC SC (W),213953,1
2026,Round 2,2136,GDC JALGAON,SEBC SEBC,131269,3
2026,Round 2,2136,GDC JALGAON,SEBC SEBC(W),127610,1
2026,Round 2,2136,GDC JALGAON,ST ST,443740,2
2026,Round 2,2136,GDC JALGAON,ST ST (W),438335,1
2026,Round 2,2136,GDC JALGAON,VJA OPEN,107461,1
2026,Round 2,2136,GDC JALGAON(No Change),VJA VJA,150194,1
2026,Round 2,2136,GDC JALGAON,VJA VJA (W),180223,1
2026,Round 2,2207,GDC NAGPUR,D1 DEF1 W,139951,1
2026,Round 2,2207,GDC NAGPUR,D2 DEF2,161322,1
2026,Round 2,2207,GDC NAGPUR,EWS EWS,110942,1
2026,Round 2,2207,GDC NAGPUR(No Change),EWS EWS,115614,3
2026,Round 2,2207,GDC NAGPUR(No Change),EWS EWS(W),106482,2
2026,Round 2,2207,GDC NAGPUR,EWS OPEN,96114,1
2026,Round 2,2207,GDC NAGPUR(No Change),EWS OPEN (W),75465,1
2026,Round 2,2207,GDC NAGPUR(No Change),NTB NTB,129583,1
2026,Round 2,2207,GDC NAGPUR,NTC NTC,115729,1
2026,Round 2,2207,GDC NAGPUR(No Change),NTD EMNTD (EMR),115847,1
2026,Round 2,2207,GDC NAGPUR,NTD PWD PWD-OPEN PH,1139986,1
2026,Round 2,2207,GDC NAGPUR(No Change),OBC D1 DEF1,149757,1
2026,Round 2,2207,GDC NAGPUR,OBC EMOBC (EMR),109959,1
2026,Round 2,2207,GDC NAGPUR(No Change),OBC EMOBCW (EMR),108119,1
2026,Round 2,2207,GDC NAGPUR(No Change),OBC OBC,111309,3
2026,Round 2,2207,GDC NAGPUR(Ret.),OBC OBC,109888,1
2026,Round 2,2207,GDC NAGPUR,OBC OBC,112241,1
2026,Round 2,2207,GDC NAGPUR,OBC OBC(W),113368,2
2026,Round 2,2207,GDC NAGPUR(No Change),OBC OPEN (EMD),72383,1
2026,Round 2,2207,GDC NAGPUR(No Change),OPEN,92071,4
2026,Round 2,2207,GDC NAGPUR,OPEN,96497,2
2026,Round 2,2207,GDC NAGPUR,OPEN (W),94840,3
2026,Round 2,2207,GDC NAGPUR(No Change),SC SC,208391,2
2026,Round 2,2207,GDC NAGPUR,SC SC,220077,2
2026,Round 2,2207,GDC NAGPUR,SC SC (W),181128,2
2026,Round 2,2207,GDC NAGPUR,SEBC EMSEBC (EMR),124015,1
2026,Round 2,2207,GDC NAGPUR,SEBC SEBC,127524,2
2026,Round 2,2207,GDC NAGPUR(No Change),SEBC SEBC(W),117163,1
2026,Round 2,2207,GDC NAGPUR,SEBC SEBC(W),123764,1
2026,Round 2,2207,GDC NAGPUR(No Change),SOBC OBC,112138,1
2026,Round 2,2207,GDC NAGPUR,ST ST,410588,2
2026,Round 2,2207,GDC NAGPUR(No Change),ST ST (W),401923,2
2026,Round 2,2207,GDC NAGPUR(No Change),VJA VJA,137767,1
2026,Round 2,2211,VYWS DC AMRAVATI(No Change),EWS OPEN,337704,3
2026,Round 2,2211,VYWS DC AMRAVATI,EWS OPEN,386389,2
2026,Round 2,2211,VYWS DC AMRAVATI,EWS OPEN (W),326238,3
2026,Round 2,2211,VYWS DC AMRAVATI(No Change),EWS OPEN (W),303196,2
2026,Round 2,2211,VYWS DC AMRAVATI,I.Q.,788299,2
2026,Round 2,2211,VYWS DC AMRAVATI,NTB EMNTB (EMR),421679,1
2026,Round 2,2211,VYWS DC AMRAVATI,NTB OPEN,404513,1
2026,Round 2,2211,VYWS DC AMRAVATI(No Change),NTC D1 EMNTC (EMR),415486,1
2026,Round 2,2211,VYWS DC AMRAVATI,NTC D1 EMNTCW (EMR),452999,1
2026,Round 2,2211,VYWS DC AMRAVATI(No Change),NTC OPEN,347336,1
2026,Round 2,2211,VYWS DC AMRAVATI,NTC OPEN (W),309106,1
2026,Round 2,2211,VYWS DC AMRAVATI,NTD EMNTD (EMR),443787,1
2026,Round 2,2211,VYWS DC AMRAVATI,NTD I.Q.,829608,1
2026,Round 2,2211,VYWS DC AMRAVATI,NTD OPEN,407147,1
2026,Round 2,2211,VYWS DC AMRAVATI(No Change),OBC D1 I.Q.,991601,1
2026,Round 2,2211,VYWS DC AMRAVATI(No Change),OBC EMOBC (EMR),364533,2
2026,Round 2,2211,VYWS DC AMRAVATI,OBC EMOBC (EMR),419815,4
2026,Round 2,2211,VYWS DC AMRAVATI(No Change),OBC EMOBCW (EMR),353266,1
2026,Round 2,2211,VYWS DC AMRAVATI,OBC EMOBCW (EMR),412049,1
2026,Round 2,2211,VYWS DC AMRAVATI,OBC HA OPEN,392324,1
2026,Round 2,2211,VYWS DC AMRAVATI(No Change),OBC I.Q.,445287,1
2026,Round 2,2211,VYWS DC AMRAVATI(No Pref),OBC I.Q.,779482,1
2026,Round 2,2211,VYWS DC AMRAVATI(No Pref),OBC OPEN,333370,1
2026,Round 2,2211,VYWS DC AMRAVATI,OBC OPEN,407078,12
2026,Round 2,2211,VYWS DC AMRAVATI(No Change),OBC OPEN (EMD),338883,1
2026,Round 2,2211,VYWS DC AMRAVATI,OBC OPEN (W),311994,2
2026,Round 2,2211,VYWS DC AMRAVATI,OBC OPEN (W) (EMD),143337,1
2026,Round 2,2211,VYWS DC AMRAVATI(No Change),OBC OPEN (W) (EMD),289676,1
2026,Round 2,2211,VYWS DC AMRAVATI(No Change),OPEN,237735,1
2026,Round 2,2211,VYWS DC AMRAVATI,OPEN,403246,7
2026,Round 2,2211,VYWS DC AMRAVATI(No Change),OPEN (W),207650,1
2026,Round 2,2211,VYWS DC AMRAVATI,OPEN (W),338002,3
2026,Round 2,2211,VYWS DC AMRAVATI,SC EMSC (EMR),421219,5
2026,Round 2,2211,VYWS DC AMRAVATI,SC EMSCW (EMR),407567,1
2026,Round 2,2211,VYWS DC AMRAVATI,SC I.Q.,933274,2
2026,Round 2,2211,VYWS DC AMRAVATI,SC OPEN,407240,3
2026,Round 2,2211,VYWS DC AMRAVATI(No Change),SC OPEN (EMD),345854,1
2026,Round 2,2211,VYWS DC AMRAVATI,SC OPEN (W) (EMD),328558,1
2026,Round 2,2211,VYWS DC AMRAVATI(Ret.),SC SC (W),358144,1
2026,Round 2,2211,VYWS DC AMRAVATI(No Change),SEBC I.Q.,967599,1
2026,Round 2,2211,VYWS DC AMRAVATI,SEBC SEBC,528031,6
2026,Round 2,2211,VYWS DC AMRAVATI,SEBC SEBC(W),482504,3
2026,Round 2,2211,VYWS DC AMRAVATI,SOBC EMOBCW (EMR),415614,1
2026,Round 2,2211,VYWS DC AMRAVATI,SOBC OPEN,293097,1
2026,Round 2,2211,VYWS DC AMRAVATI,ST ST,704129,2
2026,Round 2,2211,VYWS DC AMRAVATI(No Change),ST ST,661561,1
2026,Round 2,2211,VYWS DC AMRAVATI,ST ST (W),608298,1
2026,Round 2,2211,VYWS DC AMRAVATI,VJA EMVJA (EMR),457831,1
2026,Round 2,2212,RANJEET DESHMUKH DC HINGANA NAGPUR,AIQ AIQ,916939,20
2026,Round 2,2212,RANJEET DESHMUKH DC HINGANA NAGPUR,EWS AIQ AIQ,661485,2
2026,Round 2,2212,RANJEET DESHMUKH DC HINGANA NAGPUR,EWS OPEN,376283,1
2026,Round 2,2212,RANJEET DESHMUKH DC HINGANA NAGPUR,NTB AIQ AIQ,1114948,2
2026,Round 2,2212,RANJEET DESHMUKH DC HINGANA NAGPUR,NTB NTB,484844,1
2026,Round 2,2212,RANJEET DESHMUKH DC HINGANA NAGPUR,NTC NTC,441949,1
2026,Round 2,2212,RANJEET DESHMUKH DC HINGANA NAGPUR,NTD NTD,450437,1
2026,Round 2,2212,RANJEET DESHMUKH DC HINGANA NAGPUR,OBC AIQ AIQ,944792,7
2026,Round 2,2212,RANJEET DESHMUKH DC HINGANA NAGPUR,OBC HA OPEN (EMD),368820,1
2026,Round 2,2212,RANJEET DESHMUKH DC HINGANA NAGPUR,OBC OBC,497465,4
2026,Round 2,2212,RANJEET DESHMUKH DC HINGANA NAGPUR,OBC OBC(W),437817,2
2026,Round 2,2212,RANJEET DESHMUKH DC HINGANA NAGPUR,OPEN,361194,5
2026,Round 2,2212,RANJEET DESHMUKH DC HINGANA NAGPUR,OPEN (W),251608,5
2026,Round 2,2212,RANJEET DESHMUKH DC HINGANA NAGPUR,SC AIQ AIQ,989176,7
2026,Round 2,2212,RANJEET DESHMUKH DC HINGANA NAGPUR,SC EMSC (EMR),476054,3
2026,Round 2,2212,RANJEET DESHMUKH DC HINGANA NAGPUR,SC OPEN,383485,1
2026,Round 2,2212,RANJEET DESHMUKH DC HINGANA NAGPUR,SC OPEN (EMD),379965,3
2026,Round 2,2212,RANJEET DESHMUKH DC HINGANA NAGPUR,SC SC (W),436534,2
2026,Round 2,2212,RANJEET DESHMUKH DC HINGANA NAGPUR,SEBC AIQ AIQ,931182,1
2026,Round 2,2212,RANJEET DESHMUKH DC HINGANA NAGPUR,SEBC SEBC,734457,3
2026,Round 2,2212,RANJEET DESHMUKH DC HINGANA NAGPUR,SEBC SEBC(W),572874,1
2026,Round 2,2212,RANJEET DESHMUKH DC HINGANA NAGPUR,SOBC AIQ AIQ,1162838,1
2026,Round 2,2212,RANJEET DESHMUKH DC HINGANA NAGPUR,SOBC EMOBC (EMR),439064,1
2026,Round 2,2212,RANJEET DESHMUKH DC HINGANA NAGPUR,SOBC OBC,492922,1
2026,Round 2,2212,RANJEET DESHMUKH DC HINGANA NAGPUR,ST AIQ AIQ,927837,1
2026,Round 2,2212,RANJEET DESHMUKH DC HINGANA NAGPUR,ST HA ST,830066,1
2026,Round 2,2212,RANJEET DESHMUKH DC HINGANA NAGPUR,ST ST,817587,1
2026,Round 2,2212,RANJEET DESHMUKH DC HINGANA NAGPUR,ST ST (W),715950,1
2026,Round 2,2212,RANJEET DESHMUKH DC HINGANA NAGPUR,VJA VJA (W),583559,1
2026,Round 2,2229,KAMBE DC AKOLA(No Change),EWS OPEN,349452,1
2026,Round 2,2229,KAMBE DC AKOLA,EWS OPEN,433665,8
2026,Round 2,2229,KAMBE DC AKOLA(Ret.),EWS OPEN (W),234645,2
2026,Round 2,2229,KAMBE DC AKOLA(No Change),EWS OPEN (W),267414,1
2026,Round 2,2229,KAMBE DC AKOLA,EWS OPEN (W),414329,2
2026,Round 2,2229,KAMBE DC AKOLA(Ret.),I.Q.,879070,1
2026,Round 2,2229,KAMBE DC AKOLA,NTB EMNTB (EMR),435229,1
2026,Round 2,2229,KAMBE DC AKOLA,NTC NTC,456519,2
2026,Round 2,2229,KAMBE DC AKOLA,NTC OPEN,427363,1
2026,Round 2,2229,KAMBE DC AKOLA,NTD NTD(W),444831,1
2026,Round 2,2229,KAMBE DC AKOLA,NTD OPEN,393180,1
2026,Round 2,2229,KAMBE DC AKOLA,OBC D1 EMOBCW (EMR),436684,1
2026,Round 2,2229,KAMBE DC AKOLA,OBC D2 OPEN,427309,1
2026,Round 2,2229,KAMBE DC AKOLA,OBC EMOBC (EMR),451618,6
2026,Round 2,2229,KAMBE DC AKOLA(No Change),OBC EMOBCW (EMR),381984,1
2026,Round 2,2229,KAMBE DC AKOLA,OBC EMOBCW (EMR),435262,1
2026,Round 2,2229,KAMBE DC AKOLA,OBC I.Q.,1160215,2
2026,Round 2,2229,KAMBE DC AKOLA(Ret.),OBC I.Q.,1107971,3
2026,Round 2,2229,KAMBE DC AKOLA,OBC OPEN,432986,9
2026,Round 2,2229,KAMBE DC AKOLA(Ret.),OBC OPEN (EMD),327325,1
2026,Round 2,2229,KAMBE DC AKOLA,OBC OPEN (W),409933,2
2026,Round 2,2229,KAMBE DC AKOLA,OPEN,432574,10
2026,Round 2,2229,KAMBE DC AKOLA,OPEN (W),413825,4
2026,Round 2,2229,KAMBE DC AKOLA,SC EMSC (EMR),443716,4
2026,Round 2,2229,KAMBE DC AKOLA,SC EMSCW (EMR),437527,2
2026,Round 2,2229,KAMBE DC AKOLA,SC OPEN,431416,2
2026,Round 2,2229,KAMBE DC AKOLA,SC OPEN (W),414888,3
2026,Round 2,2229,KAMBE DC AKOLA,SEBC EMSEBCW (EMR),522817,1
2026,Round 2,2229,KAMBE DC AKOLA(Ret.),SEBC I.Q.,1096105,2
2026,Round 2,2229,KAMBE DC AKOLA(No Change),SEBC SEBC,459368,1
2026,Round 2,2229,KAMBE DC AKOLA,SEBC SEBC,541297,4
2026,Round 2,2229,KAMBE DC AKOLA(No Change),SEBC SEBC(W),442668,1
2026,Round 2,2229,KAMBE DC AKOLA,SEBC SEBC(W),528406,1
2026,Round 2,2229,KAMBE DC AKOLA,SEBCD1 SEBC,528312,1
2026,Round 2,2229,KAMBE DC AKOLA(Ret.),SOBC OPEN,364161,1
2026,Round 2,2229,KAMBE DC AKOLA,SOBC OPEN,434255,1
2026,Round 2,2229,KAMBE DC AKOLA,SOBC OPEN (W),166149,1
2026,Round 2,2229,KAMBE DC AKOLA,ST HA ST,719297,1
2026,Round 2,2229,KAMBE DC AKOLA,ST ST,742007,2
2026,Round 2,2229,KAMBE DC AKOLA,ST ST (W),708683,1
2026,Round 2,2229,KAMBE DC AKOLA(No Change),VJA EMVJA (EMR),464815,1
2026,Round 2,2229,KAMBE DC AKOLA,VJA EMVJAW (EMR),490562,1
2026,Round 2,2230,SDKS DC NAGPUR(Ret.),EWS I.Q.,878205,1
2026,Round 2,2230,SDKS DC NAGPUR,EWS OPEN,242170,4
2026,Round 2,2230,SDKS DC NAGPUR(No Change),EWS OPEN,265929,2
2026,Round 2,2230,SDKS DC NAGPUR(No Change),EWS OPEN (W),163898,2
2026,Round 2,2230,SDKS DC NAGPUR(Ret.),I.Q.,548751,1
2026,Round 2,2230,SDKS DC NAGPUR,I.Q.,672961,1
2026,Round 2,2230,SDKS DC NAGPUR(No Pref),I.Q.,895848,2
2026,Round 2,2230,SDKS DC NAGPUR(No Change),NTB EMNTB (EMR),303517,1
2026,Round 2,2230,SDKS DC NAGPUR(Ret.),NTC D1 NTC,316077,1
2026,Round 2,2230,SDKS DC NAGPUR(No Change),NTC NTC,363155,1
2026,Round 2,2230,SDKS DC NAGPUR,NTD NTD(W),396874,1
2026,Round 2,2230,SDKS DC NAGPUR,OBC EMOBC (EMR),335448,5
2026,Round 2,2230,SDKS DC NAGPUR(No Change),OBC EMOBC (EMR),313810,1
2026,Round 2,2230,SDKS DC NAGPUR(No Change),OBC EMOBCW (EMR),275729,1
2026,Round 2,2230,SDKS DC NAGPUR,OBC EMOBCW (EMR),320278,2
2026,Round 2,2230,SDKS DC NAGPUR,OBC I.Q.,1159911,3
2026,Round 2,2230,SDKS DC NAGPUR(Ret.),OBC I.Q.,992528,1
2026,Round 2,2230,SDKS DC NAGPUR,OBC OPEN,277611,4
2026,Round 2,2230,SDKS DC NAGPUR(No Change),OBC OPEN,252206,2
2026,Round 2,2230,SDKS DC NAGPUR(No Change),OBC OPEN (EMD),239700,4
2026,Round 2,2230,SDKS DC NAGPUR,OBC OPEN (W),172826,3
2026,Round 2,2230,SDKS DC NAGPUR(No Change),OBC OPEN (W),208561,3
2026,Round 2,2230,SDKS DC NAGPUR(No Change),OBC OPEN (W) (EMD),168700,1
2026,Round 2,2230,SDKS DC NAGPUR,OPEN,279981,10
2026,Round 2,2230,SDKS DC NAGPUR(No Change),OPEN,270128,3
2026,Round 2,2230,SDKS DC NAGPUR(Ret.),OPEN,257391,2
2026,Round 2,2230,SDKS DC NAGPUR(No Pref),OPEN,268232,1
2026,Round 2,2230,SDKS DC NAGPUR(No Change),OPEN (W),194795,2
2026,Round 2,2230,SDKS DC NAGPUR,OPEN (W),172174,2
2026,Round 2,2230,SDKS DC NAGPUR,SC D1 EMSC (EMR),340886,1
2026,Round 2,2230,SDKS DC NAGPUR,SC EMSC (EMR),333399,2
2026,Round 2,2230,SDKS DC NAGPUR(No Change),SC EMSC (EMR),319165,1
2026,Round 2,2230,SDKS DC NAGPUR,SC OPEN,287332,3
2026,Round 2,2230,SDKS DC NAGPUR(No Change),SC SC (W),296744,1
2026,Round 2,2230,SDKS DC NAGPUR,SC SC (W),349318,1
2026,Round 2,2230,SDKS DC NAGPUR,SEBC EMSEBC (EMR),437789,1
2026,Round 2,2230,SDKS DC NAGPUR(No Change),SEBC SEBC,412168,1
2026,Round 2,2230,SDKS DC NAGPUR,SEBC SEBC,466079,4
2026,Round 2,2230,SDKS DC NAGPUR(No Change),SEBC SEBC(W),407505,1
2026,Round 2,2230,SDKS DC NAGPUR,SEBC SEBC(W),423863,2
2026,Round 2,2230,SDKS DC NAGPUR,SOBC OPEN (W),160922,1
2026,Round 2,2230,SDKS DC NAGPUR(No Change),SOBC OPEN (W),187096,1
2026,Round 2,2230,SDKS DC NAGPUR,ST ST,530319,1
2026,Round 2,2230,SDKS DC NAGPUR(No Change),ST ST,628986,2
2026,Round 2,2230,SDKS DC NAGPUR,ST ST (W),539965,1
2026,Round 2,2230,SDKS DC NAGPUR,VJA OPEN,144812,1
2026,Round 2,2230,SDKS DC NAGPUR(No Change),VJA VJA,306125,1
2026,Round 2,2230,SDKS DC NAGPUR(No Change),VJA VJA (W),385034,1
2026,Round 2,2313,GDC CH. SAMBHAJINAGAR(No Change),EWS EWS,129116,4
2026,Round 2,2313,GDC CH. SAMBHAJINAGAR(No Change),EWS EWS(W),126323,2
2026,Round 2,2313,GDC CH. SAMBHAJINAGAR(No Change),EWS OPEN (W),91564,1
2026,Round 2,2313,GDC CH. SAMBHAJINAGAR,MKB MKB,336645,1
2026,Round 2,2313,GDC CH. SAMBHAJINAGAR,NTC NTC,120399,1
2026,Round 2,2313,GDC CH. SAMBHAJINAGAR,NTC NTC(W),125258,1
2026,Round 2,2313,GDC CH. SAMBHAJINAGAR,NTD D2 DEF2,162167,1
2026,Round 2,2313,GDC CH. SAMBHAJINAGAR,NTD NTD,124880,1
2026,Round 2,2313,GDC CH. SAMBHAJINAGAR,OBC EMOBCW (EMR),118052,1
2026,Round 2,2313,GDC CH. SAMBHAJINAGAR(No Change),OBC OBC,113610,2
2026,Round 2,2313,GDC CH. SAMBHAJINAGAR,OBC OBC,118141,3
2026,Round 2,2313,GDC CH. SAMBHAJINAGAR(No Change),OBC OBC(W),105801,1
2026,Round 2,2313,GDC CH. SAMBHAJINAGAR(Ret.),OBC OBC(W),108578,1
2026,Round 2,2313,GDC CH. SAMBHAJINAGAR,OBC OPEN (W) (EMD),53758,1
2026,Round 2,2313,GDC CH. SAMBHAJINAGAR(No Change),OPEN,97751,3
2026,Round 2,2313,GDC CH. SAMBHAJINAGAR,OPEN,99344,4
2026,Round 2,2313,GDC CH. SAMBHAJINAGAR(No Change),OPEN (W),87407,1
2026,Round 2,2313,GDC CH. SAMBHAJINAGAR,OPEN (W),89582,1
2026,Round 2,2313,GDC CH. SAMBHAJINAGAR(No Change),PWD PWD-OPEN PH,921032,1
2026,Round 2,2313,GDC CH. SAMBHAJINAGAR(No Change),SC SC,211659,2
2026,Round 2,2313,GDC CH. SAMBHAJINAGAR,SC SC,217834,1
2026,Round 2,2313,GDC CH. SAMBHAJINAGAR(No Change),SC SC (W),209465,1
2026,Round 2,2313,GDC CH. SAMBHAJINAGAR,SC SC (W),215605,1
2026,Round 2,2313,GDC CH. SAMBHAJINAGAR,SEBC SEBC,109574,1
2026,Round 2,2313,GDC CH. SAMBHAJINAGAR(No Change),SEBC SEBC,122624,2
2026,Round 2,2313,GDC CH. SAMBHAJINAGAR(No Change),SEBC SEBC(W),119731,1
2026,Round 2,2313,GDC CH. SAMBHAJINAGAR,SEBC SEBC(W),120290,1
2026,Round 2,2313,GDC CH. SAMBHAJINAGAR(No Change),SEBCD1 DEF1,153011,1
2026,Round 2,2313,GDC CH. SAMBHAJINAGAR(No Change),SEBCD1 DEF1 W,111111,1
2026,Round 2,2313,GDC CH. SAMBHAJINAGAR,SOBC OBC,118118,1
2026,Round 2,2313,GDC CH. SAMBHAJINAGAR,ST ST,367070,1
2026,Round 2,2313,GDC CH. SAMBHAJINAGAR(No Change),ST ST,394593,2
2026,Round 2,2313,GDC CH. SAMBHAJINAGAR(No Change),ST ST (W),370876,1
2026,Round 2,2313,GDC CH. SAMBHAJINAGAR(Ret.),VJA HA VJA,141062,1
2026,Round 2,2313,GDC CH. SAMBHAJINAGAR(No Change),VJA VJA,128568,1
2026,Round 2,2314,CSMSS DC CH. SAMBHAJINAGAR(No Change),EWS I.Q.,415514,1
2026,Round 2,2314,CSMSS DC CH. SAMBHAJINAGAR,EWS OPEN,232571,10
2026,Round 2,2314,CSMSS DC CH. SAMBHAJINAGAR(No Pref),EWS OPEN,192447,1
2026,Round 2,2314,CSMSS DC CH. SAMBHAJINAGAR(No Change),EWS OPEN,193632,1
2026,Round 2,2314,CSMSS DC CH. SAMBHAJINAGAR(Ret.),EWS OPEN,196916,1
2026,Round 2,2314,CSMSS DC CH. SAMBHAJINAGAR,EWS OPEN (W),188685,2
2026,Round 2,2314,CSMSS DC CH. SAMBHAJINAGAR(No Change),EWS OPEN (W),165776,4
2026,Round 2,2314,CSMSS DC CH. SAMBHAJINAGAR,HA OPEN (W),172629,1
2026,Round 2,2314,CSMSS DC CH. SAMBHAJINAGAR(Ret.),I.Q.,891255,5
2026,Round 2,2314,CSMSS DC CH. SAMBHAJINAGAR,I.Q.,900865,3
2026,Round 2,2314,CSMSS DC CH. SAMBHAJINAGAR,NTB NTB,249999,1
2026,Round 2,2314,CSMSS DC CH. SAMBHAJINAGAR,NTB OPEN,232485,1
2026,Round 2,2314,CSMSS DC CH. SAMBHAJINAGAR,NTC EMNTC (EMR),253467,1
2026,Round 2,2314,CSMSS DC CH. SAMBHAJINAGAR,NTC NTC(W),235517,1
2026,Round 2,2314,CSMSS DC CH. SAMBHAJINAGAR,NTC OPEN,226330,4
2026,Round 2,2314,CSMSS DC CH. SAMBHAJINAGAR,NTD EMNTD (EMR),247048,1
2026,Round 2,2314,CSMSS DC CH. SAMBHAJINAGAR,NTD I.Q.,640571,1
2026,Round 2,2314,CSMSS DC CH. SAMBHAJINAGAR(No Change),NTD I.Q.,725638,1
2026,Round 2,2314,CSMSS DC CH. SAMBHAJINAGAR,NTD OPEN,129714,1
2026,Round 2,2314,CSMSS DC CH. SAMBHAJINAGAR(No Change),NTD OPEN,194624,1
2026,Round 2,2314,CSMSS DC CH. SAMBHAJINAGAR(No Change),NTD OPEN (EMD),185339,1
2026,Round 2,2314,CSMSS DC CH. SAMBHAJINAGAR(No Change),NTD OPEN (W),165260,1
2026,Round 2,2314,CSMSS DC CH. SAMBHAJINAGAR(No Pref),OBC EMOBC (EMR),230507,1
2026,Round 2,2314,CSMSS DC CH. SAMBHAJINAGAR(No Change),OBC EMOBC (EMR),233785,2
2026,Round 2,2314,CSMSS DC CH. SAMBHAJINAGAR,OBC EMOBC (EMR),264996,4
2026,Round 2,2314,CSMSS DC CH. SAMBHAJINAGAR(No Change),OBC EMOBCW (EMR),225132,2
2026,Round 2,2314,CSMSS DC CH. SAMBHAJINAGAR,OBC EMOBCW (EMR),242064,1
2026,Round 2,2314,CSMSS DC CH. SAMBHAJINAGAR,OBC HA OPEN (W),183707,1
2026,Round 2,2314,CSMSS DC CH. SAMBHAJINAGAR,OBC I.Q.,704354,2
2026,Round 2,2314,CSMSS DC CH. SAMBHAJINAGAR(Ret.),OBC I.Q.,792699,2
2026,Round 2,2314,CSMSS DC CH. SAMBHAJINAGAR,OBC OPEN,225776,4
2026,Round 2,2314,CSMSS DC CH. SAMBHAJINAGAR(No Change),OBC OPEN,197725,1
2026,Round 2,2314,CSMSS DC CH. SAMBHAJINAGAR(No Change),OBC OPEN (EMD),184838,2
2026,Round 2,2314,CSMSS DC CH. SAMBHAJINAGAR(Ret.),OBC OPEN (EMD),192634,2
2026,Round 2,2314,CSMSS DC CH. SAMBHAJINAGAR,OBC OPEN (W),135149,2
2026,Round 2,2314,CSMSS DC CH. SAMBHAJINAGAR(No Change),OBC OPEN (W),168453,2
2026,Round 2,2314,CSMSS DC CH. SAMBHAJINAGAR(No Change),OBC OPEN (W) (EMD),141815,1
2026,Round 2,2314,CSMSS DC CH. SAMBHAJINAGAR(No Change),OPEN,203227,1
2026,Round 2,2314,CSMSS DC CH. SAMBHAJINAGAR,OPEN,233134,4
2026,Round 2,2314,CSMSS DC CH. SAMBHAJINAGAR(No Change),SC SC,300134,2
2026,Round 2,2314,CSMSS DC CH. SAMBHAJINAGAR,SC SC,307561,3
2026,Round 2,2314,CSMSS DC CH. SAMBHAJINAGAR,SC SC (W),287425,1
2026,Round 2,2314,CSMSS DC CH. SAMBHAJINAGAR(No Change),SC SC (W),289311,1
2026,Round 2,2314,CSMSS DC CH. SAMBHAJINAGAR,SEBC EMSEBCW (EMR),245873,1
2026,Round 2,2314,CSMSS DC CH. SAMBHAJINAGAR,SEBC OPEN (W),158499,1
2026,Round 2,2314,CSMSS DC CH. SAMBHAJINAGAR(No Change),SEBC OPEN (W) (EMD),176306,1
2026,Round 2,2314,CSMSS DC CH. SAMBHAJINAGAR(No Change),SEBC SEBC,234624,2
2026,Round 2,2314,CSMSS DC CH. SAMBHAJINAGAR,SEBC SEBC,272183,4
2026,Round 2,2314,CSMSS DC CH. SAMBHAJINAGAR(No Change),SEBC SEBC(W),220810,1
2026,Round 2,2314,CSMSS DC CH. SAMBHAJINAGAR,ST ST,604727,2
2026,Round 2,2314,CSMSS DC CH. SAMBHAJINAGAR(No Change),ST ST (W),548334,1
2026,Round 2,2314,CSMSS DC CH. SAMBHAJINAGAR,VJA EMVJA (EMR),249221,1
2026,Round 2,2314,CSMSS DC CH. SAMBHAJINAGAR,VJA OPEN,223586,1
2026,Round 2,2325,MIDSR DC LATUR,EWS OPEN,316755,3
2026,Round 2,2325,MIDSR DC LATUR(No Pref),EWS OPEN (W),150159,1
2026,Round 2,2325,MIDSR DC LATUR(No Change),EWS OPEN (W),226964,2
2026,Round 2,2325,MIDSR DC LATUR(Ret.),EWS OPEN (W),243826,2
2026,Round 2,2325,MIDSR DC LATUR,EWS OPEN (W),239345,1
2026,Round 2,2325,MIDSR DC LATUR(No Change),HA OPEN,260346,1
2026,Round 2,2325,MIDSR DC LATUR(Ret.),I.Q.,535322,1
2026,Round 2,2325,MIDSR DC LATUR,NTB EMNTB (EMR),379467,1
2026,Round 2,2325,MIDSR DC LATUR,NTB NTB(W),322723,1
2026,Round 2,2325,MIDSR DC LATUR,NTC EMNTC (EMR),337608,1
2026,Round 2,2325,MIDSR DC LATUR(Ret.),NTC EMNTCW (EMR),279938,1
2026,Round 2,2325,MIDSR DC LATUR,NTC I.Q.,1032552,2
2026,Round 2,2325,MIDSR DC LATUR(Ret.),NTC I.Q.,702330,1
2026,Round 2,2325,MIDSR DC LATUR,NTC OPEN,306339,1
2026,Round 2,2325,MIDSR DC LATUR(No Pref),NTC OPEN (W),173141,1
2026,Round 2,2325,MIDSR DC LATUR,NTD D1 NTD(W),338671,1
2026,Round 2,2325,MIDSR DC LATUR,NTD D1 OPEN (W),195329,1
2026,Round 2,2325,MIDSR DC LATUR(No Change),NTD OPEN,141353,1
2026,Round 2,2325,MIDSR DC LATUR,NTD OPEN,305090,2
2026,Round 2,2325,MIDSR DC LATUR(No Change),OBC D1 OPEN,276323,1
2026,Round 2,2325,MIDSR DC LATUR(No Change),OBC EMOBC (EMR),292823,2
2026,Round 2,2325,MIDSR DC LATUR,OBC EMOBC (EMR),343105,3
2026,Round 2,2325,MIDSR DC LATUR,OBC EMOBCW (EMR),339212,2
2026,Round 2,2325,MIDSR DC LATUR(Ret.),OBC I.Q.,1123468,2
2026,Round 2,2325,MIDSR DC LATUR,OBC OPEN,319975,6
2026,Round 2,2325,MIDSR DC LATUR(Ret.),OBC OPEN (EMD),258559,1
2026,Round 2,2325,MIDSR DC LATUR(No Change),OBC OPEN (EMD),270264,2
2026,Round 2,2325,MIDSR DC LATUR,OBC OPEN (W),233401,3
2026,Round 2,2325,MIDSR DC LATUR(No Change),OBC OPEN (W) (EMD),170389,1
2026,Round 2,2325,MIDSR DC LATUR(Ret.),OPEN,266481,2
2026,Round 2,2325,MIDSR DC LATUR,OPEN,314852,10
2026,Round 2,2325,MIDSR DC LATUR,OPEN (W),178310,2
2026,Round 2,2325,MIDSR DC LATUR,SC EMSC (EMR),329183,1
2026,Round 2,2325,MIDSR DC LATUR,SC I.Q.,912571,1
2026,Round 2,2325,MIDSR DC LATUR,SC OPEN,281567,2
2026,Round 2,2325,MIDSR DC LATUR,SC OPEN (W),280118,1
2026,Round 2,2325,MIDSR DC LATUR(No Change),SC SC,308759,3
2026,Round 2,2325,MIDSR DC LATUR,SC SC,343325,1
2026,Round 2,2325,MIDSR DC LATUR(No Change),SC SC (W),301990,1
2026,Round 2,2325,MIDSR DC LATUR(No Change),SEBC EMSEBC (EMR),316227,2
2026,Round 2,2325,MIDSR DC LATUR,SEBC EMSEBC (EMR),392417,3
2026,Round 2,2325,MIDSR DC LATUR,SEBC I.Q.,937500,1
2026,Round 2,2325,MIDSR DC LATUR,SEBC OPEN,286385,1
2026,Round 2,2325,MIDSR DC LATUR(Ret.),SEBC OPEN (EMD),247187,1
2026,Round 2,2325,MIDSR DC LATUR(No Change),SEBC OPEN (EMD),271073,1
2026,Round 2,2325,MIDSR DC LATUR(No Change),SEBC SEBC,339193,1
2026,Round 2,2325,MIDSR DC LATUR,SEBC SEBC(W),366993,2
2026,Round 2,2325,MIDSR DC LATUR(No Change),SEBCD2 SEBC(W),322707,1
2026,Round 2,2325,MIDSR DC LATUR,SEBCHA OPEN,284297,1
2026,Round 2,2325,MIDSR DC LATUR,SOBC EMOBC (EMR),347148,1
2026,Round 2,2325,MIDSR DC LATUR(No Change),SOBC OBC(W),291635,1
2026,Round 2,2325,MIDSR DC LATUR,ST HA ST,659042,1
2026,Round 2,2325,MIDSR DC LATUR,ST ST,619197,2
2026,Round 2,2325,MIDSR DC LATUR(No Change),ST ST (W),559862,1
2026,Round 2,2325,MIDSR DC LATUR,VJA EMVJA (EMR),356213,1
2026,Round 2,2326,SD DC PARBHANI,EWS OPEN,435927,3
2026,Round 2,2326,SD DC PARBHANI(No Change),EWS OPEN (W),343139,2
2026,Round 2,2326,SD DC PARBHANI,HA OPEN (W),294968,1
2026,Round 2,2326,SD DC PARBHANI,NTB EMNTB (EMR),453889,1
2026,Round 2,2326,SD DC PARBHANI,NTB NTB(W),453663,1
2026,Round 2,2326,SD DC PARBHANI,NTB OPEN,428347,1
2026,Round 2,2326,SD DC PARBHANI(No Change),NTC D1 EMNTC (EMR),392742,1
2026,Round 2,2326,SD DC PARBHANI,NTC I.Q.,1081332,1
2026,Round 2,2326,SD DC PARBHANI,NTC OPEN,429313,2
2026,Round 2,2326,SD DC PARBHANI,NTC OPEN (W),383447,1
2026,Round 2,2326,SD DC PARBHANI,NTD D1 OPEN,430990,1
2026,Round 2,2326,SD DC PARBHANI,NTD I.Q.,856032,1
2026,Round 2,2326,SD DC PARBHANI,NTD NTD,445905,1
2026,Round 2,2326,SD DC PARBHANI,NTD OPEN,431900,1
2026,Round 2,2326,SD DC PARBHANI,NTD OPEN (W),400619,1
2026,Round 2,2326,SD DC PARBHANI,OBC D1 EMOBC (EMR),458106,1
2026,Round 2,2326,SD DC PARBHANI(No Change),OBC EMOBC (EMR),393943,1
2026,Round 2,2326,SD DC PARBHANI,OBC EMOBC (EMR),458077,4
2026,Round 2,2326,SD DC PARBHANI,OBC EMOBCW (EMR),444309,2
2026,Round 2,2326,SD DC PARBHANI,OBC I.Q.,1044092,1
2026,Round 2,2326,SD DC PARBHANI(Ret.),OBC I.Q.,1183395,2
2026,Round 2,2326,SD DC PARBHANI,OBC OPEN,438850,5
2026,Round 2,2326,SD DC PARBHANI,OBC OPEN (EMD),368310,1
2026,Round 2,2326,SD DC PARBHANI(No Change),OBC OPEN (EMD),384093,1
2026,Round 2,2326,SD DC PARBHANI(Ret.),OBC OPEN (W),360396,1
2026,Round 2,2326,SD DC PARBHANI,OBC OPEN (W),413863,3
2026,Round 2,2326,SD DC PARBHANI,OPEN,435142,13
2026,Round 2,2326,SD DC PARBHANI,OPEN (W),385956,3
2026,Round 2,2326,SD DC PARBHANI(No Change),SC EMSC (EMR),404677,1
2026,Round 2,2326,SD DC PARBHANI,SC EMSC (EMR),447116,4
2026,Round 2,2326,SD DC PARBHANI,SC EMSCW (EMR),442184,2
2026,Round 2,2326,SD DC PARBHANI(No Change),SC I.Q.,1121142,1
2026,Round 2,2326,SD DC PARBHANI,SC OPEN,436011,4
2026,Round 2,2326,SD DC PARBHANI(No Change),SC OPEN,383243,1
2026,Round 2,2326,SD DC PARBHANI(No Change),SC OPEN (EMD),367571,1
2026,Round 2,2326,SD DC PARBHANI,SC OPEN (W),409718,1
2026,Round 2,2326,SD DC PARBHANI,SC OPEN (W) (EMD),414557,1
2026,Round 2,2326,SD DC PARBHANI,SEBC EMSEBC (EMR),482021,2
2026,Round 2,2326,SD DC PARBHANI,SEBC OPEN,438320,1
2026,Round 2,2326,SD DC PARBHANI,SEBC OPEN (W),407430,2
2026,Round 2,2326,SD DC PARBHANI(No Change),SEBC SEBC,436901,1
2026,Round 2,2326,SD DC PARBHANI,SEBC SEBC,512509,3
2026,Round 2,2326,SD DC PARBHANI,SEBC SEBC(W),456655,1
2026,Round 2,2326,SD DC PARBHANI,SEBCD1 SEBC(W),440205,1
2026,Round 2,2326,SD DC PARBHANI,SOBC EMOBC (EMR),444958,1
2026,Round 2,2326,SD DC PARBHANI,ST ST,729277,2
2026,Round 2,2326,SD DC PARBHANI,ST ST (W),465956,1
2026,Round 2,2326,SD DC PARBHANI,VJA EMVJA (EMR),488679,1
2026,Round 2,2326,SD DC PARBHANI(No Change),VJA OPEN (EMD),335475,1
2026,Round 2,2326,SD DC PARBHANI,VJA VJA (W),492545,1
2026,Round 2,2331,ADITYA DC BEED,EWS OPEN,460144,6
2026,Round 2,2331,ADITYA DC BEED(No Change),EWS OPEN (W),324782,2
2026,Round 2,2331,ADITYA DC BEED,EWS OPEN (W),385593,3
2026,Round 2,2331,ADITYA DC BEED(Ret.),EWS OPEN (W),380360,1
2026,Round 2,2331,ADITYA DC BEED,I.Q.,956069,1
2026,Round 2,2331,ADITYA DC BEED,NTB EMNTB (EMR),469190,1
2026,Round 2,2331,ADITYA DC BEED,NTB OPEN (EMD),441116,1
2026,Round 2,2331,ADITYA DC BEED,NTC EMNTC (EMR),473988,1
2026,Round 2,2331,ADITYA DC BEED,NTC NTC,474055,1
2026,Round 2,2331,ADITYA DC BEED,NTC OPEN (EMD),352602,1
2026,Round 2,2331,ADITYA DC BEED,NTD EMNTD (EMR),461702,1
2026,Round 2,2331,ADITYA DC BEED,NTD OPEN,452808,1
2026,Round 2,2331,ADITYA DC BEED,OBC D1 OPEN,439529,1
2026,Round 2,2331,ADITYA DC BEED,OBC EMOBC (EMR),477481,5
2026,Round 2,2331,ADITYA DC BEED,OBC EMOBCW (EMR),469675,3
2026,Round 2,2331,ADITYA DC BEED,OBC HA OPEN (W) (EMD),406847,1
2026,Round 2,2331,ADITYA DC BEED,OBC I.Q.,1099753,1
2026,Round 2,2331,ADITYA DC BEED,OBC OPEN,458958,4
2026,Round 2,2331,ADITYA DC BEED(No Change),OBC OPEN (EMD),402335,1
2026,Round 2,2331,ADITYA DC BEED,OBC OPEN (W),426004,1
2026,Round 2,2331,ADITYA DC BEED(No Change),OPEN,402393,1
2026,Round 2,2331,ADITYA DC BEED,OPEN,456542,12
2026,Round 2,2331,ADITYA DC BEED,OPEN (W),395069,2
2026,Round 2,2331,ADITYA DC BEED,SC EMSC (EMR),472019,4
2026,Round 2,2331,ADITYA DC BEED,SC EMSCW (EMR),470586,2
2026,Round 2,2331,ADITYA DC BEED,SC HA OPEN (W),425871,1
2026,Round 2,2331,ADITYA DC BEED,SC I.Q.,974058,1
2026,Round 2,2331,ADITYA DC BEED,SC OPEN,460902,6
2026,Round 2,2331,ADITYA DC BEED,SC OPEN (W),431220,3
2026,Round 2,2331,ADITYA DC BEED(Ret.),SEBC I.Q.,1054175,2
2026,Round 2,2331,ADITYA DC BEED,SEBC OPEN (W) (EMD),372737,1
2026,Round 2,2331,ADITYA DC BEED(No Change),SEBC SEBC,478896,1
2026,Round 2,2331,ADITYA DC BEED,SEBC SEBC,537987,4
2026,Round 2,2331,ADITYA DC BEED,SEBC SEBC(W),502721,2
2026,Round 2,2331,ADITYA DC BEED,SEBCD1 EMSEBCW (EMR),480872,1
2026,Round 2,2331,ADITYA DC BEED(No Change),SEBCHA SEBC,469189,1
2026,Round 2,2331,ADITYA DC BEED,SOBC D1 OPEN,439013,1
2026,Round 2,2331,ADITYA DC BEED,SOBC EMOBC (EMR),472917,1
2026,Round 2,2331,ADITYA DC BEED,SOBC OPEN,455278,1
2026,Round 2,2331,ADITYA DC BEED,ST D1 ST,737498,1
2026,Round 2,2331,ADITYA DC BEED,ST ST,741251,2
2026,Round 2,2331,ADITYA DC BEED,ST ST (W),725315,1
2026,Round 2,2331,ADITYA DC BEED,VJA EMVJA (EMR),502569,1
2026,Round 2,2331,ADITYA DC BEED,VJA VJA (W),517621,1
2026,Round 2,2332,HEDGEWAR DC HINGOLI,EWS HA OPEN,449442,1
2026,Round 2,2332,HEDGEWAR DC HINGOLI(Ret.),EWS I.Q.,752142,1
2026,Round 2,2332,HEDGEWAR DC HINGOLI,EWS OPEN,433568,1
2026,Round 2,2332,HEDGEWAR DC HINGOLI,EWS OPEN (W),421501,1
2026,Round 2,2332,HEDGEWAR DC HINGOLI,I.Q.,298119,1
2026,Round 2,2332,HEDGEWAR DC HINGOLI,NTB EMNTB (EMR),465092,1
2026,Round 2,2332,HEDGEWAR DC HINGOLI,NTB NTB(W),461045,1
2026,Round 2,2332,HEDGEWAR DC HINGOLI,NTB OPEN,435389,1
2026,Round 2,2332,HEDGEWAR DC HINGOLI(No Change),NTB OPEN (EMD),385976,1
2026,Round 2,2332,HEDGEWAR DC HINGOLI,NTC NTC,463792,1
2026,Round 2,2332,HEDGEWAR DC HINGOLI,NTC NTC(W),465286,1
2026,Round 2,2332,HEDGEWAR DC HINGOLI,NTC OPEN,453278,2
2026,Round 2,2332,HEDGEWAR DC HINGOLI,NTC OPEN (W),338774,1
2026,Round 2,2332,HEDGEWAR DC HINGOLI,NTD EMNTD (EMR),462316,1
2026,Round 2,2332,HEDGEWAR DC HINGOLI(Ret.),NTD OPEN (EMD),379632,1
2026,Round 2,2332,HEDGEWAR DC HINGOLI,NTD OPEN (W),433682,1
2026,Round 2,2332,HEDGEWAR DC HINGOLI(No Change),OBC D1 EMOBCW (EMR),395075,1
2026,Round 2,2332,HEDGEWAR DC HINGOLI,OBC D2 OPEN,255837,1
2026,Round 2,2332,HEDGEWAR DC HINGOLI,OBC EMOBC (EMR),463864,6
2026,Round 2,2332,HEDGEWAR DC HINGOLI,OBC EMOBCW (EMR),456634,1
2026,Round 2,2332,HEDGEWAR DC HINGOLI,OBC HA OPEN (W),418679,1
2026,Round 2,2332,HEDGEWAR DC HINGOLI,OBC I.Q.,1021899,2
2026,Round 2,2332,HEDGEWAR DC HINGOLI(No Change),OBC OBC,405258,1
2026,Round 2,2332,HEDGEWAR DC HINGOLI,OBC OPEN,452223,9
2026,Round 2,2332,HEDGEWAR DC HINGOLI(No Change),OBC OPEN (EMD),392013,1
2026,Round 2,2332,HEDGEWAR DC HINGOLI,OBC OPEN (W),427218,6
2026,Round 2,2332,HEDGEWAR DC HINGOLI,OPEN,450571,11
2026,Round 2,2332,HEDGEWAR DC HINGOLI(No Change),OPEN,374987,1
2026,Round 2,2332,HEDGEWAR DC HINGOLI(Ret.),OPEN (W),144641,1
2026,Round 2,2332,HEDGEWAR DC HINGOLI,OPEN (W),424060,4
2026,Round 2,2332,HEDGEWAR DC HINGOLI(No Change),SC EMSC (EMR),408124,1
2026,Round 2,2332,HEDGEWAR DC HINGOLI,SC EMSC (EMR),456752,3
2026,Round 2,2332,HEDGEWAR DC HINGOLI(Ret.),SC I.Q.,1014811,1
2026,Round 2,2332,HEDGEWAR DC HINGOLI,SC OPEN,450436,4
2026,Round 2,2332,HEDGEWAR DC HINGOLI,SC SC (W),456032,2
2026,Round 2,2332,HEDGEWAR DC HINGOLI,SEBC EMSEBC (EMR),491129,1
2026,Round 2,2332,HEDGEWAR DC HINGOLI,SEBC EMSEBCW (EMR),471835,1
2026,Round 2,2332,HEDGEWAR DC HINGOLI,SEBC OPEN,424463,1
2026,Round 2,2332,HEDGEWAR DC HINGOLI,SEBC OPEN (EMD),297275,1
2026,Round 2,2332,HEDGEWAR DC HINGOLI(Ret.),SEBC SEBC,426138,1
2026,Round 2,2332,HEDGEWAR DC HINGOLI(No Change),SEBC SEBC,465556,1
2026,Round 2,2332,HEDGEWAR DC HINGOLI,SEBC SEBC,526474,2
2026,Round 2,2332,HEDGEWAR DC HINGOLI(No Change),SEBC SEBC(W),439690,1
2026,Round 2,2332,HEDGEWAR DC HINGOLI,SEBC SEBC(W),484729,1
2026,Round 2,2332,HEDGEWAR DC HINGOLI,SEBCD1 SEBC,491614,1
2026,Round 2,2332,HEDGEWAR DC HINGOLI,SOBC EMOBCW (EMR),456895,1
2026,Round 2,2332,HEDGEWAR DC HINGOLI,SOBC I.Q.,982565,1
2026,Round 2,2332,HEDGEWAR DC HINGOLI,ST ST,734636,2
2026,Round 2,2332,HEDGEWAR DC HINGOLI,ST ST (W),710978,1
2026,Round 2,2332,HEDGEWAR DC HINGOLI,VJA VJA,501346,1
2026,Round 2,2333,NANDED RURAL DC,EWS I.Q.,919056,1
2026,Round 2,2333,NANDED RURAL DC (No Change),EWS OPEN,353129,2
2026,Round 2,2333,NANDED RURAL DC,EWS OPEN,393317,5
2026,Round 2,2333,NANDED RURAL DC,EWS OPEN (W),355445,3
2026,Round 2,2333,NANDED RURAL DC (No Change),EWS OPEN (W),246185,1
2026,Round 2,2333,NANDED RURAL DC (Ret.),I.Q.,927705,2
2026,Round 2,2333,NANDED RURAL DC,I.Q.,764232,2
2026,Round 2,2333,NANDED RURAL DC,NTB EMNTB (EMR),428893,1
2026,Round 2,2333,NANDED RURAL DC,NTB OPEN,392210,1
2026,Round 2,2333,NANDED RURAL DC,NTC EMNTC (EMR),444616,1
2026,Round 2,2333,NANDED RURAL DC,NTC NTC(W),449749,1
2026,Round 2,2333,NANDED RURAL DC (No Change),NTD EMNTD (EMR),355951,1
2026,Round 2,2333,NANDED RURAL DC,NTD HA OPEN,328798,1
2026,Round 2,2333,NANDED RURAL DC (Ret.),NTD I.Q.,1004914,1
2026,Round 2,2333,NANDED RURAL DC,NTD OPEN,362367,1
2026,Round 2,2333,NANDED RURAL DC (No Change),OBC EMOBC (EMR),357193,1
2026,Round 2,2333,NANDED RURAL DC,OBC EMOBC (EMR),421971,6
2026,Round 2,2333,NANDED RURAL DC (No Change),OBC EMOBCW (EMR),356277,1
2026,Round 2,2333,NANDED RURAL DC,OBC EMOBCW (EMR),402380,2
2026,Round 2,2333,NANDED RURAL DC,OBC HA OPEN,367791,1
2026,Round 2,2333,NANDED RURAL DC (No Change),OBC I.Q.,911093,1
2026,Round 2,2333,NANDED RURAL DC (Ret.),OBC I.Q.,1136154,2
2026,Round 2,2333,NANDED RURAL DC,OBC OPEN,394024,6
2026,Round 2,2333,NANDED RURAL DC,OBC OPEN (W),338366,3
2026,Round 2,2333,NANDED RURAL DC (No Change),OBC OPEN (W) (EMD),241810,1
2026,Round 2,2333,NANDED RURAL DC,OPEN,392133,12
2026,Round 2,2333,NANDED RURAL DC (Ret.),OPEN,318178,1
2026,Round 2,2333,NANDED RURAL DC,OPEN (W),353010,5
2026,Round 2,2333,NANDED RURAL DC (No Change),SC EMSC (EMR),367198,1
2026,Round 2,2333,NANDED RURAL DC,SC EMSC (EMR),411867,2
2026,Round 2,2333,NANDED RURAL DC,SC OPEN,389071,1
2026,Round 2,2333,NANDED RURAL DC (No Change),SC OPEN (EMD),327737,1
2026,Round 2,2333,NANDED RURAL DC,SC OPEN (W),341623,2
2026,Round 2,2333,NANDED RURAL DC (No Change),SC SC,370766,2
2026,Round 2,2333,NANDED RURAL DC,SC SC (W),411323,2
2026,Round 2,2333,NANDED RURAL DC,SEBC EMSEBC (EMR),447421,3
2026,Round 2,2333,NANDED RURAL DC,SEBC I.Q.,1121604,1
2026,Round 2,2333,NANDED RURAL DC (Ret.),SEBC I.Q.,1122841,1
2026,Round 2,2333,NANDED RURAL DC (No Change),SEBC SEBC,407800,1
2026,Round 2,2333,NANDED RURAL DC,SEBC SEBC,466571,2
2026,Round 2,2333,NANDED RURAL DC (No Pref),SEBC SEBC(W),382845,1
2026,Round 2,2333,NANDED RURAL DC,SEBC SEBC(W),395188,1
2026,Round 2,2333,NANDED RURAL DC (No Change),SOBC OPEN,347694,1
2026,Round 2,2333,NANDED RURAL DC,SOBC OPEN,361578,2
2026,Round 2,2333,NANDED RURAL DC,ST I.Q.,1064685,1
2026,Round 2,2333,NANDED RURAL DC,ST ST,733663,2
2026,Round 2,2333,NANDED RURAL DC (No Change),ST ST (W),472159,1
2026,Round 2,2333,NANDED RURAL DC,VJA EMVJA (EMR),476849,1
2026,Round 2,2333,NANDED RURAL DC,VJA OPEN (EMD),368008,1
2026,Round 2,2333,NANDED RURAL DC,VJA OPEN (W),356689,1
