SNo,Rank,Allotted Quota,Allotted Institute,Course,Alloted Category,Candidate Category,Remarks
16001,158787,Self-Financed Merit Seat,"Jawaharlal Nehru Medical College, Belgaum,J.N. Medical College Campus, Nehru Nagar, Belagavi-590010. Karnataka, India.",MBBS,Open,General,Allotted
16002,158799,Self-Financed Merit Seat,"Mahatma Gandhi Missions Medical College, Navi Mumbai,MGM Medical College, Plot No. 1-2, Sector 1, Kamothe, Navi Mumbai - 410 209",MBBS,Open,General,Allotted
16003,158808,Self-Financed Merit Seat,"Manipal College of Dental Sce., Manipal,Madhav Nagar, Manipal India",BDS,Open,OBC,Allotted
16004,158826,Self-Financed Merit Seat,"Amrita School of Medicine,Mata Amritanandmayi Marg, Sector-88, Faridabad",MBBS,Open,General,Allotted
16005,158899,Self-Financed Merit Seat,"Mahatma Gandhi Missions Medical College, Aurangabad,N-6, Cidco, Chhatrapati Sambhajinagar -Aurangabad",MBBS,Open,General,Allotted
16006,158982,Self-Financed Merit Seat,"K S Hegde Medical Academy, Mangalore,Deralakatte, Mangaluru, Dakshina Kannada Dist, Karnataka",MBBS,Open,General,Allotted
16007,159091,B.Sc Nursing All India,"College of Nursing BHU, VARANASI,The Director Institute of Medical Sciences Banaras Hindu University, Uttar Pradesh, 221005",B.Sc. Nursing,SC,SC,Allotted
16008,159097,Employees State Insurance Scheme(ESI),"Employees State Insurance Corporation Medical College, Patna,ESIC Medical College and Hospital, Arrah Danapur Road, Sikandarpur, Bihta, Patna- 801103",MBBS,SC,SC,Allotted
16009,159232,All India,"DR. R. AHMED DENT.COLL & HOSP,KOLKATA,114 AJC BOSE ROAD",BDS,ST,ST,Allotted
16010,159270,Self-Financed Merit Seat,"Sri Ramachandra Medical College & Research Institute, Chennai,No. One Ramachandra Nagar, Porur, Chennai.",MBBS,Open,General,Allotted
16011,159313,Internal -Puducherry UT Domicile,"JIPMER PUDUCHERRY,Dhanvantari Nagar Gorimedu Puducherry",MBBS,SC,SC,Allotted
16012,159315,Self-Financed Merit Seat,"Manipal College of Dental Science, Mangalore,Light House Hill Road, Mangalore India",BDS,Open,OBC,Allotted
16013,159356,All India,"Government Dental College Dibrugarh,I Lane, inside Assam Medical college campus, Barbari, Dibrugarh-786002",BDS,ST,ST,Allotted
16014,159462,Self-Financed Merit Seat,"Sri Devaraj URS Medical College, Kolar,Post box No.7, SRI DEVARAJ URS MEDICAL COLLEGE, TAMAKA, KOLAR",MBBS,Open,OBC,Allotted
16015,159476,Self-Financed Merit Seat,"Instt. Of Medical Sciences & SUM Hospital, Bhubaneswar,K 8 Kalinga Nagar Po Mahalaxmi Vihar Bhubaneswar",MBBS,Open,EWS,Allotted
16016,159505,Self-Financed Merit Seat,"Instt. Of Medical Sciences & SUM Hospital, Bhubaneswar,K 8 Kalinga Nagar Po Mahalaxmi Vihar Bhubaneswar",MBBS,Open,General,Allotted
16017,159510,Self-Financed Merit Seat,"Manipal College of Dental Science, Mangalore,Light House Hill Road, Mangalore India",BDS,Open,General,Allotted
16018,159517,Self-Financed Merit Seat,"Sri Ramachandra Medical College & Research Institute, Chennai,No. One Ramachandra Nagar, Porur, Chennai.",MBBS,Open,General,Allotted
16019,159526,B.Sc Nursing All India,"College of Nursing BHU, VARANASI,The Director Institute of Medical Sciences Banaras Hindu University, Uttar Pradesh, 221005",B.Sc. Nursing,SC,SC,Allotted
16020,159547,Self-Financed Merit Seat,"K S Hegde Medical Academy, Mangalore,Deralakatte, Mangaluru, Dakshina Kannada Dist, Karnataka",MBBS,Open,OBC,Allotted
16021,159608,Internal -Puducherry UT Domicile,"JIPMER PUDUCHERRY,Dhanvantari Nagar Gorimedu Puducherry",MBBS,SC,SC,Allotted
16022,159627,Self-Financed Merit Seat,"Sri Ramachandra Medical College & Research Institute, Chennai,No. One Ramachandra Nagar, Porur, Chennai.",MBBS,Open,SC,Allotted
16023,159633,Self-Financed Merit Seat,"Kalinga Institute of Medical Sciences, Bhubaneswar,CAMPUS-5 KUSHABHADRA CAMPUS P.O-KIIT BHUBANESWAR",MBBS,Open,General,Allotted
16024,159635,Self-Financed Merit Seat,"Jawaharlal Nehru Medical College, Belgaum,J.N. Medical College Campus, Nehru Nagar, Belagavi-590010. Karnataka, India.",MBBS,Open,General,Allotted
16025,159646,Self-Financed Merit Seat,"Kalinga Institute of Medical Sciences, Bhubaneswar,CAMPUS-5 KUSHABHADRA CAMPUS P.O-KIIT BHUBANESWAR",MBBS,Open,General,Allotted
16026,159767,Self-Financed Merit Seat,"Mahatma Gandhi Missions Medical College, Navi Mumbai,MGM Medical College, Plot No. 1-2, Sector 1, Kamothe, Navi Mumbai - 410 209",MBBS,Open,General,Allotted
16027,159780,Self-Financed Merit Seat,"K S Hegde Medical Academy, Mangalore,Deralakatte, Mangaluru, Dakshina Kannada Dist, Karnataka",MBBS,Open,General,Allotted
16028,159863,Self-Financed Merit Seat,"Saveetha Medical College and Hospital, Kanchipuram,Saveetha Nagar, Thandalam, Chennai",MBBS,Open,OBC,Allotted
16029,159893,Self-Financed Merit Seat,"Institute of Medical Sciences & SUM Hospital, Campus-II, Phulnakhara Bhubaneswar, Odhisha,At-Nakhara, Po-Phulnakhara, Bhubaneswar, Khordha",MBBS,Open,General,Allotted
16030,159900,Self-Financed Merit Seat,"Jawaharlal Nehru Medical College, Belgaum,J.N. Medical College Campus, Nehru Nagar, Belagavi-590010. Karnataka, India.",MBBS,Open,General,Allotted
16031,159914,Self-Financed Merit Seat,"MM College of Dental Scie. and Res., Mullana,M.M. COLLEGE OF DENTAL SCIENCES AND RESEARCH, MULLANA, AMBALA, HARYANA",BDS,Open,General,Allotted
16032,159920,Self-Financed Merit Seat,"MM College of Dental Scie. and Res., Mullana,M.M. COLLEGE OF DENTAL SCIENCES AND RESEARCH, MULLANA, AMBALA, HARYANA",BDS,Open,General,Allotted
16033,159923,Self-Financed Merit Seat,"Amrita School of Dentistry, Kochi,Amrita School of Dentistry, Amrita Institute of Medical Sciences (AIMS), AIMS Ponekkara P.O, Kochi",BDS,Open,OBC,Allotted
16034,160011,Self-Financed Merit Seat,"Sri Devaraj URS Medical College, Kolar,Post box No.7, SRI DEVARAJ URS MEDICAL COLLEGE, TAMAKA, KOLAR",MBBS,Open,General,Allotted
16035,160023,All India,"TAMILNADU GOVT D.C. & HOSP, CHENNAI,No. 1, TNPSC SALAI, PARK TOWN, CHENNAI 600003",BDS,ST,ST,Allotted
16036,160062,Self-Financed Merit Seat,"K S Hegde Medical Academy, Mangalore,Deralakatte, Mangaluru, Dakshina Kannada Dist, Karnataka",MBBS,Open,OBC,Allotted
16037,160139,Self-Financed Merit Seat,"Manipal College of Dental Sce., Manipal,Madhav Nagar, Manipal India",BDS,Open,General,Allotted
16038,160140,Self-Financed Merit Seat,"Sri siddhartha Institute of Medical Sciences & Research Centre, Bangalore,SRI SIDDHARTHA INSTITUTE OF MEDICAL SCIENCES AND RESEARCH CENTRE T BEGUR NELAMANGALA TALUK BANGALOR",MBBS,Open,General,Allotted
16039,160176,Self-Financed Merit Seat,"K S Hegde Medical Academy, Mangalore,Deralakatte, Mangaluru, Dakshina Kannada Dist, Karnataka",MBBS,Open,General,Allotted
16040,160233,Self-Financed Merit Seat,"Institute of Medical Sciences & SUM Hospital, Campus-II, Phulnakhara Bhubaneswar, Odhisha,At-Nakhara, Po-Phulnakhara, Bhubaneswar, Khordha",MBBS,Open,General,Allotted
16041,160270,Self-Financed Merit Seat,"K S Hegde Medical Academy, Mangalore,Deralakatte, Mangaluru, Dakshina Kannada Dist, Karnataka",MBBS,Open,General,Allotted
16042,160272,Self-Financed Merit Seat,"Institute of Medical Sciences & SUM Hospital, Campus-II, Phulnakhara Bhubaneswar, Odhisha,At-Nakhara, Po-Phulnakhara, Bhubaneswar, Khordha",MBBS,Open,General,Allotted
16043,160279,Self-Financed Merit Seat,"Institute of Medical Sciences & SUM Hospital, Campus-II, Phulnakhara Bhubaneswar, Odhisha,At-Nakhara, Po-Phulnakhara, Bhubaneswar, Khordha",MBBS,Open,General,Allotted
16044,160296,Self-Financed Merit Seat,"Amrita School of Medicine, Elamkara, Kochi,Amrita School of Medicine, Amrita Institute of Medical Sciences AIMS Ponekkara P.O Kochi 682041",MBBS,Open,OBC,Allotted
16045,160338,Self-Financed Merit Seat,"Sri siddhartha Institute of Medical Sciences & Research Centre, Bangalore,SRI SIDDHARTHA INSTITUTE OF MEDICAL SCIENCES AND RESEARCH CENTRE T BEGUR NELAMANGALA TALUK BANGALOR",MBBS,Open,General,Allotted
16046,160414,Self-Financed Merit Seat,"Faculty of Medicine , Sri Lalithambigai Medical College and Hospital,Faculty of Medicine - Sri Lalithambigai Medical College and Hospital, 1, Periyar EVR High Road, Ada",MBBS,Open,General,Allotted
16047,160422,Self-Financed Merit Seat,"Santosh Dental College and Hospital, Ghaziabad,No.1, Santosh Nagar, Ghaziabad, Delhi NCR",BDS,Open,General,Allotted
16048,160429,Self-Financed Merit Seat,"K S Hegde Medical Academy, Mangalore,Deralakatte, Mangaluru, Dakshina Kannada Dist, Karnataka",MBBS,Open,General,Allotted
16049,160466,Self-Financed Merit Seat,"Bharati Vidyapeeth Deemed University Medical College & Hospital, Sangli,Sangli Miraj Road Wanlesswadi Sangli Maharashtra",MBBS,Open,General,Allotted
16050,160525,Self-Financed Merit Seat,"K S Hegde Medical Academy, Mangalore,Deralakatte, Mangaluru, Dakshina Kannada Dist, Karnataka",MBBS,Open,OBC,Allotted
16051,160602,Self-Financed Merit Seat,"Krishna Institute of Medical Sciences, Karad,KARAD, DIST. SATARA (MAHARASHTRA STATE).",MBBS,Open,General,Allotted
16052,160616,Self-Financed Merit Seat,"Kalinga Institute of Medical Sciences, Bhubaneswar,CAMPUS-5 KUSHABHADRA CAMPUS P.O-KIIT BHUBANESWAR",MBBS,Open,General,Allotted
16053,160622,Self-Financed Merit Seat,"Mahatma Gandhi Missions Medical College, Navi Mumbai,MGM Medical College, Plot No. 1-2, Sector 1, Kamothe, Navi Mumbai - 410 209",MBBS,Open,General,Allotted
16054,160630,Self-Financed Merit Seat,"MANAV RACHNA DENTAL COLLEGE FARIDABAD,SECTOR - 43, DELHI SURAJKUND ROAD FARIDABAD",BDS,Open,EWS,Allotted
16055,160721,Self-Financed Merit Seat,"Amrita School of Medicine, Elamkara, Kochi,Amrita School of Medicine, Amrita Institute of Medical Sciences AIMS Ponekkara P.O Kochi 682041",MBBS,Open,General,Allotted
16056,160753,Self-Financed Merit Seat,"Manipal College of Dental Sce., Manipal,Madhav Nagar, Manipal India",BDS,Open,General,Allotted
16057,160755,Employees State Insurance Scheme(ESI),"Employees State Insurance Corporation Medical College, Joka, Kolkata,DIAMOND HARBOUR ROAD POST OFFICE JOKA KOLKATA 700104",MBBS,SC,SC,Allotted
16058,160767,Self-Financed Merit Seat,"Mahatma Gandhi Missions Medical College, Navi Mumbai,MGM Medical College, Plot No. 1-2, Sector 1, Kamothe, Navi Mumbai - 410 209",MBBS,Open,OBC,Allotted
16059,160777,Employees State Insurance Scheme(ESI),"Employees State Insurance Corporation Medical College, Faridabad,NH 3 NIT FARIDABAD, Haryana, 121001",MBBS,ST,ST,Allotted
16060,160844,Self-Financed Merit Seat,"SBKS Medical Instt. & Research Centre, Vadodra,Sumandeep Vidyapeeth Deemed to be University Campus, At. Po.Piparia, Tal.Waghodia, Dist.Vadodara",MBBS,Open,General,Allotted
16061,161012,Self-Financed Merit Seat,"Sri Ramachandra Medical College & Research Institute, Chennai,No. One Ramachandra Nagar, Porur, Chennai.",MBBS,Open,OBC,Allotted
16062,161092,B.Sc Nursing All India,"College of Nursing Dr. RML Hospital, New Delhi,Baba Kharak Singh Marg College of Nursing Dr RML Hospital (Female Seat only )",B.Sc. Nursing,SC,SC,Allotted
16063,161108,Self-Financed Merit Seat,"Amrita School of Medicine,Mata Amritanandmayi Marg, Sector-88, Faridabad",MBBS,Open,General,Allotted
16064,161136,Self-Financed Merit Seat,"Shri B M Patil Medical College, Hospital & Research Centre, Vijayapura (Bijapur,SMT BANGARAMMA SAJJAN CAMPUS B M PATIL ROAD (SOLAPUR ROAD) VIJAYAPURA KARNATAKA",MBBS,Open,General,Allotted
16065,161193,Self-Financed Merit Seat,"Kalinga Institute of Medical Sciences, Bhubaneswar,CAMPUS-5 KUSHABHADRA CAMPUS P.O-KIIT BHUBANESWAR",MBBS,Open,General,Allotted
16066,161223,Self-Financed Merit Seat,"Mahatma Gandhi Missions Medical College, Navi Mumbai,MGM Medical College, Plot No. 1-2, Sector 1, Kamothe, Navi Mumbai - 410 209",MBBS,Open,General,Allotted
16067,161239,Self-Financed Merit Seat,"Yenepoya Medical College, Mangalore,University Road Deralakatte Mangaluru",MBBS,Open,General,Allotted
16068,161280,Self-Financed Merit Seat,"Krishna Institute of Medical Sciences, Karad,KARAD, DIST. SATARA (MAHARASHTRA STATE).",MBBS,Open,General,Allotted
16069,161285,Self-Financed Merit Seat,"Rural Dental College, Loni,At - Loni Tal - Rahata Dist - Ahilyanagar Maharashtra State, India PIN-413736 (Near Shirdi)",BDS,Open,General,Allotted
16070,161342,Self-Financed Merit Seat,"Jawaharlal Nehru Medical College, Belgaum,J.N. Medical College Campus, Nehru Nagar, Belagavi-590010. Karnataka, India.",MBBS,Open,General,Allotted
16071,161356,Self-Financed Merit Seat,"Sri Ramachandra Medical College & Research Institute, Chennai,No. One Ramachandra Nagar, Porur, Chennai.",MBBS,Open,OBC,Allotted
16072,161366,Self-Financed Merit Seat,"Jawaharlal Nehru Medical College, Belgaum,J.N. Medical College Campus, Nehru Nagar, Belagavi-590010. Karnataka, India.",MBBS,Open,General,Allotted
16073,161403,Self-Financed Merit Seat,"K S Hegde Medical Academy, Mangalore,Deralakatte, Mangaluru, Dakshina Kannada Dist, Karnataka",MBBS,Open,General,Allotted
16074,161405,Self-Financed Merit Seat,"Dr. D Y Patil Medical College, Hospital and Research Centre, Pimpri, Pune,Dr. D. Y. Patil Medical College, Hospital and Research Centre, Sant Tukaram Nagar, Pimpri, Pune.",MBBS,Open,General,Allotted
16075,161491,Self-Financed Merit Seat,"K S Hegde Medical Academy, Mangalore,Deralakatte, Mangaluru, Dakshina Kannada Dist, Karnataka",MBBS,Open,OBC,Allotted
16076,161530,Employees State Insurance Scheme(ESI),"ESIC Medical College and Hospital, VARANASI,ESIC MEDICAL COLLEGE AND HOSPITAL, PANDEYPUR,VARANASI U. P. 221002",MBBS,SC,SC,Allotted
16077,161558,Self-Financed Merit Seat,"Manipal College of Dental Sce., Manipal,Madhav Nagar, Manipal India",BDS,Open,General,Allotted
16078,161571,Self-Financed Merit Seat,"Sri Siddhartha Medical College, Tumkur,SRI SIDDHARTHA MEDICAL COLLEGE B.H. ROAD, AGALAKOTE TUMKUR",MBBS,Open,OBC,Allotted
16079,161578,Self-Financed Merit Seat,"Mahatma Gandhi Missions Medical College, Navi Mumbai,MGM Medical College, Plot No. 1-2, Sector 1, Kamothe, Navi Mumbai - 410 209",MBBS,Open,General,Allotted
16080,161594,Self-Financed Merit Seat,"Jawaharlal Nehru Medical College, Belgaum,J.N. Medical College Campus, Nehru Nagar, Belagavi-590010. Karnataka, India.",MBBS,Open,General,Allotted
16081,161709,Self-Financed Merit Seat,"Amrita School of Medicine,Mata Amritanandmayi Marg, Sector-88, Faridabad",MBBS,Open,General,Allotted
16082,161788,Employees State Insurance Scheme(ESI),"ESIC Medical College & PGIMSR, K.K Nagar, Chennai,ASHOK PILLAR ROAD, KK NAGAR, CHENNAI",MBBS,SC,SC,Allotted
16083,161818,Self-Financed Merit Seat,"SBKS Medical Instt. & Research Centre, Vadodra,Sumandeep Vidyapeeth Deemed to be University Campus, At. Po.Piparia, Tal.Waghodia, Dist.Vadodara",MBBS,Open,General,Allotted
16084,161837,Open Seat Quota,"AIIMS Rajkot,Admission cell, Academic section, First floor, Academic block, Permanent Campus, AIIMS Rajkot, Khand",MBBS,Open PwD,General PwD,Allotted
16085,161848,Self-Financed Merit Seat,"Santosh Dental College and Hospital, Ghaziabad,No.1, Santosh Nagar, Ghaziabad, Delhi NCR",BDS,Open,OBC,Allotted
16086,161856,Self-Financed Merit Seat,"Jawaharlal Nehru Medical College, Belgaum,J.N. Medical College Campus, Nehru Nagar, Belagavi-590010. Karnataka, India.",MBBS,Open,General,Allotted
16087,161888,Delhi University Quota,"Maulana Azad Institute of Dental Sciences, New Delhi,MAMC Complex, B.S. Zafar Marg, New Delhi",BDS,ST,ST,Allotted
16088,162025,Self-Financed Merit Seat,"K S Hegde Medical Academy, Mangalore,Deralakatte, Mangaluru, Dakshina Kannada Dist, Karnataka",MBBS,Open,General,Allotted
16089,162035,Self-Financed Merit Seat,"K S Hegde Medical Academy, Mangalore,Deralakatte, Mangaluru, Dakshina Kannada Dist, Karnataka",MBBS,Open,General,Allotted
16090,162037,Self-Financed Merit Seat,"Mahatma Gandhi Missions Medical College, Navi Mumbai,MGM Medical College, Plot No. 1-2, Sector 1, Kamothe, Navi Mumbai - 410 209",MBBS,Open,General,Allotted
16091,162052,Self-Financed Merit Seat,"Kalinga Institute of Medical Sciences, Bhubaneswar,CAMPUS-5 KUSHABHADRA CAMPUS P.O-KIIT BHUBANESWAR",MBBS,Open,General,Allotted
16092,162070,Self-Financed Merit Seat,"Amrita School of Medicine,Mata Amritanandmayi Marg, Sector-88, Faridabad",MBBS,Open,General,Allotted
16093,162071,All India,"NORTH BENGAL DENT.COLL,SUSHRUTNAGAR,P.O SHUSHRUTA NAGAR, DIST. DARJEELING,",BDS,ST,ST,Allotted
16094,162101,Employees State Insurance Scheme(ESI),"Employees State Insurance Corporation Medical College, Joka, Kolkata,DIAMOND HARBOUR ROAD POST OFFICE JOKA KOLKATA 700104",MBBS,SC,SC,Allotted
16095,162110,Self-Financed Merit Seat,"Sri Ramachandra Medical College & Research Institute, Chennai,No. One Ramachandra Nagar, Porur, Chennai.",MBBS,Open,General,Allotted
16096,162120,Self-Financed Merit Seat,"Jawaharlal Nehru Medical College, Belgaum,J.N. Medical College Campus, Nehru Nagar, Belagavi-590010. Karnataka, India.",MBBS,Open,General,Allotted
16097,162169,Self-Financed Merit Seat,"Sri Ramachandra Medical College & Research Institute, Chennai,No. One Ramachandra Nagar, Porur, Chennai.",MBBS,Open,General,Allotted
16098,162328,Self-Financed Merit Seat,"Kalinga Institute of Medical Sciences, Bhubaneswar,CAMPUS-5 KUSHABHADRA CAMPUS P.O-KIIT BHUBANESWAR",MBBS,Open,General,Allotted
16099,162387,Self-Financed Merit Seat,"Kalinga Institute of Medical Sciences, Bhubaneswar,CAMPUS-5 KUSHABHADRA CAMPUS P.O-KIIT BHUBANESWAR",MBBS,Open,General,Allotted
16100,162419,Self-Financed Merit Seat,"Mahatma Gandhi Mission Medical College, Vashi,Sector 30, Vashi, Navi Mumbai",MBBS,Open,General,Allotted
16101,162466,Self-Financed Merit Seat,"K S Hegde Medical Academy, Mangalore,Deralakatte, Mangaluru, Dakshina Kannada Dist, Karnataka",MBBS,Open,General,Allotted
16102,162491,Self-Financed Merit Seat,"Jawaharlal Nehru Medical College, Belgaum,J.N. Medical College Campus, Nehru Nagar, Belagavi-590010. Karnataka, India.",MBBS,Open,General,Allotted
16103,162519,Self-Financed Merit Seat,"Amrita School of Medicine,Mata Amritanandmayi Marg, Sector-88, Faridabad",MBBS,Open,General,Allotted
16104,162528,Self-Financed Merit Seat,"Mahatma Gandhi Missions Medical College, Navi Mumbai,MGM Medical College, Plot No. 1-2, Sector 1, Kamothe, Navi Mumbai - 410 209",MBBS,Open,OBC,Allotted
16105,162575,Self-Financed Merit Seat,"Sri Devaraj URS Medical College, Kolar,Post box No.7, SRI DEVARAJ URS MEDICAL COLLEGE, TAMAKA, KOLAR",MBBS,Open,OBC,Allotted
16106,162606,Self-Financed Merit Seat,"K S Hegde Medical Academy, Mangalore,Deralakatte, Mangaluru, Dakshina Kannada Dist, Karnataka",MBBS,Open,OBC,Allotted
16107,162754,Self-Financed Merit Seat,"K S Hegde Medical Academy, Mangalore,Deralakatte, Mangaluru, Dakshina Kannada Dist, Karnataka",MBBS,Open,OBC,Allotted
16108,162764,Self-Financed Merit Seat,"Mahatma Gandhi Missions Medical College, Aurangabad,N-6, Cidco, Chhatrapati Sambhajinagar -Aurangabad",MBBS,Open,OBC,Allotted
16109,162802,Self-Financed Merit Seat,"Institute of Medical Sciences & SUM Hospital, Campus-II, Phulnakhara Bhubaneswar, Odhisha,At-Nakhara, Po-Phulnakhara, Bhubaneswar, Khordha",MBBS,Open,General,Allotted
16110,162829,Self-Financed Merit Seat,"K S Hegde Medical Academy, Mangalore,Deralakatte, Mangaluru, Dakshina Kannada Dist, Karnataka",MBBS,Open,General,Allotted
16111,162875,Self-Financed Merit Seat,"K S Hegde Medical Academy, Mangalore,Deralakatte, Mangaluru, Dakshina Kannada Dist, Karnataka",MBBS,Open,General,Allotted
16112,162895,Self-Financed Merit Seat,"Kalinga Institute of Medical Sciences, Bhubaneswar,CAMPUS-5 KUSHABHADRA CAMPUS P.O-KIIT BHUBANESWAR",MBBS,Open,OBC,Allotted
16113,162910,Self-Financed Merit Seat,"Amrita School of Medicine,Mata Amritanandmayi Marg, Sector-88, Faridabad",MBBS,Open,General,Allotted
16114,162921,Self-Financed Merit Seat,"Manipal College of Dental Science, Mangalore,Light House Hill Road, Mangalore India",BDS,Open,General,Allotted
16115,162933,Self-Financed Merit Seat,"Jawaharlal Nehru Medical College, Belgaum,J.N. Medical College Campus, Nehru Nagar, Belagavi-590010. Karnataka, India.",MBBS,Open,General,Allotted
16116,162968,Self-Financed Merit Seat,"Mahatma Gandhi Missions Medical College, Aurangabad,N-6, Cidco, Chhatrapati Sambhajinagar -Aurangabad",MBBS,Open,EWS,Allotted
16117,162983,Self-Financed Merit Seat,"Jawaharlal Nehru Medical College, Belgaum,J.N. Medical College Campus, Nehru Nagar, Belagavi-590010. Karnataka, India.",MBBS,Open,General,Allotted
16118,163072,Self-Financed Merit Seat,"Jawaharlal Nehru Medical College, Belgaum,J.N. Medical College Campus, Nehru Nagar, Belagavi-590010. Karnataka, India.",MBBS,Open,General,Allotted
16119,163096,All India,"GOVT. DENTAL COLLEGE, TRIVANDRUM,Govt Dental College Thiruvananthapuram Kerala",BDS,ST,ST,Allotted
16120,163169,Self-Financed Merit Seat,"Maharishi Markandeshwar Institute Of Medical Sciences & Research, Mullana, Ambala,M.M. INSTITUTE OF MEDICAL SCIENCES AND RESEARCH, MULLANA, AMBALA, HARYANA.",MBBS,Open,OBC,Allotted
16121,163225,Self-Financed Merit Seat,"Institute of Medical Sciences & SUM Hospital, Campus-II, Phulnakhara Bhubaneswar, Odhisha,At-Nakhara, Po-Phulnakhara, Bhubaneswar, Khordha",MBBS,Open,General,Allotted
16122,163314,Self-Financed Merit Seat,"Sri Ramachandra Medical College & Research Institute, Chennai,No. One Ramachandra Nagar, Porur, Chennai.",MBBS,Open,OBC,Allotted
16123,163322,Self-Financed Merit Seat,"Manipal College of Dental Sce., Manipal,Madhav Nagar, Manipal India",BDS,Open,General,Allotted
16124,163332,Self-Financed Merit Seat,"Institute of Medical Sciences & SUM Hospital, Campus-II, Phulnakhara Bhubaneswar, Odhisha,At-Nakhara, Po-Phulnakhara, Bhubaneswar, Khordha",MBBS,Open,General,Allotted
16125,163417,Self-Financed Merit Seat,"K S Hegde Medical Academy, Mangalore,Deralakatte, Mangaluru, Dakshina Kannada Dist, Karnataka",MBBS,Open,General,Allotted
16126,163549,Self-Financed Merit Seat,"Jawaharlal Nehru Medical College, Belgaum,J.N. Medical College Campus, Nehru Nagar, Belagavi-590010. Karnataka, India.",MBBS,Open,OBC,Allotted
16127,163599,Self-Financed Merit Seat,"Amrita School of Medicine, Elamkara, Kochi,Amrita School of Medicine, Amrita Institute of Medical Sciences AIMS Ponekkara P.O Kochi 682041",MBBS,Open,General,Allotted
16128,163606,Self-Financed Merit Seat,"Vinayaka Missions Kirupananda Variyar Medical College, Salem,Sankari Main Road, (NH-47), Seeragapadi, Salem",MBBS,Open,General,Allotted
16129,163608,Employees State Insurance Scheme(ESI),"Employees State Insurance Coporation Medical College, Sanath Nagar, Hyderabad,Sanathnagar, Hyderabad",MBBS,ST,ST,Allotted
16130,163651,Self-Financed Merit Seat,"Maharishi Markandeshwar Institute Of Medical Sciences & Research, Mullana, Ambala,M.M. INSTITUTE OF MEDICAL SCIENCES AND RESEARCH, MULLANA, AMBALA, HARYANA.",MBBS,Open,General,Allotted
16131,163709,Self-Financed Merit Seat,"K S Hegde Medical Academy, Mangalore,Deralakatte, Mangaluru, Dakshina Kannada Dist, Karnataka",MBBS,Open,General,Allotted
16132,163772,All India,"GOVT. DENTAL COLLEGE & HOSP.,NAGPUR,Government Dental College And Hospital GMC Campus Nagpur",BDS,ST,ST,Allotted
16133,163783,Self-Financed Merit Seat,"Mahatma Gandhi Missions Medical College, Aurangabad,N-6, Cidco, Chhatrapati Sambhajinagar -Aurangabad",MBBS,Open,General,Allotted
16134,163826,Self-Financed Merit Seat,"Mahatma Gandhi Missions Medical College, Navi Mumbai,MGM Medical College, Plot No. 1-2, Sector 1, Kamothe, Navi Mumbai - 410 209",MBBS,Open,EWS,Allotted
16135,163881,Self-Financed Merit Seat,"K S Hegde Medical Academy, Mangalore,Deralakatte, Mangaluru, Dakshina Kannada Dist, Karnataka",MBBS,Open,OBC,Allotted
16136,163912,Self-Financed Merit Seat,"Sri Ramachandra Medical College & Research Institute, Chennai,No. One Ramachandra Nagar, Porur, Chennai.",MBBS,Open,General,Allotted
16137,164018,Self-Financed Merit Seat,"Sri Devaraj URS Medical College, Kolar,Post box No.7, SRI DEVARAJ URS MEDICAL COLLEGE, TAMAKA, KOLAR",MBBS,Open,OBC,Allotted
16138,164023,Self-Financed Merit Seat,"Jawaharlal Nehru Medical College, Belgaum,J.N. Medical College Campus, Nehru Nagar, Belagavi-590010. Karnataka, India.",MBBS,Open,OBC,Allotted
16139,164037,Self-Financed Merit Seat,"Kalinga Institute of Medical Sciences, Bhubaneswar,CAMPUS-5 KUSHABHADRA CAMPUS P.O-KIIT BHUBANESWAR",MBBS,Open,OBC,Allotted
16140,164041,Non-Resident Indian,"Kasturba Medical College, Mangalore,Light house Hill Road, Mangalore, India",MBBS,Open,General,Allotted( NRI Priority : 1 )
16141,164050,Self-Financed Merit Seat,"K S Hegde Medical Academy, Mangalore,Deralakatte, Mangaluru, Dakshina Kannada Dist, Karnataka",MBBS,Open,General,Allotted
16142,164084,Self-Financed Merit Seat,"Jawaharlal Nehru Medical College, Belgaum,J.N. Medical College Campus, Nehru Nagar, Belagavi-590010. Karnataka, India.",MBBS,Open,General,Allotted
16143,164133,Self-Financed Merit Seat,"Amrita School of Medicine,Mata Amritanandmayi Marg, Sector-88, Faridabad",MBBS,Open,General,Allotted
16144,164199,B.Sc Nursing All India,"College of Nursing BHU, VARANASI,The Director Institute of Medical Sciences Banaras Hindu University, Uttar Pradesh, 221005",B.Sc. Nursing,SC,SC,Allotted
16145,164216,Self-Financed Merit Seat,"Jawaharlal Nehru Medical College, Belgaum,J.N. Medical College Campus, Nehru Nagar, Belagavi-590010. Karnataka, India.",MBBS,Open,General,Allotted
16146,164268,Employees State Insurance Scheme(ESI),"ESIC MEDICAL COLLEGE AND HOSPITAL, ANDHERI,CENTRAL ROAD, MIDC, ANDHERI (EAST) MUMBAI",MBBS,SC,SC,Allotted
16147,164279,Self-Financed Merit Seat,"Sri Ramachandra Medical College & Research Institute, Chennai,No. One Ramachandra Nagar, Porur, Chennai.",MBBS,Open,General,Allotted
16148,164331,Self-Financed Merit Seat,"Mahatma Gandhi Missions Medical College, Navi Mumbai,MGM Medical College, Plot No. 1-2, Sector 1, Kamothe, Navi Mumbai - 410 209",MBBS,Open,OBC,Allotted
16149,164357,Self-Financed Merit Seat,"Mahatma Gandhi Missions Medical College, Aurangabad,N-6, Cidco, Chhatrapati Sambhajinagar -Aurangabad",MBBS,Open,EWS,Allotted
16150,164423,Self-Financed Merit Seat,"Instt. Of Medical Sciences & SUM Hospital, Bhubaneswar,K 8 Kalinga Nagar Po Mahalaxmi Vihar Bhubaneswar",MBBS,Open,General,Allotted
16151,164531,Self-Financed Merit Seat,"Mahatma Gandhi Missions Medical College, Navi Mumbai,MGM Medical College, Plot No. 1-2, Sector 1, Kamothe, Navi Mumbai - 410 209",MBBS,Open,General,Allotted
16152,164546,Self-Financed Merit Seat,"Sri Siddhartha Medical College, Tumkur,SRI SIDDHARTHA MEDICAL COLLEGE B.H. ROAD, AGALAKOTE TUMKUR",MBBS,Open,General,Allotted
16153,164593,Employees State Insurance Scheme(ESI),"Employees State Insurance Corporation Medical College, Bangalore,ESIC Medical College and Hospital, Rajajinagar, Bengaluru-560010",MBBS,SC,SC,Allotted
16154,164603,Self-Financed Merit Seat,"Manipal College of Dental Sce., Manipal,Madhav Nagar, Manipal India",BDS,Open,General,Allotted
16155,164605,Self-Financed Merit Seat,"Jawaharlal Nehru Medical College, Belgaum,J.N. Medical College Campus, Nehru Nagar, Belagavi-590010. Karnataka, India.",MBBS,Open,General,Allotted
16156,164630,Self-Financed Merit Seat,"K S Hegde Medical Academy, Mangalore,Deralakatte, Mangaluru, Dakshina Kannada Dist, Karnataka",MBBS,Open,General,Allotted
16157,164739,Self-Financed Merit Seat,"Mahatma Gandhi Missions Medical College, Navi Mumbai,MGM Medical College, Plot No. 1-2, Sector 1, Kamothe, Navi Mumbai - 410 209",MBBS,Open,General,Allotted
16158,164765,Self-Financed Merit Seat,"K S Hegde Medical Academy, Mangalore,Deralakatte, Mangaluru, Dakshina Kannada Dist, Karnataka",MBBS,Open,General,Allotted
16159,164852,Self-Financed Merit Seat,"Mahatma Gandhi Missions Medical College, Aurangabad,N-6, Cidco, Chhatrapati Sambhajinagar -Aurangabad",MBBS,Open,OBC,Allotted
16160,164871,Self-Financed Merit Seat,"Saveetha Medical College and Hospital, Kanchipuram,Saveetha Nagar, Thandalam, Chennai",MBBS,Open,General,Allotted
16161,164881,Self-Financed Merit Seat,"Amrita School of Medicine,Mata Amritanandmayi Marg, Sector-88, Faridabad",MBBS,Open,General,Allotted
16162,164891,Self-Financed Merit Seat,"Instt. Of Medical Sciences & SUM Hospital, Bhubaneswar,K 8 Kalinga Nagar Po Mahalaxmi Vihar Bhubaneswar",MBBS,Open,General,Allotted
16163,164938,Self-Financed Merit Seat,"Manipal College of Dental Sce., Manipal,Madhav Nagar, Manipal India",BDS,Open,General,Allotted
16164,164983,Self-Financed Merit Seat,"Jawaharlal Nehru Medical College, Belgaum,J.N. Medical College Campus, Nehru Nagar, Belagavi-590010. Karnataka, India.",MBBS,Open,General,Allotted
16165,165017,Self-Financed Merit Seat,"Maharishi Markandeshwar Institute Of Medical Sciences & Research, Mullana, Ambala,M.M. INSTITUTE OF MEDICAL SCIENCES AND RESEARCH, MULLANA, AMBALA, HARYANA.",MBBS,Open,General,Allotted
16166,165044,Self-Financed Merit Seat,"Instt. Of Medical Sciences & SUM Hospital, Bhubaneswar,K 8 Kalinga Nagar Po Mahalaxmi Vihar Bhubaneswar",MBBS,Open,General,Allotted
16167,165051,Self-Financed Merit Seat,"Mahatma Gandhi Missions Medical College, Navi Mumbai,MGM Medical College, Plot No. 1-2, Sector 1, Kamothe, Navi Mumbai - 410 209",MBBS,Open,OBC,Allotted
16168,165126,Self-Financed Merit Seat,"Jawaharlal Nehru Medical College, Belgaum,J.N. Medical College Campus, Nehru Nagar, Belagavi-590010. Karnataka, India.",MBBS,Open,General,Allotted
16169,165176,Self-Financed Merit Seat,"Faculty of Medicine , Sri Lalithambigai Medical College and Hospital,Faculty of Medicine - Sri Lalithambigai Medical College and Hospital, 1, Periyar EVR High Road, Ada",MBBS,Open,OBC,Allotted
16170,165204,Self-Financed Merit Seat,"Mahatma Gandhi Missions Medical College, Navi Mumbai,MGM Medical College, Plot No. 1-2, Sector 1, Kamothe, Navi Mumbai - 410 209",MBBS,Open,General,Allotted
16171,165223,Self-Financed Merit Seat,"Jawaharlal Nehru Medical College, Belgaum,J.N. Medical College Campus, Nehru Nagar, Belagavi-590010. Karnataka, India.",MBBS,Open,OBC,Allotted
16172,165229,Self-Financed Merit Seat,"Jawaharlal Nehru Medical College, Belgaum,J.N. Medical College Campus, Nehru Nagar, Belagavi-590010. Karnataka, India.",MBBS,Open,SC,Allotted
16173,165350,Self-Financed Merit Seat,"Sri Ramachandra Medical College & Research Institute, Chennai,No. One Ramachandra Nagar, Porur, Chennai.",MBBS,Open,General,Allotted
16174,165373,All India,"GOVT DENTAL COLLEGE Kannur,Pariyaram Medical College P O, Kannur, Kerala- 670503.",BDS,ST,ST,Allotted
16175,165580,Self-Financed Merit Seat,"Amrita School of Medicine,Mata Amritanandmayi Marg, Sector-88, Faridabad",MBBS,Open,General,Allotted
16176,165585,Self-Financed Merit Seat,"Shri B M Patil Medical College, Hospital & Research Centre, Vijayapura (Bijapur,SMT BANGARAMMA SAJJAN CAMPUS B M PATIL ROAD (SOLAPUR ROAD) VIJAYAPURA KARNATAKA",MBBS,Open,General,Allotted
16177,165611,All India,"GOVT. DENTAL COLL.& HOSP., JAMNAGAR,Opp. City Police Line, Navagam Ghed, Jamnagar",BDS,ST,ST,Allotted
16178,165662,Employees State Insurance Scheme(ESI),"ESIC Medical College & PGIMSR, K.K Nagar, Chennai,ASHOK PILLAR ROAD, KK NAGAR, CHENNAI",MBBS,SC,SC,Allotted
16179,165687,Self-Financed Merit Seat,"Amrita School of Medicine, Elamkara, Kochi,Amrita School of Medicine, Amrita Institute of Medical Sciences AIMS Ponekkara P.O Kochi 682041",MBBS,Open,General,Allotted
16180,165802,Self-Financed Merit Seat,"Amrita School of Medicine, Elamkara, Kochi,Amrita School of Medicine, Amrita Institute of Medical Sciences AIMS Ponekkara P.O Kochi 682041",MBBS,Open,General,Allotted
16181,165827,Self-Financed Merit Seat,"Dr. D Y Patil Medical College, Hospital and Research Centre, Pimpri, Pune,Dr. D. Y. Patil Medical College, Hospital and Research Centre, Sant Tukaram Nagar, Pimpri, Pune.",MBBS,Open,General,Allotted
16182,165847,Self-Financed Merit Seat,"Faculty of Medicine , Sri Lalithambigai Medical College and Hospital,Faculty of Medicine - Sri Lalithambigai Medical College and Hospital, 1, Periyar EVR High Road, Ada",MBBS,Open,General,Allotted
16183,165856,Self-Financed Merit Seat,"K S Hegde Medical Academy, Mangalore,Deralakatte, Mangaluru, Dakshina Kannada Dist, Karnataka",MBBS,Open,General,Allotted
16184,165909,Self-Financed Merit Seat,"Shri B M Patil Medical College, Hospital & Research Centre, Vijayapura (Bijapur,SMT BANGARAMMA SAJJAN CAMPUS B M PATIL ROAD (SOLAPUR ROAD) VIJAYAPURA KARNATAKA",MBBS,Open,OBC,Allotted
16185,165979,Self-Financed Merit Seat,"Amrita School of Medicine, Elamkara, Kochi,Amrita School of Medicine, Amrita Institute of Medical Sciences AIMS Ponekkara P.O Kochi 682041",MBBS,Open,General,Allotted
16186,166065,Self-Financed Merit Seat,"Maharishi Markandeshwar Institute Of Medical Sciences & Research, Mullana, Ambala,M.M. INSTITUTE OF MEDICAL SCIENCES AND RESEARCH, MULLANA, AMBALA, HARYANA.",MBBS,Open,General,Allotted
16187,166193,Employees State Insurance Scheme(ESI),"ESIC MEDICAL COLLEGE AND HOSPITAL,INDORE,ESIC Medical College and Hospital, Nanda Nagar, Indore",MBBS,SC,SC,Allotted
16188,166211,Self-Financed Merit Seat,"Sri Ramachandra Medical College & Research Institute, Chennai,No. One Ramachandra Nagar, Porur, Chennai.",MBBS,Open,OBC,Allotted
16189,166272,Self-Financed Merit Seat,"Sri Devaraj URS Medical College, Kolar,Post box No.7, SRI DEVARAJ URS MEDICAL COLLEGE, TAMAKA, KOLAR",MBBS,Open,OBC,Allotted
16190,166314,Open Seat Quota,"All India Institute of Medical Sciences, Rewari,Director Office, AIIMS Rewari (Majra M. Bhalkhi) , Haryana , 123102 , India",MBBS,Open PwD,OBC PwD,Allotted
16191,166383,Employees State Insurance Scheme(ESI),"Employees State Insurance Corporation Medical College, Bangalore,ESIC Medical College and Hospital, Rajajinagar, Bengaluru-560010",MBBS,SC,SC,Allotted
16192,166525,Self-Financed Merit Seat,"Jawaharlal Nehru Medical College, Belgaum,J.N. Medical College Campus, Nehru Nagar, Belagavi-590010. Karnataka, India.",MBBS,Open,General,Allotted
16193,166616,All India,"Government Dental College, Jodhpur,INTEGRATED COMPLEX, NEW POWER HOUSE ROAD, SHASTRI NAGAR JODHPUR",BDS,ST,ST,Allotted
16194,166646,Self-Financed Merit Seat,"Manipal College of Dental Sce., Manipal,Madhav Nagar, Manipal India",BDS,Open,General,Allotted
16195,166678,Self-Financed Merit Seat,"Instt. Of Medical Sciences & SUM Hospital, Bhubaneswar,K 8 Kalinga Nagar Po Mahalaxmi Vihar Bhubaneswar",MBBS,Open,General,Allotted
16196,166735,Self-Financed Merit Seat,"Malla Reddy Institute of Medical Sciences, Hyderabad,Suraram X Roads Jeedimetla Hyderabad",MBBS,Open,General,Allotted
16197,166778,Self-Financed Merit Seat,"Jawaharlal Nehru Medical College, Belgaum,J.N. Medical College Campus, Nehru Nagar, Belagavi-590010. Karnataka, India.",MBBS,Open,EWS,Allotted
16198,166794,B.Sc Nursing All India,"College of Nursing BHU, VARANASI,The Director Institute of Medical Sciences Banaras Hindu University, Uttar Pradesh, 221005",B.Sc. Nursing,SC,SC,Allotted
16199,166846,Self-Financed Merit Seat,"Institute of Medical Sciences & SUM Hospital, Campus-II, Phulnakhara Bhubaneswar, Odhisha,At-Nakhara, Po-Phulnakhara, Bhubaneswar, Khordha",MBBS,Open,General,Allotted
16200,166849,Self-Financed Merit Seat,"Mahatma Gandhi Missions Medical College, Navi Mumbai,MGM Medical College, Plot No. 1-2, Sector 1, Kamothe, Navi Mumbai - 410 209",MBBS,Open,General,Allotted
16201,166871,Self-Financed Merit Seat,"Mahatma Gandhi Missions Medical College, Navi Mumbai,MGM Medical College, Plot No. 1-2, Sector 1, Kamothe, Navi Mumbai - 410 209",MBBS,Open,General,Allotted
16202,166873,B.Sc Nursing All India,"College of Nursing BHU, VARANASI,The Director Institute of Medical Sciences Banaras Hindu University, Uttar Pradesh, 221005",B.Sc. Nursing,SC,SC,Allotted
16203,166885,All India,"MP Shah Medical College, Jamnagar,PANDIT NEHRU MARG, JAMNAGAR 361008",MBBS,Open PwD,General PwD,Allotted
16204,166922,Self-Financed Merit Seat,"Bharati Vidyapeeth University Medical College, Pune,Dhankawadi, Pune-Satara Road, Pune",MBBS,Open,General,Allotted
16205,166928,Self-Financed Merit Seat,"Jawaharlal Nehru Medical College, Belgaum,J.N. Medical College Campus, Nehru Nagar, Belagavi-590010. Karnataka, India.",MBBS,Open,General,Allotted
16206,167005,Self-Financed Merit Seat,"Sri Lakshmi Narayana Institute of Medical Sciences, Pondicherry,OSUDU, AGARAM VILLAGE, KOODAPAKKAM POST, VILLIANUR COMMUNE, PUDUCHERRY",MBBS,Open,OBC,Allotted
16207,167026,Self-Financed Merit Seat,"Sri Devaraj URS Medical College, Kolar,Post box No.7, SRI DEVARAJ URS MEDICAL COLLEGE, TAMAKA, KOLAR",MBBS,Open,OBC,Allotted
16208,167058,Self-Financed Merit Seat,"Institute of Medical Sciences & SUM Hospital, Campus-II, Phulnakhara Bhubaneswar, Odhisha,At-Nakhara, Po-Phulnakhara, Bhubaneswar, Khordha",MBBS,Open,General,Allotted
16209,167103,B.Sc Nursing All India,"College of Nursing Safdarjung Hospital, New Delhi,VMMC and Safdarjung Hospital (Female Seat only )",B.Sc. Nursing,SC,SC,Allotted
16210,167110,Self-Financed Merit Seat,"Mahatma Gandhi Missions Medical College, Navi Mumbai,MGM Medical College, Plot No. 1-2, Sector 1, Kamothe, Navi Mumbai - 410 209",MBBS,Open,General,Allotted
16211,167121,Self-Financed Merit Seat,"Mahatma Gandhi Missions Medical College, Aurangabad,N-6, Cidco, Chhatrapati Sambhajinagar -Aurangabad",MBBS,Open,OBC,Allotted
16212,167207,Self-Financed Merit Seat,"Manipal College of Dental Sce., Manipal,Madhav Nagar, Manipal India",BDS,Open,General,Allotted
16213,167218,Open Seat Quota,"AIIMS, Madurai,AIIMS MADURAI",MBBS,Open PwD,General PwD,Allotted
16214,167243,Self-Financed Merit Seat,"Instt. Of Medical Sciences & SUM Hospital, Bhubaneswar,K 8 Kalinga Nagar Po Mahalaxmi Vihar Bhubaneswar",MBBS,Open,General,Allotted
16215,167354,Self-Financed Merit Seat,"Institute of Medical Sciences & SUM Hospital, Campus-II, Phulnakhara Bhubaneswar, Odhisha,At-Nakhara, Po-Phulnakhara, Bhubaneswar, Khordha",MBBS,Open,General,Allotted
16216,167357,Self-Financed Merit Seat,"Shri B M Patil Medical College, Hospital & Research Centre, Vijayapura (Bijapur,SMT BANGARAMMA SAJJAN CAMPUS B M PATIL ROAD (SOLAPUR ROAD) VIJAYAPURA KARNATAKA",MBBS,Open,General,Allotted
16217,167442,Self-Financed Merit Seat,"Dr. D Y Patil Medical College, Hospital and Research Centre, Pimpri, Pune,Dr. D. Y. Patil Medical College, Hospital and Research Centre, Sant Tukaram Nagar, Pimpri, Pune.",MBBS,Open,General,Allotted
16218,167541,Self-Financed Merit Seat,"Institute of Medical Sciences & SUM Hospital, Campus-II, Phulnakhara Bhubaneswar, Odhisha,At-Nakhara, Po-Phulnakhara, Bhubaneswar, Khordha",MBBS,Open,General,Allotted
16219,167595,IP University Quota,"Vardhman Mahavir Medical College & Safdarjung Hospital, Delhi,Vardhman Mahavir Medical College And Safdarjung Hospital, New Delhi, Delhi (NCT), 110029",MBBS,Open PwD,OBC PwD,Allotted
16220,167673,Self-Financed Merit Seat,"Amrita School of Medicine,Mata Amritanandmayi Marg, Sector-88, Faridabad",MBBS,Open,General,Allotted
16221,167688,Self-Financed Merit Seat,"Jawaharlal Nehru Medical College, Belgaum,J.N. Medical College Campus, Nehru Nagar, Belagavi-590010. Karnataka, India.",MBBS,Open,General,Allotted
16222,167796,Self-Financed Merit Seat,"Jawaharlal Nehru Medical College, Belgaum,J.N. Medical College Campus, Nehru Nagar, Belagavi-590010. Karnataka, India.",MBBS,Open,General,Allotted
16223,167842,Self-Financed Merit Seat,"Shri B M Patil Medical College, Hospital & Research Centre, Vijayapura (Bijapur,SMT BANGARAMMA SAJJAN CAMPUS B M PATIL ROAD (SOLAPUR ROAD) VIJAYAPURA KARNATAKA",MBBS,Open,OBC,Allotted
16224,167861,Self-Financed Merit Seat,"Malla Reddy Institute of Medical Sciences, Hyderabad,Suraram X Roads Jeedimetla Hyderabad",MBBS,Open,General,Allotted
16225,167879,Self-Financed Merit Seat,"Jawaharlal Nehru Medical College, Belgaum,J.N. Medical College Campus, Nehru Nagar, Belagavi-590010. Karnataka, India.",MBBS,Open,General,Allotted
16226,167919,Employees State Insurance Scheme(ESI),"Employees State Insurance Corporation Medical College, Gulbarga,ESIC Medical College and Hospital, Sedam Road Gulbarga-585106 Karnataka",MBBS,SC,SC,Allotted
16227,167950,Self-Financed Merit Seat,"Sri siddhartha Institute of Medical Sciences & Research Centre, Bangalore,SRI SIDDHARTHA INSTITUTE OF MEDICAL SCIENCES AND RESEARCH CENTRE T BEGUR NELAMANGALA TALUK BANGALOR",MBBS,Open,General,Allotted
16228,168019,Self-Financed Merit Seat,"Saveetha Dental College, Chennai,Saveetha Dental College and Hospitals,162, Poonamallee high road, Velapanchavadi, Chennai",BDS,Open,General,Allotted
16229,168057,Self-Financed Merit Seat,"Kalinga Institute of Medical Sciences, Bhubaneswar,CAMPUS-5 KUSHABHADRA CAMPUS P.O-KIIT BHUBANESWAR",MBBS,Open,OBC,Allotted
16230,168119,Self-Financed Merit Seat,"Jawaharlal Nehru Medical College, Belgaum,J.N. Medical College Campus, Nehru Nagar, Belagavi-590010. Karnataka, India.",MBBS,Open,General,Allotted
16231,168220,Self-Financed Merit Seat,"Amrita School of Medicine, Elamkara, Kochi,Amrita School of Medicine, Amrita Institute of Medical Sciences AIMS Ponekkara P.O Kochi 682041",MBBS,Open,General,Allotted
16232,168262,Self-Financed Merit Seat,"Amrita School of Medicine, Elamkara, Kochi,Amrita School of Medicine, Amrita Institute of Medical Sciences AIMS Ponekkara P.O Kochi 682041",MBBS,Open,General,Allotted
16233,168292,Self-Financed Merit Seat,"Jawaharlal Nehru Medical College, Belgaum,J.N. Medical College Campus, Nehru Nagar, Belagavi-590010. Karnataka, India.",MBBS,Open,General,Allotted
16234,168393,Self-Financed Merit Seat,"Kalinga Institute of Medical Sciences, Bhubaneswar,CAMPUS-5 KUSHABHADRA CAMPUS P.O-KIIT BHUBANESWAR",MBBS,Open,General,Allotted
16235,168469,Self-Financed Merit Seat,"Mahatma Gandhi Missions Medical College, Navi Mumbai,MGM Medical College, Plot No. 1-2, Sector 1, Kamothe, Navi Mumbai - 410 209",MBBS,Open,General,Allotted
16236,168545,Self-Financed Merit Seat,"Institute of Medical Sciences & SUM Hospital, Campus-II, Phulnakhara Bhubaneswar, Odhisha,At-Nakhara, Po-Phulnakhara, Bhubaneswar, Khordha",MBBS,Open,General,Allotted
16237,168566,B.Sc Nursing All India,"College of Nursing Safdarjung Hospital, New Delhi,VMMC and Safdarjung Hospital (Female Seat only )",B.Sc. Nursing,ST,ST,Allotted
16238,168589,B.Sc Nursing Delhi NCR,"College of Nursing Ahilya Bai College of Nursing, Maulana Azad Medical College,Ahilya Bai College of Nursing Lok Nayak Hospital Jawaharlal Nehru Marg (Female Seat only )",B.Sc. Nursing,SC,SC,Allotted
16239,168594,Self-Financed Merit Seat,"Sri Devaraj URS Medical College, Kolar,Post box No.7, SRI DEVARAJ URS MEDICAL COLLEGE, TAMAKA, KOLAR",MBBS,Open,General,Allotted
16240,168624,Self-Financed Merit Seat,"Jawaharlal Nehru Medical College, Belgaum,J.N. Medical College Campus, Nehru Nagar, Belagavi-590010. Karnataka, India.",MBBS,Open,OBC,Allotted
16241,168763,Muslim Minority Quota,"Yenepoya Medical College, Mangalore,University Road Deralakatte Mangaluru",MBBS,Open,General,Allotted
16242,168922,Self-Financed Merit Seat,"Meenakshi Medical College and Research Institute, Enathur,Enathur, Karaipettai Post, Kanchipuram",MBBS,Open,OBC,Allotted
16243,169258,Self-Financed Merit Seat,"Mahatma Gandhi Missions Medical College, Aurangabad,N-6, Cidco, Chhatrapati Sambhajinagar -Aurangabad",MBBS,Open,General,Allotted
16244,169273,Self-Financed Merit Seat,"Sri Ramachandra Medical College & Research Institute, Chennai,No. One Ramachandra Nagar, Porur, Chennai.",MBBS,Open,OBC,Allotted
16245,169299,Open Seat Quota,"AIIMS, Raipur,Tatibandh, G E Road, Raipur Chhattisgarh, Pin - 492099",MBBS,Open PwD,OBC PwD,Allotted
16246,169310,Self-Financed Merit Seat,"Shri B M Patil Medical College, Hospital & Research Centre, Vijayapura (Bijapur,SMT BANGARAMMA SAJJAN CAMPUS B M PATIL ROAD (SOLAPUR ROAD) VIJAYAPURA KARNATAKA",MBBS,Open,EWS,Allotted
16247,169320,Self-Financed Merit Seat,"Jawaharlal Nehru Medical College, Belgaum,J.N. Medical College Campus, Nehru Nagar, Belagavi-590010. Karnataka, India.",MBBS,Open,General,Allotted
16248,169332,Self-Financed Merit Seat,"Mahatma Gandhi Missions Medical College, Navi Mumbai,MGM Medical College, Plot No. 1-2, Sector 1, Kamothe, Navi Mumbai - 410 209",MBBS,Open,General,Allotted
16249,169334,Self-Financed Merit Seat,"Kalinga Institute of Medical Sciences, Bhubaneswar,CAMPUS-5 KUSHABHADRA CAMPUS P.O-KIIT BHUBANESWAR",MBBS,Open,General,Allotted
16250,169426,Self-Financed Merit Seat,"Amrita School of Medicine, Elamkara, Kochi,Amrita School of Medicine, Amrita Institute of Medical Sciences AIMS Ponekkara P.O Kochi 682041",MBBS,Open,OBC,Allotted
16251,169444,Self-Financed Merit Seat,"Manipal College of Dental Sce., Manipal,Madhav Nagar, Manipal India",BDS,Open,General,Allotted
16252,169523,Self-Financed Merit Seat,"Jawaharlal Nehru Medical College, Belgaum,J.N. Medical College Campus, Nehru Nagar, Belagavi-590010. Karnataka, India.",MBBS,Open,General,Allotted
16253,169556,Self-Financed Merit Seat,"Dr. D Y Patil Medical College, Hospital and Research Centre, Pimpri, Pune,Dr. D. Y. Patil Medical College, Hospital and Research Centre, Sant Tukaram Nagar, Pimpri, Pune.",MBBS,Open,General,Allotted
16254,169591,Self-Financed Merit Seat,"Mahatma Gandhi Missions Medical College, Aurangabad,N-6, Cidco, Chhatrapati Sambhajinagar -Aurangabad",MBBS,Open,OBC,Allotted
16255,169606,B.Sc Nursing All India,"College of Nursing BHU, VARANASI,The Director Institute of Medical Sciences Banaras Hindu University, Uttar Pradesh, 221005",B.Sc. Nursing,ST,ST,Allotted
16256,169662,Self-Financed Merit Seat,"Dr. D Y Patil Medical College, Hospital and Research Centre, Pimpri, Pune,Dr. D. Y. Patil Medical College, Hospital and Research Centre, Sant Tukaram Nagar, Pimpri, Pune.",MBBS,Open,General,Allotted
16257,169684,Self-Financed Merit Seat,"Graphic Era Institute of Medical Sciences Dehradun, Uttrakhand,Graphic Era Institute of Medical Sciences 16th Milestone Chakrata Road Dehradun, Uttarakhand",MBBS,Open,General,Allotted
16258,169721,B.Sc Nursing All India,"College of Nursing Safdarjung Hospital, New Delhi,VMMC and Safdarjung Hospital (Female Seat only )",B.Sc. Nursing,SC,SC,Allotted
16259,169865,Self-Financed Merit Seat,"Padmashree Dr. DY. Patil Medical College, Navi Mumbai,Sector 5, Nerul, Navi Mumbai,",MBBS,Open,General,Allotted
16260,169877,Employees State Insurance Scheme(ESI),"ESIC Medical College and Hospital, VARANASI,ESIC MEDICAL COLLEGE AND HOSPITAL, PANDEYPUR,VARANASI U. P. 221002",MBBS,SC,SC,Allotted
16261,169883,Self-Financed Merit Seat,"Dr. D Y Patil Medical College, Hospital and Research Centre, Pimpri, Pune,Dr. D. Y. Patil Medical College, Hospital and Research Centre, Sant Tukaram Nagar, Pimpri, Pune.",MBBS,Open,General,Allotted
16262,169906,Self-Financed Merit Seat,"Jawaharlal Nehru Medical College, Belgaum,J.N. Medical College Campus, Nehru Nagar, Belagavi-590010. Karnataka, India.",MBBS,Open,General,Allotted
16263,170092,Self-Financed Merit Seat,"Jawaharlal Nehru Medical College, Belgaum,J.N. Medical College Campus, Nehru Nagar, Belagavi-590010. Karnataka, India.",MBBS,Open,General,Allotted
16264,170130,Self-Financed Merit Seat,"Mahatma Gandhi Missions Medical College, Navi Mumbai,MGM Medical College, Plot No. 1-2, Sector 1, Kamothe, Navi Mumbai - 410 209",MBBS,Open,General,Allotted
16265,170158,Self-Financed Merit Seat,"Jawaharlal Nehru Medical College, Belgaum,J.N. Medical College Campus, Nehru Nagar, Belagavi-590010. Karnataka, India.",MBBS,Open,General,Allotted
16266,170210,All India,"GOVT. DENTAL COLLEGE & HOSP.,AURANGABAD,Government Medical College and Hospital Campus Dhanwantari Nagar Ghati Chha. Sambhajinagar Aurangaba",BDS,ST,ST,Allotted
16267,170229,Self-Financed Merit Seat,"Sri Lakshmi Narayana Institute of Medical Sciences, Pondicherry,OSUDU, AGARAM VILLAGE, KOODAPAKKAM POST, VILLIANUR COMMUNE, PUDUCHERRY",MBBS,Open,OBC,Allotted
16268,170237,Self-Financed Merit Seat,"Instt. Of Medical Sciences & SUM Hospital, Bhubaneswar,K 8 Kalinga Nagar Po Mahalaxmi Vihar Bhubaneswar",MBBS,Open,General,Allotted
16269,170291,Self-Financed Merit Seat,"Sri Devaraj URS Medical College, Kolar,Post box No.7, SRI DEVARAJ URS MEDICAL COLLEGE, TAMAKA, KOLAR",MBBS,Open,General,Allotted
16270,170328,Self-Financed Merit Seat,"Shri B M Patil Medical College, Hospital & Research Centre, Vijayapura (Bijapur,SMT BANGARAMMA SAJJAN CAMPUS B M PATIL ROAD (SOLAPUR ROAD) VIJAYAPURA KARNATAKA",MBBS,Open,General,Allotted
16271,170357,Self-Financed Merit Seat,"Chettinad Hospital & Research Institute, Kanchipuram,Rajiv Gandhi Salai, Kelambakkam, Chengalpattu District",MBBS,Open,OBC,Allotted
16272,170390,Self-Financed Merit Seat,"Jawaharlal Nehru Medical College, Belgaum,J.N. Medical College Campus, Nehru Nagar, Belagavi-590010. Karnataka, India.",MBBS,Open,General,Allotted
16273,170410,Self-Financed Merit Seat,"Institute of Medical Sciences & SUM Hospital, Campus-II, Phulnakhara Bhubaneswar, Odhisha,At-Nakhara, Po-Phulnakhara, Bhubaneswar, Khordha",MBBS,Open,General,Allotted
16274,170430,Self-Financed Merit Seat,"Malla Reddy Institute of Medical Sciences, Hyderabad,Suraram X Roads Jeedimetla Hyderabad",MBBS,Open,EWS,Allotted
16275,170458,Self-Financed Merit Seat,"Maharishi Markandeshwar Institute Of Medical Sciences & Research, Mullana, Ambala,M.M. INSTITUTE OF MEDICAL SCIENCES AND RESEARCH, MULLANA, AMBALA, HARYANA.",MBBS,Open,General,Allotted
16276,170535,Self-Financed Merit Seat,"Institute of Medical Sciences & SUM Hospital, Campus-II, Phulnakhara Bhubaneswar, Odhisha,At-Nakhara, Po-Phulnakhara, Bhubaneswar, Khordha",MBBS,Open,General,Allotted
16277,170558,Self-Financed Merit Seat,"ACS Medical College and Hospital, Chennai,Periyar EVR High Raod, Velappanchavadi, Chennai-77",MBBS,Open,OBC,Allotted
16278,170595,Self-Financed Merit Seat,"Saveetha Medical College and Hospital, Kanchipuram,Saveetha Nagar, Thandalam, Chennai",MBBS,Open,General,Allotted
16279,170617,Self-Financed Merit Seat,"Jawaharlal Nehru Medical College, Belgaum,J.N. Medical College Campus, Nehru Nagar, Belagavi-590010. Karnataka, India.",MBBS,Open,General,Allotted
16280,170620,Self-Financed Merit Seat,"Dr. D Y Patil Medical College, Kolhapur,869, E Ward, D. Y. Patil Vidyanagar, Kasaba Bavada, Kolhapur 416006",MBBS,Open,OBC,Allotted
16281,170665,Self-Financed Merit Seat,"Sri Ramachandra Medical College & Research Institute, Chennai,No. One Ramachandra Nagar, Porur, Chennai.",MBBS,Open,General,Allotted
16282,170671,Self-Financed Merit Seat,"Jawaharlal Nehru Medical College, Belgaum,J.N. Medical College Campus, Nehru Nagar, Belagavi-590010. Karnataka, India.",MBBS,Open,General,Allotted
16283,170676,Self-Financed Merit Seat,"Instt. Of Medical Sciences & SUM Hospital, Bhubaneswar,K 8 Kalinga Nagar Po Mahalaxmi Vihar Bhubaneswar",MBBS,Open,EWS,Allotted
16284,170683,B.Sc Nursing All India,"College of Nursing Safdarjung Hospital, New Delhi,VMMC and Safdarjung Hospital (Female Seat only )",B.Sc. Nursing,SC,SC,Allotted
16285,170732,Self-Financed Merit Seat,"Jawaharlal Nehru Medical College, Belgaum,J.N. Medical College Campus, Nehru Nagar, Belagavi-590010. Karnataka, India.",MBBS,Open,OBC,Allotted
16286,170752,Self-Financed Merit Seat,"SRM Dental College, Chennai,SRM DENTAL COLLEGE, BHARATHI SALAI, RAMAPURAM, CHENNAI - 89",BDS,Open,OBC,Allotted
16287,170792,Self-Financed Merit Seat,"Amrita School of Medicine, Elamkara, Kochi,Amrita School of Medicine, Amrita Institute of Medical Sciences AIMS Ponekkara P.O Kochi 682041",MBBS,Open,General,Allotted
16288,170915,Self-Financed Merit Seat,"Amrita School of Medicine, Elamkara, Kochi,Amrita School of Medicine, Amrita Institute of Medical Sciences AIMS Ponekkara P.O Kochi 682041",MBBS,Open,OBC,Allotted
16289,170916,Self-Financed Merit Seat,"Sri Devaraj URS Medical College, Kolar,Post box No.7, SRI DEVARAJ URS MEDICAL COLLEGE, TAMAKA, KOLAR",MBBS,Open,General,Allotted
16290,171086,Self-Financed Merit Seat,"Krishna Institute of Medical Sciences, Karad,KARAD, DIST. SATARA (MAHARASHTRA STATE).",MBBS,Open,OBC,Allotted
16291,171099,Self-Financed Merit Seat,"ST Peters Medical College, Hospital & Research Institute,Dr MGR Nagar, Near AERI Campus, Opp SIPCOT –II, Hosur, Krishnagiri District",MBBS,Open,OBC,Allotted
16292,171122,Self-Financed Merit Seat,"Sri Ramachandra Dental and Hospt., Chennai,No. 1 Ramachandra Nagar, Porur, Chennai., Tamil Nadu, 600116",BDS,Open,General,Allotted
16293,171165,Self-Financed Merit Seat,"Sharad Pawar Dental College and Hospital, Wardha,Sawangi (Meghe), Wardha, Maharashtra State, INDIA",BDS,Open,General,Allotted
16294,171166,Self-Financed Merit Seat,"Jawaharlal Nehru Medical College, Belgaum,J.N. Medical College Campus, Nehru Nagar, Belagavi-590010. Karnataka, India.",MBBS,Open,EWS,Allotted
16295,171210,Self-Financed Merit Seat,"Jawaharlal Nehru Medical College, Belgaum,J.N. Medical College Campus, Nehru Nagar, Belagavi-590010. Karnataka, India.",MBBS,Open,General,Allotted
16296,171221,Self-Financed Merit Seat,"Jawaharlal Nehru Medical College, Belgaum,J.N. Medical College Campus, Nehru Nagar, Belagavi-590010. Karnataka, India.",MBBS,Open,General,Allotted
16297,171334,Self-Financed Merit Seat,"Mahatma Gandhi Missions Medical College, Aurangabad,N-6, Cidco, Chhatrapati Sambhajinagar -Aurangabad",MBBS,Open,OBC,Allotted
16298,171402,Self-Financed Merit Seat,"Yenepoya Medical College, Mangalore,University Road Deralakatte Mangaluru",MBBS,Open,General,Allotted
16299,171427,Self-Financed Merit Seat,"Jawaharlal Nehru Medical College, Belgaum,J.N. Medical College Campus, Nehru Nagar, Belagavi-590010. Karnataka, India.",MBBS,Open,General,Allotted
16300,171432,Self-Financed Merit Seat,"Instt. Of Medical Sciences & SUM Hospital, Bhubaneswar,K 8 Kalinga Nagar Po Mahalaxmi Vihar Bhubaneswar",MBBS,Open,General,Allotted
16301,171440,Self-Financed Merit Seat,"Institute of Medical Sciences & SUM Hospital, Campus-II, Phulnakhara Bhubaneswar, Odhisha,At-Nakhara, Po-Phulnakhara, Bhubaneswar, Khordha",MBBS,Open,General,Allotted
16302,171462,Self-Financed Merit Seat,"Mahatma Gandhi Missions Medical College, Navi Mumbai,MGM Medical College, Plot No. 1-2, Sector 1, Kamothe, Navi Mumbai - 410 209",MBBS,Open,General,Allotted
16303,171498,Self-Financed Merit Seat,"Chettinad Hospital & Research Institute, Kanchipuram,Rajiv Gandhi Salai, Kelambakkam, Chengalpattu District",MBBS,Open,OBC,Allotted
16304,171551,Self-Financed Merit Seat,"Mahatma Gandhi Missions Medical College, Navi Mumbai,MGM Medical College, Plot No. 1-2, Sector 1, Kamothe, Navi Mumbai - 410 209",MBBS,Open,General,Allotted
16305,171561,Self-Financed Merit Seat,"Padmashree Dr. DY. Patil Medical College, Navi Mumbai,Sector 5, Nerul, Navi Mumbai,",MBBS,Open,General,Allotted
16306,171734,Self-Financed Merit Seat,"Jawaharlal Nehru Medical College, Belgaum,J.N. Medical College Campus, Nehru Nagar, Belagavi-590010. Karnataka, India.",MBBS,Open,General,Allotted
16307,171749,Self-Financed Merit Seat,"Shri B M Patil Medical College, Hospital & Research Centre, Vijayapura (Bijapur,SMT BANGARAMMA SAJJAN CAMPUS B M PATIL ROAD (SOLAPUR ROAD) VIJAYAPURA KARNATAKA",MBBS,Open,General,Allotted
16308,171807,Self-Financed Merit Seat,"Bharati Vidyapeeth University Medical College, Pune,Dhankawadi, Pune-Satara Road, Pune",MBBS,Open,General,Allotted
16309,171816,Self-Financed Merit Seat,"Sri Siddhartha Medical College, Tumkur,SRI SIDDHARTHA MEDICAL COLLEGE B.H. ROAD, AGALAKOTE TUMKUR",MBBS,Open,General,Allotted
16310,171819,Self-Financed Merit Seat,"Amrita School of Medicine,Mata Amritanandmayi Marg, Sector-88, Faridabad",MBBS,Open,General,Allotted
16311,171866,Self-Financed Merit Seat,"Sri Siddhartha Medical College, Tumkur,SRI SIDDHARTHA MEDICAL COLLEGE B.H. ROAD, AGALAKOTE TUMKUR",MBBS,Open,General,Allotted
16312,171874,Self-Financed Merit Seat,"Shri B M Patil Medical College, Hospital & Research Centre, Vijayapura (Bijapur,SMT BANGARAMMA SAJJAN CAMPUS B M PATIL ROAD (SOLAPUR ROAD) VIJAYAPURA KARNATAKA",MBBS,Open,General,Allotted
16313,171906,All India,"Shri Atal Bihari Vajpayee Medical College & Research Institute,SHIVAJINAGAR, BENGALURU",MBBS,Open PwD,SC PwD,Allotted
16314,172109,Open Seat Quota,"Jawaharlal Nehru Medical College, Aligarh,ALIGARH MUSLIM UNIVERSITY, ALIGARH",MBBS,Open PwD,General PwD,Allotted
16315,172144,Self-Financed Merit Seat,"Amrita School of Medicine, Elamkara, Kochi,Amrita School of Medicine, Amrita Institute of Medical Sciences AIMS Ponekkara P.O Kochi 682041",MBBS,Open,General,Allotted
16316,172227,Self-Financed Merit Seat,"KLE VK Inst. of Dental Scie. Belagavi,KLE V.K. Institute of Dental Sciences, J.N. Medical College Campus, Nehru Nagar,Belagavi-590010.Karn",BDS,Open,General,Allotted
16317,172255,Self-Financed Merit Seat,"Jawaharlal Nehru Medical College, Belgaum,J.N. Medical College Campus, Nehru Nagar, Belagavi-590010. Karnataka, India.",MBBS,Open,General,Allotted
16318,172352,Self-Financed Merit Seat,"Jawaharlal Nehru Medical College, Belgaum,J.N. Medical College Campus, Nehru Nagar, Belagavi-590010. Karnataka, India.",MBBS,Open,General,Allotted
16319,172373,Self-Financed Merit Seat,"Jawaharlal Nehru Medical College, Belgaum,J.N. Medical College Campus, Nehru Nagar, Belagavi-590010. Karnataka, India.",MBBS,Open,General,Allotted
16320,172412,Self-Financed Merit Seat,"Sri Siddhartha Medical College, Tumkur,SRI SIDDHARTHA MEDICAL COLLEGE B.H. ROAD, AGALAKOTE TUMKUR",MBBS,Open,General,Allotted
16321,172437,All India,"Government Dental College Hyderabad,GOVERNMENT DENTAL COLLEGE AND HOSPITAL, AFZALGUNJ, HYDERABAD - 500012",BDS,ST,ST,Allotted
16322,172474,Self-Financed Merit Seat,"Mahatma Gandhi Missions Medical College, Aurangabad,N-6, Cidco, Chhatrapati Sambhajinagar -Aurangabad",MBBS,Open,General,Allotted
16323,172478,Self-Financed Merit Seat,"Jawaharlal Nehru Medical College, Belgaum,J.N. Medical College Campus, Nehru Nagar, Belagavi-590010. Karnataka, India.",MBBS,Open,General,Allotted
16324,172509,Self-Financed Merit Seat,"Shri B M Patil Medical College, Hospital & Research Centre, Vijayapura (Bijapur,SMT BANGARAMMA SAJJAN CAMPUS B M PATIL ROAD (SOLAPUR ROAD) VIJAYAPURA KARNATAKA",MBBS,Open,General,Allotted
16325,172552,Employees State Insurance Scheme(ESI),"ESIC MEDICAL COLLEGE AND HOSPITAL,INDORE,ESIC Medical College and Hospital, Nanda Nagar, Indore",MBBS,SC,SC,Allotted
16326,172565,All India,"Osmania Medical College, Hyderabad,HYDERABAD",MBBS,Open PwD,OBC PwD,Allotted
16327,172622,Self-Financed Merit Seat,"Kalinga Institute of Medical Sciences, Bhubaneswar,CAMPUS-5 KUSHABHADRA CAMPUS P.O-KIIT BHUBANESWAR",MBBS,Open,General,Allotted
16328,172669,Open Seat Quota,"Institute of Medical Sciences, BHU, Varansi,Institute of Medical Sciences, Banaras Hindu University",MBBS,SC PwD,SC PwD,Allotted
16329,172750,Self-Financed Merit Seat,"Dr. D Y Patil Medical College, Kolhapur,869, E Ward, D. Y. Patil Vidyanagar, Kasaba Bavada, Kolhapur 416006",MBBS,Open,OBC,Allotted
16330,172772,Self-Financed Merit Seat,"Mahatma Gandhi Missions Medical College, Navi Mumbai,MGM Medical College, Plot No. 1-2, Sector 1, Kamothe, Navi Mumbai - 410 209",MBBS,Open,General,Allotted
16331,172828,Self-Financed Merit Seat,"Amrita School of Medicine, Elamkara, Kochi,Amrita School of Medicine, Amrita Institute of Medical Sciences AIMS Ponekkara P.O Kochi 682041",MBBS,Open,OBC,Allotted
16332,172864,Self-Financed Merit Seat,"SBKS Medical Instt. & Research Centre, Vadodra,Sumandeep Vidyapeeth Deemed to be University Campus, At. Po.Piparia, Tal.Waghodia, Dist.Vadodara",MBBS,Open,General,Allotted
16333,173106,All India,"GOVT. DENTAL COLLEGE, RAIPUR,Near Marahi Mata Mandir, Rajbandha Maidan, Raipur (C.G.)",BDS,ST,ST,Allotted
16334,173246,Employees State Insurance Scheme(ESI),"ESIC MEDICAL COLLEGE AND HOSPITAL,INDORE,ESIC Medical College and Hospital, Nanda Nagar, Indore",MBBS,ST,ST,Allotted
16335,173345,Employees State Insurance Scheme(ESI),"Employees State Insurance Corporation Medical College, Joka, Kolkata,DIAMOND HARBOUR ROAD POST OFFICE JOKA KOLKATA 700104",MBBS,SC,SC,Allotted
16336,173394,Self-Financed Merit Seat,"Kalinga Institute of Medical Sciences, Bhubaneswar,CAMPUS-5 KUSHABHADRA CAMPUS P.O-KIIT BHUBANESWAR",MBBS,Open,OBC,Allotted
16337,173450,Self-Financed Merit Seat,"Jawaharlal Nehru Medical College, Belgaum,J.N. Medical College Campus, Nehru Nagar, Belagavi-590010. Karnataka, India.",MBBS,Open,General,Allotted
16338,173453,Employees State Insurance Scheme(ESI),"Government Medical College,ESIC, Parippally, Kollam,Parippally Kollam 691574",MBBS,SC,SC,Allotted
16339,173506,Self-Financed Merit Seat,"Mahatma Gandhi Missions Medical College, Aurangabad,N-6, Cidco, Chhatrapati Sambhajinagar -Aurangabad",MBBS,Open,OBC,Allotted
16340,173508,Self-Financed Merit Seat,"Dr. D Y Patil Medical College, Hospital and Research Centre, Pimpri, Pune,Dr. D. Y. Patil Medical College, Hospital and Research Centre, Sant Tukaram Nagar, Pimpri, Pune.",MBBS,Open,General,Allotted
16341,173540,Self-Financed Merit Seat,"Kalinga Institute of Medical Sciences, Bhubaneswar,CAMPUS-5 KUSHABHADRA CAMPUS P.O-KIIT BHUBANESWAR",MBBS,Open,General,Allotted
16342,173616,Self-Financed Merit Seat,"Mahatma Gandhi Missions Medical College, Aurangabad,N-6, Cidco, Chhatrapati Sambhajinagar -Aurangabad",MBBS,Open,General,Allotted
16343,173686,Self-Financed Merit Seat,"Mahatma Gandhi Missions Medical College, Aurangabad,N-6, Cidco, Chhatrapati Sambhajinagar -Aurangabad",MBBS,Open,OBC,Allotted
16344,173733,Self-Financed Merit Seat,"Sri Siddhartha Medical College, Tumkur,SRI SIDDHARTHA MEDICAL COLLEGE B.H. ROAD, AGALAKOTE TUMKUR",MBBS,Open,General,Allotted
16345,173758,Self-Financed Merit Seat,"Jawaharlal Nehru Medical College, Belgaum,J.N. Medical College Campus, Nehru Nagar, Belagavi-590010. Karnataka, India.",MBBS,Open,General,Allotted
16346,173859,Self-Financed Merit Seat,"Sri Siddhartha Medical College, Tumkur,SRI SIDDHARTHA MEDICAL COLLEGE B.H. ROAD, AGALAKOTE TUMKUR",MBBS,Open,General,Allotted
16347,173894,B.Sc Nursing All India,"College of Nursing Dr. RML Hospital, New Delhi,Baba Kharak Singh Marg College of Nursing Dr RML Hospital (Female Seat only )",B.Sc. Nursing,SC,SC,Allotted
16348,173948,Self-Financed Merit Seat,"Jawaharlal Nehru Medical College, Belgaum,J.N. Medical College Campus, Nehru Nagar, Belagavi-590010. Karnataka, India.",MBBS,Open,General,Allotted
16349,173950,Self-Financed Merit Seat,"Sri Devaraj URS Medical College, Kolar,Post box No.7, SRI DEVARAJ URS MEDICAL COLLEGE, TAMAKA, KOLAR",MBBS,Open,General,Allotted
16350,174075,Self-Financed Merit Seat,"Jawaharlal Nehru Medical College, Belgaum,J.N. Medical College Campus, Nehru Nagar, Belagavi-590010. Karnataka, India.",MBBS,Open,General,Allotted
16351,174126,Self-Financed Merit Seat,"Sri Ramachandra Dental and Hospt., Chennai,No. 1 Ramachandra Nagar, Porur, Chennai., Tamil Nadu, 600116",BDS,Open,OBC,Allotted
16352,174156,Self-Financed Merit Seat,"Institute of Medical Sciences & SUM Hospital, Campus-II, Phulnakhara Bhubaneswar, Odhisha,At-Nakhara, Po-Phulnakhara, Bhubaneswar, Khordha",MBBS,Open,General,Allotted
16353,174167,Employees State Insurance Scheme(ESI),"Employees State Insurance Corporation Medical College, Joka, Kolkata,DIAMOND HARBOUR ROAD POST OFFICE JOKA KOLKATA 700104",MBBS,SC,SC,Allotted
16354,174179,Self-Financed Merit Seat,"Mahatma Gandhi Missions Medical College, Navi Mumbai,MGM Medical College, Plot No. 1-2, Sector 1, Kamothe, Navi Mumbai - 410 209",MBBS,Open,OBC,Allotted
16355,174242,Self-Financed Merit Seat,"Jawaharlal Nehru Medical College, Belgaum,J.N. Medical College Campus, Nehru Nagar, Belagavi-590010. Karnataka, India.",MBBS,Open,General,Allotted
16356,174243,Self-Financed Merit Seat,"Jawaharlal Nehru Medical College, Belgaum,J.N. Medical College Campus, Nehru Nagar, Belagavi-590010. Karnataka, India.",MBBS,Open,OBC,Allotted
16357,174349,Employees State Insurance Scheme Nursing Quota (ESI- IP Quota Nursing),"ESIC College of Nursing, Indiranagar, Bangalore,70 APPAREDDY PALYA 7TH MAIN INDIRANAGAR BENGALURU",B.Sc. Nursing,EWS,EWS,Allotted
16358,174351,Self-Financed Merit Seat,"Datta Meghe Medical College, Nagpur,Hingna Road Wanadongri Nagpur Maharashtra India",MBBS,Open,General,Allotted
16359,174390,Self-Financed Merit Seat,"Mahatma Gandhi Mission Medical College, Vashi,Sector 30, Vashi, Navi Mumbai",MBBS,Open,General,Allotted
16360,174404,Self-Financed Merit Seat,"Jawaharlal Nehru Medical College, Belgaum,J.N. Medical College Campus, Nehru Nagar, Belagavi-590010. Karnataka, India.",MBBS,Open,General,Allotted
16361,174432,Self-Financed Merit Seat,"Amrita School of Medicine, Elamkara, Kochi,Amrita School of Medicine, Amrita Institute of Medical Sciences AIMS Ponekkara P.O Kochi 682041",MBBS,Open,General,Allotted
16362,174460,Self-Financed Merit Seat,"Jawaharlal Nehru Medical College, Belgaum,J.N. Medical College Campus, Nehru Nagar, Belagavi-590010. Karnataka, India.",MBBS,Open,OBC,Allotted
16363,174568,Self-Financed Merit Seat,"Mahatma Gandhi Missions Medical College, Navi Mumbai,MGM Medical College, Plot No. 1-2, Sector 1, Kamothe, Navi Mumbai - 410 209",MBBS,Open,General,Allotted
16364,174580,Self-Financed Merit Seat,"Institute of Medical Sciences & SUM Hospital, Campus-II, Phulnakhara Bhubaneswar, Odhisha,At-Nakhara, Po-Phulnakhara, Bhubaneswar, Khordha",MBBS,Open,General,Allotted
16365,174596,Self-Financed Merit Seat,"Amrita School of Medicine,Mata Amritanandmayi Marg, Sector-88, Faridabad",MBBS,Open,General,Allotted
16366,174602,Self-Financed Merit Seat,"Shri B M Patil Medical College, Hospital & Research Centre, Vijayapura (Bijapur,SMT BANGARAMMA SAJJAN CAMPUS B M PATIL ROAD (SOLAPUR ROAD) VIJAYAPURA KARNATAKA",MBBS,Open,General,Allotted
16367,174761,Self-Financed Merit Seat,"Mahatma Gandhi Mission Medical College, Vashi,Sector 30, Vashi, Navi Mumbai",MBBS,Open,General,Allotted
16368,174762,Self-Financed Merit Seat,"Jawaharlal Nehru Medical College, Belgaum,J.N. Medical College Campus, Nehru Nagar, Belagavi-590010. Karnataka, India.",MBBS,Open,General,Allotted
16369,174945,Self-Financed Merit Seat,"Santosh Dental College and Hospital, Ghaziabad,No.1, Santosh Nagar, Ghaziabad, Delhi NCR",BDS,Open,OBC,Allotted
16370,175234,Self-Financed Merit Seat,"Sri Ramachandra Medical College & Research Institute, Chennai,No. One Ramachandra Nagar, Porur, Chennai.",MBBS,Open,General,Allotted
16371,175335,Open Seat Quota,"AIIMS, Nagpur,PLOT NO 2 SECTOR 20 MIHAN NAGPUR",MBBS,EWS PwD,EWS PwD,Allotted
16372,175339,Self-Financed Merit Seat,"Shri B M Patil Medical College, Hospital & Research Centre, Vijayapura (Bijapur,SMT BANGARAMMA SAJJAN CAMPUS B M PATIL ROAD (SOLAPUR ROAD) VIJAYAPURA KARNATAKA",MBBS,Open,General,Allotted
16373,175342,Self-Financed Merit Seat,"Institute of Medical Sciences & SUM Hospital, Campus-II, Phulnakhara Bhubaneswar, Odhisha,At-Nakhara, Po-Phulnakhara, Bhubaneswar, Khordha",MBBS,Open,General,Allotted
16374,175382,Employees State Insurance Scheme(ESI),"Employees State Insurance Corporation Medical College, Bangalore,ESIC Medical College and Hospital, Rajajinagar, Bengaluru-560010",MBBS,SC,SC,Allotted
16375,175404,Self-Financed Merit Seat,"Sri Ramachandra Medical College & Research Institute, Chennai,No. One Ramachandra Nagar, Porur, Chennai.",MBBS,Open,SC,Allotted
16376,175437,Self-Financed Merit Seat,"Sri Devaraj URS Medical College, Kolar,Post box No.7, SRI DEVARAJ URS MEDICAL COLLEGE, TAMAKA, KOLAR",MBBS,Open,OBC,Allotted
16377,175473,Self-Financed Merit Seat,"Shri B M Patil Medical College, Hospital & Research Centre, Vijayapura (Bijapur,SMT BANGARAMMA SAJJAN CAMPUS B M PATIL ROAD (SOLAPUR ROAD) VIJAYAPURA KARNATAKA",MBBS,Open,OBC,Allotted
16378,175540,Self-Financed Merit Seat,"Mallareddy Medical College for Women, Hyderabad,Suraram X Roads Jeedimetla Hyderabad (Female Seat only )",MBBS,Open,OBC,Allotted
16379,175606,Self-Financed Merit Seat,"Kalinga Institute of Medical Sciences, Bhubaneswar,CAMPUS-5 KUSHABHADRA CAMPUS P.O-KIIT BHUBANESWAR",MBBS,Open,OBC,Allotted
16380,175614,Self-Financed Merit Seat,"Sri Siddhartha Medical College, Tumkur,SRI SIDDHARTHA MEDICAL COLLEGE B.H. ROAD, AGALAKOTE TUMKUR",MBBS,Open,General,Allotted
16381,175672,Self-Financed Merit Seat,"Bharati Vidyapeeth University Medical College, Pune,Dhankawadi, Pune-Satara Road, Pune",MBBS,Open,General,Allotted
16382,175746,Self-Financed Merit Seat,"Manipal College of Dental Sce., Manipal,Madhav Nagar, Manipal India",BDS,Open,General,Allotted
16383,175795,Self-Financed Merit Seat,"Jawaharlal Nehru Medical College, Belgaum,J.N. Medical College Campus, Nehru Nagar, Belagavi-590010. Karnataka, India.",MBBS,Open,General,Allotted
16384,175826,Self-Financed Merit Seat,"Manipal College of Dental Sce., Manipal,Madhav Nagar, Manipal India",BDS,Open,EWS,Allotted
16385,175898,Employees State Insurance Scheme(ESI),"Government Medical College,ESIC, Parippally, Kollam,Parippally Kollam 691574",MBBS,SC,SC,Allotted
16386,175909,Self-Financed Merit Seat,"Amrita School of Dentistry, Kochi,Amrita School of Dentistry, Amrita Institute of Medical Sciences (AIMS), AIMS Ponekkara P.O, Kochi",BDS,Open,General,Allotted
16387,175933,Self-Financed Merit Seat,"Jawaharlal Nehru Medical College, Belgaum,J.N. Medical College Campus, Nehru Nagar, Belagavi-590010. Karnataka, India.",MBBS,Open,General,Allotted
16388,175964,Self-Financed Merit Seat,"Jawaharlal Nehru Medical College, Belgaum,J.N. Medical College Campus, Nehru Nagar, Belagavi-590010. Karnataka, India.",MBBS,Open,General,Allotted
16389,175975,Self-Financed Merit Seat,"Shri B M Patil Medical College, Hospital & Research Centre, Vijayapura (Bijapur,SMT BANGARAMMA SAJJAN CAMPUS B M PATIL ROAD (SOLAPUR ROAD) VIJAYAPURA KARNATAKA",MBBS,Open,General,Allotted
16390,175978,Self-Financed Merit Seat,"Manipal College of Dental Science, Mangalore,Light House Hill Road, Mangalore India",BDS,Open,OBC,Allotted
16391,175995,Self-Financed Merit Seat,"Jawaharlal Nehru Medical College, Belgaum,J.N. Medical College Campus, Nehru Nagar, Belagavi-590010. Karnataka, India.",MBBS,Open,General,Allotted
16392,176005,Self-Financed Merit Seat,"Jawaharlal Nehru Medical College, Belgaum,J.N. Medical College Campus, Nehru Nagar, Belagavi-590010. Karnataka, India.",MBBS,Open,General,Allotted
16393,176025,Self-Financed Merit Seat,"Amrita School of Medicine, Elamkara, Kochi,Amrita School of Medicine, Amrita Institute of Medical Sciences AIMS Ponekkara P.O Kochi 682041",MBBS,Open,OBC,Allotted
16394,176026,Self-Financed Merit Seat,"BVDU Dental College and Hospital, Navi Mumbai,Bharati Vidyapeeth Dental College and Hospital, Sec.7, Belapur Navi Mumbai.",BDS,Open,General,Allotted
16395,176063,Self-Financed Merit Seat,"Chettinad Institute of Medical Education and Research,D.K Plantation, BEML Nagar, Kolar Gold Fields – Kolar",MBBS,Open,General,Allotted
16396,176177,Self-Financed Merit Seat,"Sri Siddhartha Medical College, Tumkur,SRI SIDDHARTHA MEDICAL COLLEGE B.H. ROAD, AGALAKOTE TUMKUR",MBBS,Open,General,Allotted
16397,176192,Self-Financed Merit Seat,"Srinivasan Medical College and Hospital,NH-45, TRICHY - CHENNAI TRUNK ROAD, NEAR TOLL PLAZA, SAMAYAPURAM, TIRUCHIRAPPALLI - 621 112.",MBBS,Open,OBC,Allotted
16398,176327,Self-Financed Merit Seat,"Sri Ramachandra Medical College & Research Institute, Chennai,No. One Ramachandra Nagar, Porur, Chennai.",MBBS,Open,OBC,Allotted
16399,176470,Employees State Insurance Scheme(ESI),"ESIC MEDICAL COLLEGE NARODA BAPUNAGAR, AHMEDABAD ,D 34,Balbhavan Road,Opposite Khokhra Municipal Swimming Pool, Khokhra Maninagar East, Ahmedabad – 38",MBBS,SC,SC,Allotted
16400,176490,Self-Financed Merit Seat,"Yenepoya Medical College, Mangalore,University Road Deralakatte Mangaluru",MBBS,Open,General,Allotted
16401,176501,Self-Financed Merit Seat,"Instt. Of Medical Sciences & SUM Hospital, Bhubaneswar,K 8 Kalinga Nagar Po Mahalaxmi Vihar Bhubaneswar",MBBS,Open,General,Allotted
16402,176543,Self-Financed Merit Seat,"Amrita School of Medicine, Elamkara, Kochi,Amrita School of Medicine, Amrita Institute of Medical Sciences AIMS Ponekkara P.O Kochi 682041",MBBS,Open,General,Allotted
16403,176583,Self-Financed Merit Seat,"Dr. D Y Patil Medical College, Hospital and Research Centre, Pimpri, Pune,Dr. D. Y. Patil Medical College, Hospital and Research Centre, Sant Tukaram Nagar, Pimpri, Pune.",MBBS,Open,General,Allotted
16404,176646,Self-Financed Merit Seat,"Manipal College of Dental Sce., Manipal,Madhav Nagar, Manipal India",BDS,Open,General,Allotted
16405,176751,Self-Financed Merit Seat,"Mahatma Gandhi Missions Medical College, Navi Mumbai,MGM Medical College, Plot No. 1-2, Sector 1, Kamothe, Navi Mumbai - 410 209",MBBS,Open,General,Allotted
16406,176761,Self-Financed Merit Seat,"Amrita School of Medicine,Mata Amritanandmayi Marg, Sector-88, Faridabad",MBBS,Open,General,Allotted
16407,176904,Self-Financed Merit Seat,"Sri Ramachandra Medical College & Research Institute, Chennai,No. One Ramachandra Nagar, Porur, Chennai.",MBBS,Open,General,Allotted
16408,176919,Self-Financed Merit Seat,"Jawaharlal Nehru Medical College, Belgaum,J.N. Medical College Campus, Nehru Nagar, Belagavi-590010. Karnataka, India.",MBBS,Open,General,Allotted
16409,176945,Self-Financed Merit Seat,"Sri Devaraj URS Medical College, Kolar,Post box No.7, SRI DEVARAJ URS MEDICAL COLLEGE, TAMAKA, KOLAR",MBBS,Open,General,Allotted
16410,176986,Self-Financed Merit Seat,"Santosh Dental College and Hospital, Ghaziabad,No.1, Santosh Nagar, Ghaziabad, Delhi NCR",BDS,Open,OBC,Allotted
16411,177049,Self-Financed Merit Seat,"Jawaharlal Nehru Medical College, Belgaum,J.N. Medical College Campus, Nehru Nagar, Belagavi-590010. Karnataka, India.",MBBS,Open,General,Allotted
16412,177066,Self-Financed Merit Seat,"Mahatma Gandhi Missions Medical College, Navi Mumbai,MGM Medical College, Plot No. 1-2, Sector 1, Kamothe, Navi Mumbai - 410 209",MBBS,Open,General,Allotted
16413,177116,Self-Financed Merit Seat,"Sri Siddhartha Medical College, Tumkur,SRI SIDDHARTHA MEDICAL COLLEGE B.H. ROAD, AGALAKOTE TUMKUR",MBBS,Open,General,Allotted
16414,177201,Self-Financed Merit Seat,"Institute of Medical Sciences & SUM Hospital, Campus-II, Phulnakhara Bhubaneswar, Odhisha,At-Nakhara, Po-Phulnakhara, Bhubaneswar, Khordha",MBBS,Open,General,Allotted
16415,177250,Self-Financed Merit Seat,"Bharati Vidyapeeth DU Dental College and Hospt., Pune,Bharati Vidyapeeth (Deemed to be University) Dental College and Hospital Pune",BDS,Open,General,Allotted
16416,177419,All India,"Moti Lal Nehru Medical College, Allahabad,Principal Office Moti Lal Nehru Medical College, Lowther Road George Town Prayagraj",MBBS,SC PwD,SC PwD,Allotted
16417,177441,Self-Financed Merit Seat,"Jawaharlal Nehru Medical College, Belgaum,J.N. Medical College Campus, Nehru Nagar, Belagavi-590010. Karnataka, India.",MBBS,Open,General,Allotted
16418,177471,Self-Financed Merit Seat,"Institute of Medical Sciences & SUM Hospital, Campus-II, Phulnakhara Bhubaneswar, Odhisha,At-Nakhara, Po-Phulnakhara, Bhubaneswar, Khordha",MBBS,Open,General,Allotted
16419,177533,All India,"M.G.D.C. & HOSPITAL, PUDUCHERRY,GOVT. OF PUDUCHERRY INSTITUTION, GORIMEDU, PONDICHERRY",BDS,ST,ST,Allotted
16420,177542,Self-Financed Merit Seat,"Srinivasan Medical College and Hospital,NH-45, TRICHY - CHENNAI TRUNK ROAD, NEAR TOLL PLAZA, SAMAYAPURAM, TIRUCHIRAPPALLI - 621 112.",MBBS,Open,General,Allotted
16421,177561,Self-Financed Merit Seat,"Sri Siddhartha Medical College, Tumkur,SRI SIDDHARTHA MEDICAL COLLEGE B.H. ROAD, AGALAKOTE TUMKUR",MBBS,Open,General,Allotted
16422,177580,Self-Financed Merit Seat,"Amrita School of Medicine,Mata Amritanandmayi Marg, Sector-88, Faridabad",MBBS,Open,General,Allotted
16423,177613,Self-Financed Merit Seat,"Mahatma Gandhi Missions Medical College, Navi Mumbai,MGM Medical College, Plot No. 1-2, Sector 1, Kamothe, Navi Mumbai - 410 209",MBBS,Open,General,Allotted
16424,177641,Self-Financed Merit Seat,"Institute of Medical Sciences & SUM Hospital, Campus-II, Phulnakhara Bhubaneswar, Odhisha,At-Nakhara, Po-Phulnakhara, Bhubaneswar, Khordha",MBBS,Open,General,Allotted
16425,177718,Self-Financed Merit Seat,"Amrita School of Medicine, Elamkara, Kochi,Amrita School of Medicine, Amrita Institute of Medical Sciences AIMS Ponekkara P.O Kochi 682041",MBBS,Open,General,Allotted
16426,177721,Self-Financed Merit Seat,"Kalinga Institute of Medical Sciences, Bhubaneswar,CAMPUS-5 KUSHABHADRA CAMPUS P.O-KIIT BHUBANESWAR",MBBS,Open,General,Allotted
16427,177796,Self-Financed Merit Seat,"Sri Ramachandra Dental and Hospt., Chennai,No. 1 Ramachandra Nagar, Porur, Chennai., Tamil Nadu, 600116",BDS,Open,General,Allotted
16428,177820,Self-Financed Merit Seat,"Amrita School of Medicine,Mata Amritanandmayi Marg, Sector-88, Faridabad",MBBS,Open,General,Allotted
16429,177845,Self-Financed Merit Seat,"Jawaharlal Nehru Medical College, Belgaum,J.N. Medical College Campus, Nehru Nagar, Belagavi-590010. Karnataka, India.",MBBS,Open,General,Allotted
16430,177848,Self-Financed Merit Seat,"Bharati Vidyapeeth University Medical College, Pune,Dhankawadi, Pune-Satara Road, Pune",MBBS,Open,General,Allotted
16431,177885,Self-Financed Merit Seat,"Sri Ramachandra Medical College & Research Institute, Chennai,No. One Ramachandra Nagar, Porur, Chennai.",MBBS,Open,OBC,Allotted
16432,177921,Self-Financed Merit Seat,"Bharati Vidyapeeth University Medical College, Pune,Dhankawadi, Pune-Satara Road, Pune",MBBS,Open,General,Allotted
16433,177966,Self-Financed Merit Seat,"Sri Siddhartha Medical College, Tumkur,SRI SIDDHARTHA MEDICAL COLLEGE B.H. ROAD, AGALAKOTE TUMKUR",MBBS,Open,General,Allotted
16434,178165,Self-Financed Merit Seat,"Shri B M Patil Medical College, Hospital & Research Centre, Vijayapura (Bijapur,SMT BANGARAMMA SAJJAN CAMPUS B M PATIL ROAD (SOLAPUR ROAD) VIJAYAPURA KARNATAKA",MBBS,Open,General,Allotted
16435,178207,Self-Financed Merit Seat,"Amrita School of Medicine, Elamkara, Kochi,Amrita School of Medicine, Amrita Institute of Medical Sciences AIMS Ponekkara P.O Kochi 682041",MBBS,Open,General,Allotted
16436,178222,B.Sc Nursing All India,"College of Nursing Dr. RML Hospital, New Delhi,Baba Kharak Singh Marg College of Nursing Dr RML Hospital (Female Seat only )",B.Sc. Nursing,SC,SC,Allotted
16437,178400,Self-Financed Merit Seat,"Jawaharlal Nehru Medical College, Belgaum,J.N. Medical College Campus, Nehru Nagar, Belagavi-590010. Karnataka, India.",MBBS,Open,OBC,Allotted
16438,178444,Open Seat Quota,"AIIMS, Nagpur,PLOT NO 2 SECTOR 20 MIHAN NAGPUR",MBBS,OBC PwD,OBC PwD,Allotted
16439,178476,Self-Financed Merit Seat,"Kalinga Institute of Medical Sciences, Bhubaneswar,CAMPUS-5 KUSHABHADRA CAMPUS P.O-KIIT BHUBANESWAR",MBBS,Open,General,Allotted
16440,178509,Self-Financed Merit Seat,"Malla Reddy Institute of Medical Sciences, Hyderabad,Suraram X Roads Jeedimetla Hyderabad",MBBS,Open,General,Allotted
16441,178521,B.Sc Nursing All India,"College of Nursing BHU, VARANASI,The Director Institute of Medical Sciences Banaras Hindu University, Uttar Pradesh, 221005",B.Sc. Nursing,ST,ST,Allotted
16442,178527,Self-Financed Merit Seat,"Amrita School of Medicine,Mata Amritanandmayi Marg, Sector-88, Faridabad",MBBS,Open,General,Allotted
16443,178595,Self-Financed Merit Seat,"Amrita School of Medicine,Mata Amritanandmayi Marg, Sector-88, Faridabad",MBBS,Open,OBC,Allotted
16444,178831,Self-Financed Merit Seat,"Sri Devaraj URS Medical College, Kolar,Post box No.7, SRI DEVARAJ URS MEDICAL COLLEGE, TAMAKA, KOLAR",MBBS,Open,General,Allotted
16445,178879,Self-Financed Merit Seat,"Sri Ramachandra Dental and Hospt., Chennai,No. 1 Ramachandra Nagar, Porur, Chennai., Tamil Nadu, 600116",BDS,Open,OBC,Allotted
16446,178892,Internal -Puducherry UT Domicile,"JIPMER KARAIKAL,JIPMER Academic Campus, FCI Link Road, Kovilpathu, Karaikal - 609602",MBBS,SC,SC,Allotted
16447,178899,All India,"Institute of Postgraduate Medical Education & Research, Kolkata,244 AJC Bose Road, Kolkata",MBBS,Open PwD,General PwD,Allotted
16448,178902,Self-Financed Merit Seat,"Jawaharlal Nehru Medical College, Belgaum,J.N. Medical College Campus, Nehru Nagar, Belagavi-590010. Karnataka, India.",MBBS,Open,General,Allotted
16449,178905,Self-Financed Merit Seat,"Amrita School of Medicine,Mata Amritanandmayi Marg, Sector-88, Faridabad",MBBS,Open,General,Allotted
16450,178927,Delhi NCR Children/Widows of Personnel of the Armed Forces (CW) DU Quota,"Maulana Azad Medical College, New Delhi,2 Bahadur Shah Zafar Marg New Delhi",MBBS,Open,General,Allotted( CW Rank : 10 )
16451,178952,Employees State Insurance Scheme(ESI),"ESIC MEDICAL COLLEGE AND HOSPITAL, ANDHERI,CENTRAL ROAD, MIDC, ANDHERI (EAST) MUMBAI",MBBS,SC,SC,Allotted
16452,178995,Self-Financed Merit Seat,"SRM Katt. Dental College and Hospt. Chennai,SRM NAGAR POTHERI KATTANKULATHUR KANCHIPURAM",BDS,Open,EWS,Allotted
16453,179014,Self-Financed Merit Seat,"SRM Dental College, Chennai,SRM DENTAL COLLEGE, BHARATHI SALAI, RAMAPURAM, CHENNAI - 89",BDS,Open,General,Allotted
16454,179020,Employees State Insurance Scheme(ESI),"Employees State Insurance Corporation Medical College, Joka, Kolkata,DIAMOND HARBOUR ROAD POST OFFICE JOKA KOLKATA 700104",MBBS,SC,SC,Allotted
16455,179079,Self-Financed Merit Seat,"Sri Ramachandra Dental and Hospt., Chennai,No. 1 Ramachandra Nagar, Porur, Chennai., Tamil Nadu, 600116",BDS,Open,OBC,Allotted
16456,179088,Self-Financed Merit Seat,"Sri Ramachandra Medical College & Research Institute, Chennai,No. One Ramachandra Nagar, Porur, Chennai.",MBBS,Open,General,Allotted
16457,179113,Self-Financed Merit Seat,"Sri Devaraj URS Medical College, Kolar,Post box No.7, SRI DEVARAJ URS MEDICAL COLLEGE, TAMAKA, KOLAR",MBBS,Open,General,Allotted
16458,179127,Self-Financed Merit Seat,"Jawaharlal Nehru Medical College, Belgaum,J.N. Medical College Campus, Nehru Nagar, Belagavi-590010. Karnataka, India.",MBBS,Open,General,Allotted
16459,179132,Self-Financed Merit Seat,"Instt. Of Medical Sciences & SUM Hospital, Bhubaneswar,K 8 Kalinga Nagar Po Mahalaxmi Vihar Bhubaneswar",MBBS,Open,General,Allotted
16460,179189,Self-Financed Merit Seat,"Amrita School of Medicine,Mata Amritanandmayi Marg, Sector-88, Faridabad",MBBS,Open,General,Allotted
16461,179231,Self-Financed Merit Seat,"Kalinga Institute of Medical Sciences, Bhubaneswar,CAMPUS-5 KUSHABHADRA CAMPUS P.O-KIIT BHUBANESWAR",MBBS,Open,General,Allotted
16462,179245,Self-Financed Merit Seat,"Mahatma Gandhi Missions Medical College, Aurangabad,N-6, Cidco, Chhatrapati Sambhajinagar -Aurangabad",MBBS,Open,General,Allotted
16463,179263,Self-Financed Merit Seat,"Jawaharlal Nehru Medical College, Belgaum,J.N. Medical College Campus, Nehru Nagar, Belagavi-590010. Karnataka, India.",MBBS,Open,General,Allotted
16464,179361,Open Seat Quota,"AIIMS, Bibi Nagar, Hyderabad,AIIMS Bibinagar (Hyderabad Metropolitan Region) Telangana 508126",MBBS,OBC PwD,OBC PwD,Allotted
16465,179400,Self-Financed Merit Seat,"Sree Balaji Medical College and Hospital, Chennai,NO 7 WORKS ROAD CHROMEPET CHENNAI",MBBS,Open,OBC,Allotted
16466,179418,Self-Financed Merit Seat,"Shri B M Patil Medical College, Hospital & Research Centre, Vijayapura (Bijapur,SMT BANGARAMMA SAJJAN CAMPUS B M PATIL ROAD (SOLAPUR ROAD) VIJAYAPURA KARNATAKA",MBBS,Open,General,Allotted
16467,179433,Self-Financed Merit Seat,"Amrita School of Medicine,Mata Amritanandmayi Marg, Sector-88, Faridabad",MBBS,Open,General,Allotted
16468,179477,Self-Financed Merit Seat,"Dr. D Y Patil Medical College, Kolhapur,869, E Ward, D. Y. Patil Vidyanagar, Kasaba Bavada, Kolhapur 416006",MBBS,Open,OBC,Allotted
16469,179489,Self-Financed Merit Seat,"Jawaharlal Nehru Medical College, Belgaum,J.N. Medical College Campus, Nehru Nagar, Belagavi-590010. Karnataka, India.",MBBS,Open,General,Allotted
16470,179499,Self-Financed Merit Seat,"Sri Ramachandra Medical College & Research Institute, Chennai,No. One Ramachandra Nagar, Porur, Chennai.",MBBS,Open,OBC,Allotted
16471,179547,Self-Financed Merit Seat,"Mahatma Gandhi Missions Medical College, Aurangabad,N-6, Cidco, Chhatrapati Sambhajinagar -Aurangabad",MBBS,Open,OBC,Allotted
16472,179624,Muslim Minority Quota,"Yenepoya Medical College, Mangalore,University Road Deralakatte Mangaluru",MBBS,Open,OBC,Allotted
16473,179700,Self-Financed Merit Seat,"Mahatma Gandhi Missions Medical College, Aurangabad,N-6, Cidco, Chhatrapati Sambhajinagar -Aurangabad",MBBS,Open,OBC,Allotted
16474,179727,Self-Financed Merit Seat,"Kalinga Institute of Medical Sciences, Bhubaneswar,CAMPUS-5 KUSHABHADRA CAMPUS P.O-KIIT BHUBANESWAR",MBBS,Open,General,Allotted
16475,179750,Self-Financed Merit Seat,"AB Shetty Memorial Inst. of Dental Sce., Mangaluru,Dakshina Kannada District , Post Deralakatte, Mangaluru",BDS,Open,General,Allotted
16476,179798,Self-Financed Merit Seat,"Jawaharlal Nehru Medical College, Belgaum,J.N. Medical College Campus, Nehru Nagar, Belagavi-590010. Karnataka, India.",MBBS,Open,General,Allotted
16477,179865,Self-Financed Merit Seat,"Yenepoya Medical College, Mangalore,University Road Deralakatte Mangaluru",MBBS,Open,General,Allotted
16478,179871,Self-Financed Merit Seat,"Instt. Of Medical Sciences & SUM Hospital, Bhubaneswar,K 8 Kalinga Nagar Po Mahalaxmi Vihar Bhubaneswar",MBBS,Open,General,Allotted
16479,179915,B.Sc Nursing All India,"College of Nursing Dr. RML Hospital, New Delhi,Baba Kharak Singh Marg College of Nursing Dr RML Hospital (Female Seat only )",B.Sc. Nursing,SC,SC,Allotted
16480,179933,Self-Financed Merit Seat,"Kalinga Institute of Medical Sciences, Bhubaneswar,CAMPUS-5 KUSHABHADRA CAMPUS P.O-KIIT BHUBANESWAR",MBBS,Open,General,Allotted
16481,179956,Self-Financed Merit Seat,"Jawaharlal Nehru Medical College, Belgaum,J.N. Medical College Campus, Nehru Nagar, Belagavi-590010. Karnataka, India.",MBBS,Open,General,Allotted
16482,179965,Employees State Insurance Scheme(ESI),"ESIC MEDICAL COLLEGE AND HOSPITAL, NOIDA,A-3, Tulsi Marg, Sector-24, Noida",MBBS,ST,ST,Allotted
16483,179969,Self-Financed Merit Seat,"Manipal College of Dental Sce., Manipal,Madhav Nagar, Manipal India",BDS,Open,General,Allotted
16484,179998,Self-Financed Merit Seat,"Institute of Medical Sciences & SUM Hospital, Campus-II, Phulnakhara Bhubaneswar, Odhisha,At-Nakhara, Po-Phulnakhara, Bhubaneswar, Khordha",MBBS,Open,General,Allotted
16485,180003,Self-Financed Merit Seat,"Manipal College of Dental Science, Mangalore,Light House Hill Road, Mangalore India",BDS,Open,OBC,Allotted
16486,180018,Self-Financed Merit Seat,"Manipal College of Dental Sce., Manipal,Madhav Nagar, Manipal India",BDS,Open,General,Allotted
16487,180083,All India,"Government Siddhartha Medical College, Vijaywada,Beside New Government General Hospital Gunadala Vijayawada",MBBS,Open PwD,OBC PwD,Allotted
16488,180228,Self-Financed Merit Seat,"Jawaharlal Nehru Medical College, Belgaum,J.N. Medical College Campus, Nehru Nagar, Belagavi-590010. Karnataka, India.",MBBS,Open,General,Allotted
16489,180248,Self-Financed Merit Seat,"Mallareddy Medical College for Women, Hyderabad,Suraram X Roads Jeedimetla Hyderabad (Female Seat only )",MBBS,Open,OBC,Allotted
16490,180298,Self-Financed Merit Seat,"Amrita School of Medicine, Elamkara, Kochi,Amrita School of Medicine, Amrita Institute of Medical Sciences AIMS Ponekkara P.O Kochi 682041",MBBS,Open,OBC,Allotted
16491,180318,Self-Financed Merit Seat,"Manipal College of Dental Sce., Manipal,Madhav Nagar, Manipal India",BDS,Open,General,Allotted
16492,180435,Self-Financed Merit Seat,"Jawaharlal Nehru Medical College, Belgaum,J.N. Medical College Campus, Nehru Nagar, Belagavi-590010. Karnataka, India.",MBBS,Open,General,Allotted
16493,180481,Self-Financed Merit Seat,"Shri B M Patil Medical College, Hospital & Research Centre, Vijayapura (Bijapur,SMT BANGARAMMA SAJJAN CAMPUS B M PATIL ROAD (SOLAPUR ROAD) VIJAYAPURA KARNATAKA",MBBS,Open,General,Allotted
16494,180491,Employees State Insurance Scheme(ESI),"Employees State Insurance Corporation Medical College, Bangalore,ESIC Medical College and Hospital, Rajajinagar, Bengaluru-560010",MBBS,SC,SC,Allotted
16495,180570,Self-Financed Merit Seat,"Kalinga Institute of Medical Sciences, Bhubaneswar,CAMPUS-5 KUSHABHADRA CAMPUS P.O-KIIT BHUBANESWAR",MBBS,Open,General,Allotted
16496,180601,Self-Financed Merit Seat,"Sri Ramachandra Medical College & Research Institute, Chennai,No. One Ramachandra Nagar, Porur, Chennai.",MBBS,Open,General,Allotted
16497,180693,Self-Financed Merit Seat,"Malla Reddy Institute of Medical Sciences, Hyderabad,Suraram X Roads Jeedimetla Hyderabad",MBBS,Open,General,Allotted
16498,180770,Self-Financed Merit Seat,"Sri Ramachandra Medical College & Research Institute, Chennai,No. One Ramachandra Nagar, Porur, Chennai.",MBBS,Open,General,Allotted
16499,180799,Self-Financed Merit Seat,"Mahatma Gandhi Missions Medical College, Navi Mumbai,MGM Medical College, Plot No. 1-2, Sector 1, Kamothe, Navi Mumbai - 410 209",MBBS,Open,General,Allotted
16500,180812,Self-Financed Merit Seat,"Manipal College of Dental Science, Mangalore,Light House Hill Road, Mangalore India",BDS,Open,EWS,Allotted
16501,180830,Open Seat Quota,"JIPMER KARAIKAL,JIPMER Academic Campus, FCI Link Road, Kovilpathu, Karaikal - 609602",MBBS,Open PwD,General PwD,Allotted
16502,180916,Self-Financed Merit Seat,"MANAV RACHNA DENTAL COLLEGE FARIDABAD,SECTOR - 43, DELHI SURAJKUND ROAD FARIDABAD",BDS,Open,General,Allotted
16503,180937,Self-Financed Merit Seat,"Jawaharlal Nehru Medical College, Belgaum,J.N. Medical College Campus, Nehru Nagar, Belagavi-590010. Karnataka, India.",MBBS,Open,General,Allotted
16504,180940,Self-Financed Merit Seat,"Saveetha Dental College, Chennai,Saveetha Dental College and Hospitals,162, Poonamallee high road, Velapanchavadi, Chennai",BDS,Open,General,Allotted
16505,181135,Self-Financed Merit Seat,"Sri Siddhartha Medical College, Tumkur,SRI SIDDHARTHA MEDICAL COLLEGE B.H. ROAD, AGALAKOTE TUMKUR",MBBS,Open,OBC,Allotted
16506,181153,Self-Financed Merit Seat,"Sri Ramachandra Medical College & Research Institute, Chennai,No. One Ramachandra Nagar, Porur, Chennai.",MBBS,Open,General,Allotted
16507,181184,Self-Financed Merit Seat,"Jawaharlal Nehru Medical College, Belgaum,J.N. Medical College Campus, Nehru Nagar, Belagavi-590010. Karnataka, India.",MBBS,Open,General,Allotted
16508,181223,Self-Financed Merit Seat,"Jawaharlal Nehru Medical College, Belgaum,J.N. Medical College Campus, Nehru Nagar, Belagavi-590010. Karnataka, India.",MBBS,Open,General,Allotted
16509,181234,Self-Financed Merit Seat,"SRM Katt. Dental College and Hospt. Chennai,SRM NAGAR POTHERI KATTANKULATHUR KANCHIPURAM",BDS,Open,General,Allotted
16510,181246,Self-Financed Merit Seat,"Amrita School of Medicine, Elamkara, Kochi,Amrita School of Medicine, Amrita Institute of Medical Sciences AIMS Ponekkara P.O Kochi 682041",MBBS,Open,General,Allotted
16511,181255,Self-Financed Merit Seat,"Instt. Of Medical Sciences & SUM Hospital, Bhubaneswar,K 8 Kalinga Nagar Po Mahalaxmi Vihar Bhubaneswar",MBBS,Open,General,Allotted
16512,181297,Self-Financed Merit Seat,"Shri B M Patil Medical College, Hospital & Research Centre, Vijayapura (Bijapur,SMT BANGARAMMA SAJJAN CAMPUS B M PATIL ROAD (SOLAPUR ROAD) VIJAYAPURA KARNATAKA",MBBS,Open,General,Allotted
16513,181312,Self-Financed Merit Seat,"Mahatma Gandhi Missions Medical College, Navi Mumbai,MGM Medical College, Plot No. 1-2, Sector 1, Kamothe, Navi Mumbai - 410 209",MBBS,Open,General,Allotted
16514,181331,Self-Financed Merit Seat,"Mahatma Gandhi Missions Medical College, Aurangabad,N-6, Cidco, Chhatrapati Sambhajinagar -Aurangabad",MBBS,Open,General,Allotted
16515,181341,Employees State Insurance Scheme(ESI),"Shri Lal Bahadur Shastri Government Medical College, Mandi, HP,Mandi at Nerchowk PO Bhangrotu Tehsil Balh District Mandi",MBBS,ST,ST,Allotted
16516,181369,Self-Financed Merit Seat,"Sri Siddhartha Medical College, Tumkur,SRI SIDDHARTHA MEDICAL COLLEGE B.H. ROAD, AGALAKOTE TUMKUR",MBBS,Open,OBC,Allotted
16517,181382,Self-Financed Merit Seat,"Shri B M Patil Medical College, Hospital & Research Centre, Vijayapura (Bijapur,SMT BANGARAMMA SAJJAN CAMPUS B M PATIL ROAD (SOLAPUR ROAD) VIJAYAPURA KARNATAKA",MBBS,Open,General,Allotted
16518,181415,Self-Financed Merit Seat,"Sri Devaraj URS Medical College, Kolar,Post box No.7, SRI DEVARAJ URS MEDICAL COLLEGE, TAMAKA, KOLAR",MBBS,Open,General,Allotted
16519,181436,Self-Financed Merit Seat,"Datta Meghe Medical College, Nagpur,Hingna Road Wanadongri Nagpur Maharashtra India",MBBS,Open,General,Allotted
16520,181448,Self-Financed Merit Seat,"Mahatma Gandhi Missions Medical College, Navi Mumbai,MGM Medical College, Plot No. 1-2, Sector 1, Kamothe, Navi Mumbai - 410 209",MBBS,Open,OBC,Allotted
16521,181488,Self-Financed Merit Seat,"Sri Ramachandra Medical College & Research Institute, Chennai,No. One Ramachandra Nagar, Porur, Chennai.",MBBS,Open,OBC,Allotted
16522,181500,Self-Financed Merit Seat,"Dr. D Y Patil Medical College, Kolhapur,869, E Ward, D. Y. Patil Vidyanagar, Kasaba Bavada, Kolhapur 416006",MBBS,Open,OBC,Allotted
16523,181504,Self-Financed Merit Seat,"Sri Devaraj URS Medical College, Kolar,Post box No.7, SRI DEVARAJ URS MEDICAL COLLEGE, TAMAKA, KOLAR",MBBS,Open,General,Allotted
16524,181527,Self-Financed Merit Seat,"Yenepoya Medical College, Mangalore,University Road Deralakatte Mangaluru",MBBS,Open,General,Allotted
16525,181546,Self-Financed Merit Seat,"Instt. Of Medical Sciences & SUM Hospital, Bhubaneswar,K 8 Kalinga Nagar Po Mahalaxmi Vihar Bhubaneswar",MBBS,Open,General,Allotted
16526,181626,Self-Financed Merit Seat,"Sri siddhartha Institute of Medical Sciences & Research Centre, Bangalore,SRI SIDDHARTHA INSTITUTE OF MEDICAL SCIENCES AND RESEARCH CENTRE T BEGUR NELAMANGALA TALUK BANGALOR",MBBS,Open,OBC,Allotted
16527,181691,Self-Financed Merit Seat,"Sri Ramachandra Medical College & Research Institute, Chennai,No. One Ramachandra Nagar, Porur, Chennai.",MBBS,Open,OBC,Allotted
16528,181703,Self-Financed Merit Seat,"Institute of Medical Sciences & SUM Hospital, Campus-II, Phulnakhara Bhubaneswar, Odhisha,At-Nakhara, Po-Phulnakhara, Bhubaneswar, Khordha",MBBS,Open,General,Allotted
16529,181722,Self-Financed Merit Seat,"Mahatma Gandhi Missions Medical College, Aurangabad,N-6, Cidco, Chhatrapati Sambhajinagar -Aurangabad",MBBS,Open,EWS,Allotted
16530,181868,Self-Financed Merit Seat,"Dr. DY Patil Dental College and Hosp. Navi Mumbai,Dr. D. Y. Patil Vidyanagar, Sector 7, Nerul, Navi Mumbai",BDS,Open,General,Allotted
16531,181874,Self-Financed Merit Seat,"Mahatma Gandhi Missions Medical College, Navi Mumbai,MGM Medical College, Plot No. 1-2, Sector 1, Kamothe, Navi Mumbai - 410 209",MBBS,Open,OBC,Allotted
16532,181983,Self-Financed Merit Seat,"Sri Devaraj URS Medical College, Kolar,Post box No.7, SRI DEVARAJ URS MEDICAL COLLEGE, TAMAKA, KOLAR",MBBS,Open,General,Allotted
16533,182007,Self-Financed Merit Seat,"Manipal College of Dental Sce., Manipal,Madhav Nagar, Manipal India",BDS,Open,General,Allotted
16534,182062,Self-Financed Merit Seat,"Manipal College of Dental Science, Mangalore,Light House Hill Road, Mangalore India",BDS,Open,General,Allotted
16535,182090,Self-Financed Merit Seat,"Sri Ramachandra Medical College & Research Institute, Chennai,No. One Ramachandra Nagar, Porur, Chennai.",MBBS,Open,OBC,Allotted
16536,182142,Self-Financed Merit Seat,"Padmashree Dr. DY. Patil Medical College, Navi Mumbai,Sector 5, Nerul, Navi Mumbai,",MBBS,Open,General,Allotted
16537,182149,Self-Financed Merit Seat,"Manipal College of Dental Science, Mangalore,Light House Hill Road, Mangalore India",BDS,Open,General,Allotted
16538,182175,Self-Financed Merit Seat,"Graphic Era Institute of Medical Sciences Dehradun, Uttrakhand,Graphic Era Institute of Medical Sciences 16th Milestone Chakrata Road Dehradun, Uttarakhand",MBBS,Open,General,Allotted
16539,182236,Self-Financed Merit Seat,"Amrita School of Medicine, Elamkara, Kochi,Amrita School of Medicine, Amrita Institute of Medical Sciences AIMS Ponekkara P.O Kochi 682041",MBBS,Open,OBC,Allotted
16540,182360,Self-Financed Merit Seat,"Shri B M Patil Medical College, Hospital & Research Centre, Vijayapura (Bijapur,SMT BANGARAMMA SAJJAN CAMPUS B M PATIL ROAD (SOLAPUR ROAD) VIJAYAPURA KARNATAKA",MBBS,Open,General,Allotted
16541,182392,Self-Financed Merit Seat,"Shri B M Patil Medical College, Hospital & Research Centre, Vijayapura (Bijapur,SMT BANGARAMMA SAJJAN CAMPUS B M PATIL ROAD (SOLAPUR ROAD) VIJAYAPURA KARNATAKA",MBBS,Open,General,Allotted
16542,182458,Self-Financed Merit Seat,"Institute of Medical Sciences & SUM Hospital, Campus-II, Phulnakhara Bhubaneswar, Odhisha,At-Nakhara, Po-Phulnakhara, Bhubaneswar, Khordha",MBBS,Open,General,Allotted
16543,182500,Self-Financed Merit Seat,"Shri B M Patil Medical College, Hospital & Research Centre, Vijayapura (Bijapur,SMT BANGARAMMA SAJJAN CAMPUS B M PATIL ROAD (SOLAPUR ROAD) VIJAYAPURA KARNATAKA",MBBS,Open,OBC,Allotted
16544,182562,Self-Financed Merit Seat,"Sri Devaraj URS Medical College, Kolar,Post box No.7, SRI DEVARAJ URS MEDICAL COLLEGE, TAMAKA, KOLAR",MBBS,Open,General,Allotted
16545,182569,B.Sc Nursing All India,"College of Nursing Safdarjung Hospital, New Delhi,VMMC and Safdarjung Hospital (Female Seat only )",B.Sc. Nursing,SC,SC,Allotted
16546,182693,Self-Financed Merit Seat,"Sri Devaraj URS Medical College, Kolar,Post box No.7, SRI DEVARAJ URS MEDICAL COLLEGE, TAMAKA, KOLAR",MBBS,Open,EWS,Allotted
16547,182699,Self-Financed Merit Seat,"Kalinga Institute of Medical Sciences, Bhubaneswar,CAMPUS-5 KUSHABHADRA CAMPUS P.O-KIIT BHUBANESWAR",MBBS,Open,General,Allotted
16548,182751,Self-Financed Merit Seat,"SRM Katt. Dental College and Hospt. Chennai,SRM NAGAR POTHERI KATTANKULATHUR KANCHIPURAM",BDS,Open,EWS,Allotted
16549,182859,Self-Financed Merit Seat,"Sri siddhartha Institute of Medical Sciences & Research Centre, Bangalore,SRI SIDDHARTHA INSTITUTE OF MEDICAL SCIENCES AND RESEARCH CENTRE T BEGUR NELAMANGALA TALUK BANGALOR",MBBS,Open,General,Allotted
16550,182868,Self-Financed Merit Seat,"Vinayaka Missions Medical College, Karaikal, Pondicherry,KEEZHAKASAKUDIMEDU, KOTTUCHERRY(P.O), KARAIKAL - 609 609, U.T. OF PUDUCHERRY",MBBS,Open,General,Allotted
16551,182881,Self-Financed Merit Seat,"Kalinga Institute of Medical Sciences, Bhubaneswar,CAMPUS-5 KUSHABHADRA CAMPUS P.O-KIIT BHUBANESWAR",MBBS,Open,General,Allotted
16552,182955,Self-Financed Merit Seat,"Instt. Of Medical Sciences & SUM Hospital, Bhubaneswar,K 8 Kalinga Nagar Po Mahalaxmi Vihar Bhubaneswar",MBBS,Open,General,Allotted
16553,182957,Self-Financed Merit Seat,"Sri Ramachandra Dental and Hospt., Chennai,No. 1 Ramachandra Nagar, Porur, Chennai., Tamil Nadu, 600116",BDS,Open,OBC,Allotted
16554,183180,Self-Financed Merit Seat,"Sri Devaraj URS Medical College, Kolar,Post box No.7, SRI DEVARAJ URS MEDICAL COLLEGE, TAMAKA, KOLAR",MBBS,Open,General,Allotted
16555,183211,Self-Financed Merit Seat,"Shri B M Patil Medical College, Hospital & Research Centre, Vijayapura (Bijapur,SMT BANGARAMMA SAJJAN CAMPUS B M PATIL ROAD (SOLAPUR ROAD) VIJAYAPURA KARNATAKA",MBBS,Open,General,Allotted
16556,183364,Employees State Insurance Scheme(ESI),"Employees State Insurance Corporation Medical College, Bangalore,ESIC Medical College and Hospital, Rajajinagar, Bengaluru-560010",MBBS,SC,SC,Allotted
16557,183372,Self-Financed Merit Seat,"Mahatma Gandhi Missions Medical College, Navi Mumbai,MGM Medical College, Plot No. 1-2, Sector 1, Kamothe, Navi Mumbai - 410 209",MBBS,Open,General,Allotted
16558,183401,Self-Financed Merit Seat,"Manipal College of Dental Science, Mangalore,Light House Hill Road, Mangalore India",BDS,Open,General,Allotted
16559,183407,Self-Financed Merit Seat,"Manipal College of Dental Science, Mangalore,Light House Hill Road, Mangalore India",BDS,Open,General,Allotted
16560,183432,Self-Financed Merit Seat,"Mahatma Gandhi Missions Medical College, Aurangabad,N-6, Cidco, Chhatrapati Sambhajinagar -Aurangabad",MBBS,Open,General,Allotted
16561,183438,Employees State Insurance Scheme(ESI),"ESIC Medical College and Hospital, VARANASI,ESIC MEDICAL COLLEGE AND HOSPITAL, PANDEYPUR,VARANASI U. P. 221002",MBBS,SC,SC,Allotted
16562,183466,Self-Financed Merit Seat,"Amrita School of Medicine, Elamkara, Kochi,Amrita School of Medicine, Amrita Institute of Medical Sciences AIMS Ponekkara P.O Kochi 682041",MBBS,Open,General,Allotted
16563,183510,Employees State Insurance Scheme(ESI),"Employees State Insurance Corporation Medical College, Joka, Kolkata,DIAMOND HARBOUR ROAD POST OFFICE JOKA KOLKATA 700104",MBBS,SC,SC,Allotted
16564,183550,Self-Financed Merit Seat,"Manipal College of Dental Science, Mangalore,Light House Hill Road, Mangalore India",BDS,Open,OBC,Allotted
16565,183602,Self-Financed Merit Seat,"SRM Katt. Dental College and Hospt. Chennai,SRM NAGAR POTHERI KATTANKULATHUR KANCHIPURAM",BDS,Open,OBC,Allotted
16566,183690,Self-Financed Merit Seat,"Institute of Medical Sciences & SUM Hospital, Campus-II, Phulnakhara Bhubaneswar, Odhisha,At-Nakhara, Po-Phulnakhara, Bhubaneswar, Khordha",MBBS,Open,General,Allotted
16567,183761,Self-Financed Merit Seat,"SRM Dental College, Chennai,SRM DENTAL COLLEGE, BHARATHI SALAI, RAMAPURAM, CHENNAI - 89",BDS,Open,OBC,Allotted
16568,183774,Employees State Insurance Scheme(ESI),"Employees State Insurance Corporation Medical College, Bangalore,ESIC Medical College and Hospital, Rajajinagar, Bengaluru-560010",MBBS,ST,ST,Allotted
16569,183783,Self-Financed Merit Seat,"Amrita School of Medicine,Mata Amritanandmayi Marg, Sector-88, Faridabad",MBBS,Open,General,Allotted
16570,183818,Self-Financed Merit Seat,"Meenakshi Ammal Dental College and Host., Chennai1,ALAPAKKAM MAIN ROAD MADURAVOYAL CHENNAI",BDS,Open,General,Allotted
16571,183864,Self-Financed Merit Seat,"Mahatma Gandhi Missions Medical College, Aurangabad,N-6, Cidco, Chhatrapati Sambhajinagar -Aurangabad",MBBS,Open,OBC,Allotted
16572,183904,Employees State Insurance Scheme(ESI),"Employees State Insurance Corporation Medical College, Gulbarga,ESIC Medical College and Hospital, Sedam Road Gulbarga-585106 Karnataka",MBBS,SC,SC,Allotted
16573,183910,Self-Financed Merit Seat,"Instt. Of Medical Sciences & SUM Hospital, Bhubaneswar,K 8 Kalinga Nagar Po Mahalaxmi Vihar Bhubaneswar",MBBS,Open,General,Allotted
16574,183914,Self-Financed Merit Seat,"Rural Dental College, Loni,At - Loni Tal - Rahata Dist - Ahilyanagar Maharashtra State, India PIN-413736 (Near Shirdi)",BDS,Open,General,Allotted
16575,183972,Self-Financed Merit Seat,"Yenepoya Medical College, Mangalore,University Road Deralakatte Mangaluru",MBBS,Open,General,Allotted
16576,184023,Self-Financed Merit Seat,"Amrita School of Medicine, Elamkara, Kochi,Amrita School of Medicine, Amrita Institute of Medical Sciences AIMS Ponekkara P.O Kochi 682041",MBBS,Open,General,Allotted
16577,184133,Self-Financed Merit Seat,"Amrita School of Medicine,Mata Amritanandmayi Marg, Sector-88, Faridabad",MBBS,Open,General,Allotted
16578,184149,Self-Financed Merit Seat,"Maharishi Markandeshwar Institute Of Medical Sciences & Research, Mullana, Ambala,M.M. INSTITUTE OF MEDICAL SCIENCES AND RESEARCH, MULLANA, AMBALA, HARYANA.",MBBS,Open,General,Allotted
16579,184187,Self-Financed Merit Seat,"Amrita School of Medicine, Elamkara, Kochi,Amrita School of Medicine, Amrita Institute of Medical Sciences AIMS Ponekkara P.O Kochi 682041",MBBS,Open,OBC,Allotted
16580,184284,B.Sc Nursing All India,"College of Nursing Dr. RML Hospital, New Delhi,Baba Kharak Singh Marg College of Nursing Dr RML Hospital (Female Seat only )",B.Sc. Nursing,SC,SC,Allotted
16581,184294,Self-Financed Merit Seat,"Institute of Medical Sciences & SUM Hospital, Campus-II, Phulnakhara Bhubaneswar, Odhisha,At-Nakhara, Po-Phulnakhara, Bhubaneswar, Khordha",MBBS,Open,General,Allotted
16582,184313,Self-Financed Merit Seat,"Mahatma Gandhi Missions Medical College, Aurangabad,N-6, Cidco, Chhatrapati Sambhajinagar -Aurangabad",MBBS,Open,OBC,Allotted
16583,184334,Self-Financed Merit Seat,"Manipal College of Dental Science, Mangalore,Light House Hill Road, Mangalore India",BDS,Open,EWS,Allotted
16584,184427,Self-Financed Merit Seat,"Shri B M Patil Medical College, Hospital & Research Centre, Vijayapura (Bijapur,SMT BANGARAMMA SAJJAN CAMPUS B M PATIL ROAD (SOLAPUR ROAD) VIJAYAPURA KARNATAKA",MBBS,Open,OBC,Allotted
16585,184456,Self-Financed Merit Seat,"Mahatma Gandhi Missions Medical College, Navi Mumbai,MGM Medical College, Plot No. 1-2, Sector 1, Kamothe, Navi Mumbai - 410 209",MBBS,Open,General,Allotted
16586,184460,Self-Financed Merit Seat,"Manipal College of Dental Sce., Manipal,Madhav Nagar, Manipal India",BDS,Open,General,Allotted
16587,184673,Self-Financed Merit Seat,"SBKS Medical Instt. & Research Centre, Vadodra,Sumandeep Vidyapeeth Deemed to be University Campus, At. Po.Piparia, Tal.Waghodia, Dist.Vadodara",MBBS,Open,OBC,Allotted
16588,184714,Self-Financed Merit Seat,"Kalinga Institute of Medical Sciences, Bhubaneswar,CAMPUS-5 KUSHABHADRA CAMPUS P.O-KIIT BHUBANESWAR",MBBS,Open,OBC,Allotted
16589,184721,Self-Financed Merit Seat,"Amrita School of Medicine,Mata Amritanandmayi Marg, Sector-88, Faridabad",MBBS,Open,General,Allotted
16590,184760,Self-Financed Merit Seat,"Kalinga Institute of Medical Sciences, Bhubaneswar,CAMPUS-5 KUSHABHADRA CAMPUS P.O-KIIT BHUBANESWAR",MBBS,Open,General,Allotted
16591,184764,Self-Financed Merit Seat,"Manipal College of Dental Science, Mangalore,Light House Hill Road, Mangalore India",BDS,Open,General,Allotted
16592,184806,Self-Financed Merit Seat,"Maharishi Markandeshwar Institute Of Medical Sciences & Research, Mullana, Ambala,M.M. INSTITUTE OF MEDICAL SCIENCES AND RESEARCH, MULLANA, AMBALA, HARYANA.",MBBS,Open,General,Allotted
16593,185113,Self-Financed Merit Seat,"Mahatma Gandhi Missions Medical College, Aurangabad,N-6, Cidco, Chhatrapati Sambhajinagar -Aurangabad",MBBS,Open,OBC,Allotted
16594,185126,Self-Financed Merit Seat,"Kalinga Institute of Medical Sciences, Bhubaneswar,CAMPUS-5 KUSHABHADRA CAMPUS P.O-KIIT BHUBANESWAR",MBBS,Open,OBC,Allotted
16595,185165,Self-Financed Merit Seat,"Amrita School of Medicine,Mata Amritanandmayi Marg, Sector-88, Faridabad",MBBS,Open,General,Allotted
16596,185175,Self-Financed Merit Seat,"Sri Siddhartha Medical College, Tumkur,SRI SIDDHARTHA MEDICAL COLLEGE B.H. ROAD, AGALAKOTE TUMKUR",MBBS,Open,General,Allotted
16597,185185,Self-Financed Merit Seat,"Shri B M Patil Medical College, Hospital & Research Centre, Vijayapura (Bijapur,SMT BANGARAMMA SAJJAN CAMPUS B M PATIL ROAD (SOLAPUR ROAD) VIJAYAPURA KARNATAKA",MBBS,Open,OBC,Allotted
16598,185282,Self-Financed Merit Seat,"Mahatma Gandhi Missions Medical College, Navi Mumbai,MGM Medical College, Plot No. 1-2, Sector 1, Kamothe, Navi Mumbai - 410 209",MBBS,Open,General,Allotted
16599,185294,Self-Financed Merit Seat,"Institute of Medical Sciences & SUM Hospital, Campus-II, Phulnakhara Bhubaneswar, Odhisha,At-Nakhara, Po-Phulnakhara, Bhubaneswar, Khordha",MBBS,Open,General,Allotted
16600,185322,Self-Financed Merit Seat,"Mahatma Gandhi Missions Medical College, Navi Mumbai,MGM Medical College, Plot No. 1-2, Sector 1, Kamothe, Navi Mumbai - 410 209",MBBS,Open,General,Allotted
16601,185329,Self-Financed Merit Seat,"Mahatma Gandhi Missions Medical College, Navi Mumbai,MGM Medical College, Plot No. 1-2, Sector 1, Kamothe, Navi Mumbai - 410 209",MBBS,Open,General,Allotted
16602,185347,Self-Financed Merit Seat,"Amrita School of Medicine, Elamkara, Kochi,Amrita School of Medicine, Amrita Institute of Medical Sciences AIMS Ponekkara P.O Kochi 682041",MBBS,Open,General,Allotted
16603,185356,Self-Financed Merit Seat,"Sri siddhartha Institute of Medical Sciences & Research Centre, Bangalore,SRI SIDDHARTHA INSTITUTE OF MEDICAL SCIENCES AND RESEARCH CENTRE T BEGUR NELAMANGALA TALUK BANGALOR",MBBS,Open,General,Allotted
16604,185365,Self-Financed Merit Seat,"Kalinga Institute of Medical Sciences, Bhubaneswar,CAMPUS-5 KUSHABHADRA CAMPUS P.O-KIIT BHUBANESWAR",MBBS,Open,General,Allotted
16605,185484,Self-Financed Merit Seat,"Sri Devaraj URS Medical College, Kolar,Post box No.7, SRI DEVARAJ URS MEDICAL COLLEGE, TAMAKA, KOLAR",MBBS,Open,General,Allotted
16606,185489,Self-Financed Merit Seat,"Dr. D Y Patil Medical College, Kolhapur,869, E Ward, D. Y. Patil Vidyanagar, Kasaba Bavada, Kolhapur 416006",MBBS,Open,OBC,Allotted
16607,185537,Self-Financed Merit Seat,"Sri Devaraj URS Medical College, Kolar,Post box No.7, SRI DEVARAJ URS MEDICAL COLLEGE, TAMAKA, KOLAR",MBBS,Open,General,Allotted
16608,185571,Self-Financed Merit Seat,"Raja Rajeswari Medical College & Hospital, Bangalore,202, Kambipura, Bengaluru Mysuru High Way,Kengeri Hobli, Bangalore, Karnataka",MBBS,Open,General,Allotted
16609,185583,Self-Financed Merit Seat,"Sri Ramachandra Medical College & Research Institute, Chennai,No. One Ramachandra Nagar, Porur, Chennai.",MBBS,Open,OBC,Allotted
16610,185607,Self-Financed Merit Seat,"Instt. Of Medical Sciences & SUM Hospital, Bhubaneswar,K 8 Kalinga Nagar Po Mahalaxmi Vihar Bhubaneswar",MBBS,Open,General,Allotted
16611,185664,Self-Financed Merit Seat,"Saveetha Medical College and Hospital, Kanchipuram,Saveetha Nagar, Thandalam, Chennai",MBBS,Open,General,Allotted
16612,185704,Self-Financed Merit Seat,"Mahatma Gandhi Missions Medical College, Navi Mumbai,MGM Medical College, Plot No. 1-2, Sector 1, Kamothe, Navi Mumbai - 410 209",MBBS,Open,General,Allotted
16613,185808,Employees State Insurance Scheme(ESI),"ESIC MEDICAL COLLEGE AND HOSPITAL, ANDHERI,CENTRAL ROAD, MIDC, ANDHERI (EAST) MUMBAI",MBBS,SC,SC,Allotted
16614,185823,Self-Financed Merit Seat,"Kalinga Institute of Medical Sciences, Bhubaneswar,CAMPUS-5 KUSHABHADRA CAMPUS P.O-KIIT BHUBANESWAR",MBBS,Open,General,Allotted
16615,185875,Self-Financed Merit Seat,"Sri Siddhartha Medical College, Tumkur,SRI SIDDHARTHA MEDICAL COLLEGE B.H. ROAD, AGALAKOTE TUMKUR",MBBS,Open,OBC,Allotted
16616,185898,Self-Financed Merit Seat,"Kalinga Institute of Medical Sciences, Bhubaneswar,CAMPUS-5 KUSHABHADRA CAMPUS P.O-KIIT BHUBANESWAR",MBBS,Open,OBC,Allotted
16617,185937,Self-Financed Merit Seat,"Kalinga Institute of Medical Sciences, Bhubaneswar,CAMPUS-5 KUSHABHADRA CAMPUS P.O-KIIT BHUBANESWAR",MBBS,Open,General,Allotted
16618,185991,Self-Financed Merit Seat,"Mahatma Gandhi Missions Medical College, Navi Mumbai,MGM Medical College, Plot No. 1-2, Sector 1, Kamothe, Navi Mumbai - 410 209",MBBS,Open,OBC,Allotted
16619,186010,Self-Financed Merit Seat,"Sri Siddhartha Medical College, Tumkur,SRI SIDDHARTHA MEDICAL COLLEGE B.H. ROAD, AGALAKOTE TUMKUR",MBBS,Open,General,Allotted
16620,186039,Self-Financed Merit Seat,"Kalinga Institute of Medical Sciences, Bhubaneswar,CAMPUS-5 KUSHABHADRA CAMPUS P.O-KIIT BHUBANESWAR",MBBS,Open,General,Allotted
16621,186071,Self-Financed Merit Seat,"Amrita School of Medicine, Elamkara, Kochi,Amrita School of Medicine, Amrita Institute of Medical Sciences AIMS Ponekkara P.O Kochi 682041",MBBS,Open,General,Allotted
16622,186227,Employees State Insurance Scheme(ESI),"ESIC Medical College and Hospital, VARANASI,ESIC MEDICAL COLLEGE AND HOSPITAL, PANDEYPUR,VARANASI U. P. 221002",MBBS,SC,SC,Allotted
16623,186296,Self-Financed Merit Seat,"Sri Siddhartha Medical College, Tumkur,SRI SIDDHARTHA MEDICAL COLLEGE B.H. ROAD, AGALAKOTE TUMKUR",MBBS,Open,General,Allotted
16624,186306,Employees State Insurance Scheme(ESI),"Employees State Insurance Corporation Medical College, Gulbarga,ESIC Medical College and Hospital, Sedam Road Gulbarga-585106 Karnataka",MBBS,SC,SC,Allotted
16625,186368,Employees State Insurance Scheme Nursing Quota (ESI- IP Quota Nursing),"ESIC College of Nursing, Gulbarga, Karnataka,ESIC COLLEGE OF NURSING ESIC MEDICAL COLLEGE AND HOSPITAL SEDAM ROAD KALABURIGI",B.Sc. Nursing,EWS,EWS,Allotted
16626,186384,Self-Financed Merit Seat,"Jagadguru Gangadhar Mahaswamigalu Moorusavirmath Medical College JGMMMC,KLE Jagadguru Gangadhar Mahaswamigalu Moorusavirmath Medical College Gabbur Cross Hubballi",MBBS,Open,General,Allotted
16627,186387,Self-Financed Merit Seat,"Instt. Of Medical Sciences & SUM Hospital, Bhubaneswar,K 8 Kalinga Nagar Po Mahalaxmi Vihar Bhubaneswar",MBBS,Open,General,Allotted
16628,186596,Self-Financed Merit Seat,"Manipal College of Dental Sce., Manipal,Madhav Nagar, Manipal India",BDS,Open,General,Allotted
16629,186617,Self-Financed Merit Seat,"Raja Rajeswari Medical College & Hospital, Bangalore,202, Kambipura, Bengaluru Mysuru High Way,Kengeri Hobli, Bangalore, Karnataka",MBBS,Open,General,Allotted
16630,186752,Self-Financed Merit Seat,"Institute of Medical Sciences & SUM Hospital, Campus-II, Phulnakhara Bhubaneswar, Odhisha,At-Nakhara, Po-Phulnakhara, Bhubaneswar, Khordha",MBBS,Open,General,Allotted
16631,186790,B.Sc Nursing All India,"College of Nursing BHU, VARANASI,The Director Institute of Medical Sciences Banaras Hindu University, Uttar Pradesh, 221005",B.Sc. Nursing,ST,ST,Allotted
16632,186794,Self-Financed Merit Seat,"Institute of Dental Sciences, Bhubaneswar,K8, Kalinga Nagar, PO-Mahalaxmi Vihar, Bhubaneswar",BDS,Open,General,Allotted
16633,186808,Self-Financed Merit Seat,"Amrita School of Medicine, Elamkara, Kochi,Amrita School of Medicine, Amrita Institute of Medical Sciences AIMS Ponekkara P.O Kochi 682041",MBBS,Open,General,Allotted
16634,186883,Self-Financed Merit Seat,"Amrita School of Medicine, Elamkara, Kochi,Amrita School of Medicine, Amrita Institute of Medical Sciences AIMS Ponekkara P.O Kochi 682041",MBBS,Open,OBC,Allotted
16635,186911,Self-Financed Merit Seat,"Sri Siddhartha Medical College, Tumkur,SRI SIDDHARTHA MEDICAL COLLEGE B.H. ROAD, AGALAKOTE TUMKUR",MBBS,Open,General,Allotted
16636,186946,Self-Financed Merit Seat,"Mahatma Gandhi Missions Medical College, Aurangabad,N-6, Cidco, Chhatrapati Sambhajinagar -Aurangabad",MBBS,Open,General,Allotted
16637,186972,Self-Financed Merit Seat,"Padmashree Dr. DY. Patil Medical College, Navi Mumbai,Sector 5, Nerul, Navi Mumbai,",MBBS,Open,General,Allotted
16638,187000,Self-Financed Merit Seat,"Shri B M Patil Medical College, Hospital & Research Centre, Vijayapura (Bijapur,SMT BANGARAMMA SAJJAN CAMPUS B M PATIL ROAD (SOLAPUR ROAD) VIJAYAPURA KARNATAKA",MBBS,Open,General,Allotted
16639,187022,B.Sc Nursing All India,"College of Nursing Dr. RML Hospital, New Delhi,Baba Kharak Singh Marg College of Nursing Dr RML Hospital (Female Seat only )",B.Sc. Nursing,SC,SC,Allotted
16640,187104,Self-Financed Merit Seat,"Jagadguru Gangadhar Mahaswamigalu Moorusavirmath Medical College JGMMMC,KLE Jagadguru Gangadhar Mahaswamigalu Moorusavirmath Medical College Gabbur Cross Hubballi",MBBS,Open,General,Allotted
16641,187128,Employees State Insurance Scheme(ESI),"Employees State Insurance Corporation Medical College, Gulbarga,ESIC Medical College and Hospital, Sedam Road Gulbarga-585106 Karnataka",MBBS,SC,SC,Allotted
16642,187171,Self-Financed Merit Seat,"Instt. Of Medical Sciences & SUM Hospital, Bhubaneswar,K 8 Kalinga Nagar Po Mahalaxmi Vihar Bhubaneswar",MBBS,Open,OBC,Allotted
16643,187176,Self-Financed Merit Seat,"Mahatma Gandhi Missions Medical College, Navi Mumbai,MGM Medical College, Plot No. 1-2, Sector 1, Kamothe, Navi Mumbai - 410 209",MBBS,Open,General,Allotted
16644,187206,Self-Financed Merit Seat,"SRM Katt. Dental College and Hospt. Chennai,SRM NAGAR POTHERI KATTANKULATHUR KANCHIPURAM",BDS,Open,General,Allotted
16645,187357,Self-Financed Merit Seat,"Sri Ramachandra Medical College & Research Institute, Chennai,No. One Ramachandra Nagar, Porur, Chennai.",MBBS,Open,General,Allotted
16646,187414,Self-Financed Merit Seat,"Mahatma Gandhi Mission Medical College, Vashi,Sector 30, Vashi, Navi Mumbai",MBBS,Open,General,Allotted
16647,187416,Self-Financed Merit Seat,"Malla Reddy Institute of Medical Sciences, Hyderabad,Suraram X Roads Jeedimetla Hyderabad",MBBS,Open,OBC,Allotted
16648,187488,Self-Financed Merit Seat,"Shri B M Patil Medical College, Hospital & Research Centre, Vijayapura (Bijapur,SMT BANGARAMMA SAJJAN CAMPUS B M PATIL ROAD (SOLAPUR ROAD) VIJAYAPURA KARNATAKA",MBBS,Open,General,Allotted
16649,187526,Self-Financed Merit Seat,"AB Shetty Memorial Inst. of Dental Sce., Mangaluru,Dakshina Kannada District , Post Deralakatte, Mangaluru",BDS,Open,OBC,Allotted
16650,187577,Non-Resident Indian,"Kasturba Medical College, Manipal,Madhav Nagar, Manipal, Karnataka State India",MBBS,Open,General,Allotted( NRI Priority : 1 )
16651,187596,Self-Financed Merit Seat,"Bharati Vidyapeeth DU Dental College and Hospt., Pune,Bharati Vidyapeeth (Deemed to be University) Dental College and Hospital Pune",BDS,Open,OBC,Allotted
16652,187604,Self-Financed Merit Seat,"Manipal College of Dental Sce., Manipal,Madhav Nagar, Manipal India",BDS,Open,General,Allotted
16653,187627,Self-Financed Merit Seat,"Shri B M Patil Medical College, Hospital & Research Centre, Vijayapura (Bijapur,SMT BANGARAMMA SAJJAN CAMPUS B M PATIL ROAD (SOLAPUR ROAD) VIJAYAPURA KARNATAKA",MBBS,Open,General,Allotted
16654,187681,Self-Financed Merit Seat,"Bharati Vidyapeeth Deemed University Medical College & Hospital, Sangli,Sangli Miraj Road Wanlesswadi Sangli Maharashtra",MBBS,Open,General,Allotted
16655,187702,Self-Financed Merit Seat,"Sri Devaraj URS Medical College, Kolar,Post box No.7, SRI DEVARAJ URS MEDICAL COLLEGE, TAMAKA, KOLAR",MBBS,Open,General,Allotted
16656,187715,Self-Financed Merit Seat,"Yenepoya Medical College, Mangalore,University Road Deralakatte Mangaluru",MBBS,Open,General,Allotted
16657,187782,Self-Financed Merit Seat,"SBKS Medical Instt. & Research Centre, Vadodra,Sumandeep Vidyapeeth Deemed to be University Campus, At. Po.Piparia, Tal.Waghodia, Dist.Vadodara",MBBS,Open,General,Allotted
16658,187900,Self-Financed Merit Seat,"Mahatma Gandhi Missions Medical College, Navi Mumbai,MGM Medical College, Plot No. 1-2, Sector 1, Kamothe, Navi Mumbai - 410 209",MBBS,Open,General,Allotted
16659,188008,Self-Financed Merit Seat,"Mahatma Gandhi Missions Medical College, Navi Mumbai,MGM Medical College, Plot No. 1-2, Sector 1, Kamothe, Navi Mumbai - 410 209",MBBS,Open,SC,Allotted
16660,188016,Self-Financed Merit Seat,"Kalinga Institute of Medical Sciences, Bhubaneswar,CAMPUS-5 KUSHABHADRA CAMPUS P.O-KIIT BHUBANESWAR",MBBS,Open,EWS,Allotted
16661,188026,Self-Financed Merit Seat,"Raja Rajeswari Medical College & Hospital, Bangalore,202, Kambipura, Bengaluru Mysuru High Way,Kengeri Hobli, Bangalore, Karnataka",MBBS,Open,General,Allotted
16662,188027,Self-Financed Merit Seat,"Shri B M Patil Medical College, Hospital & Research Centre, Vijayapura (Bijapur,SMT BANGARAMMA SAJJAN CAMPUS B M PATIL ROAD (SOLAPUR ROAD) VIJAYAPURA KARNATAKA",MBBS,Open,OBC,Allotted
16663,188090,Self-Financed Merit Seat,"Sri Ramachandra Medical College & Research Institute, Chennai,No. One Ramachandra Nagar, Porur, Chennai.",MBBS,Open,General,Allotted
16664,188134,Self-Financed Merit Seat,"Maharishi Markandeshwar Institute Of Medical Sciences & Research, Mullana, Ambala,M.M. INSTITUTE OF MEDICAL SCIENCES AND RESEARCH, MULLANA, AMBALA, HARYANA.",MBBS,Open,General,Allotted
16665,188203,Self-Financed Merit Seat,"Mahatma Gandhi Missions Medical College, Aurangabad,N-6, Cidco, Chhatrapati Sambhajinagar -Aurangabad",MBBS,Open,General,Allotted
16666,188205,Self-Financed Merit Seat,"Amrita School of Medicine, Elamkara, Kochi,Amrita School of Medicine, Amrita Institute of Medical Sciences AIMS Ponekkara P.O Kochi 682041",MBBS,Open,General,Allotted
16667,188235,Self-Financed Merit Seat,"Kalinga Institute of Medical Sciences, Bhubaneswar,CAMPUS-5 KUSHABHADRA CAMPUS P.O-KIIT BHUBANESWAR",MBBS,Open,General,Allotted
16668,188247,Self-Financed Merit Seat,"Dr. DY Patil Dental College and Hosp. Pune,Sant Tukaram Nagar, Pimpri, Pune - 411018",BDS,Open,OBC,Allotted
16669,188345,Self-Financed Merit Seat,"Instt. Of Medical Sciences & SUM Hospital, Bhubaneswar,K 8 Kalinga Nagar Po Mahalaxmi Vihar Bhubaneswar",MBBS,Open,General,Allotted
16670,188399,Self-Financed Merit Seat,"Sri Ramachandra Medical College & Research Institute, Chennai,No. One Ramachandra Nagar, Porur, Chennai.",MBBS,Open,General,Allotted
16671,188403,All India,"Government Medical College, Kozhikode, Calicut,Principal, Govt. Medical College, Medical College (P.O)- Kozhikode",MBBS,OBC PwD,OBC PwD,Allotted
16672,188410,Open Seat Quota,"Institute of Medical Sciences, BHU, Varansi,Institute of Medical Sciences, Banaras Hindu University",MBBS,OBC PwD,OBC PwD,Allotted
16673,188420,Self-Financed Merit Seat,"Shri B M Patil Medical College, Hospital & Research Centre, Vijayapura (Bijapur,SMT BANGARAMMA SAJJAN CAMPUS B M PATIL ROAD (SOLAPUR ROAD) VIJAYAPURA KARNATAKA",MBBS,Open,General,Allotted
16674,188458,Self-Financed Merit Seat,"Amrita School of Medicine,Mata Amritanandmayi Marg, Sector-88, Faridabad",MBBS,Open,OBC,Allotted
16675,188509,Self-Financed Merit Seat,"Amrita School of Medicine,Mata Amritanandmayi Marg, Sector-88, Faridabad",MBBS,Open,OBC,Allotted
16676,188523,Self-Financed Merit Seat,"Manipal College of Dental Sce., Manipal,Madhav Nagar, Manipal India",BDS,Open,General,Allotted
16677,188558,Self-Financed Merit Seat,"Sri Siddhartha Medical College, Tumkur,SRI SIDDHARTHA MEDICAL COLLEGE B.H. ROAD, AGALAKOTE TUMKUR",MBBS,Open,General,Allotted
16678,188631,Self-Financed Merit Seat,"Sri Siddhartha Medical College, Tumkur,SRI SIDDHARTHA MEDICAL COLLEGE B.H. ROAD, AGALAKOTE TUMKUR",MBBS,Open,General,Allotted
16679,188730,Self-Financed Merit Seat,"Institute of Medical Sciences & SUM Hospital, Campus-II, Phulnakhara Bhubaneswar, Odhisha,At-Nakhara, Po-Phulnakhara, Bhubaneswar, Khordha",MBBS,Open,OBC,Allotted
16680,188803,Self-Financed Merit Seat,"Amrita School of Medicine, Elamkara, Kochi,Amrita School of Medicine, Amrita Institute of Medical Sciences AIMS Ponekkara P.O Kochi 682041",MBBS,Open,General,Allotted
16681,188813,Non-Resident Indian,"Kasturba Medical College, Manipal,Madhav Nagar, Manipal, Karnataka State India",MBBS,Open,General,Allotted( NRI Priority : 1 )
16682,188825,Self-Financed Merit Seat,"Sri Devaraj URS Medical College, Kolar,Post box No.7, SRI DEVARAJ URS MEDICAL COLLEGE, TAMAKA, KOLAR",MBBS,Open,OBC,Allotted
16683,188896,Self-Financed Merit Seat,"Maharishi Markandeshwar Institute Of Medical Sciences & Research, Mullana, Ambala,M.M. INSTITUTE OF MEDICAL SCIENCES AND RESEARCH, MULLANA, AMBALA, HARYANA.",MBBS,Open,General,Allotted
16684,188945,Open Seat Quota,"Jawaharlal Nehru Medical College, Aligarh,ALIGARH MUSLIM UNIVERSITY, ALIGARH",MBBS,Open PwD,General PwD,Allotted
16685,189019,B.Sc Nursing All India,"College of Nursing RAK CON, New Delhi,Rajkumari Amrit Kaur College of Nursing Lajpat Nagar IV Near Moolchand Metro Station (Female Seat only )",B.Sc. Nursing,SC,SC,Allotted
16686,189092,Open Seat Quota,"AIIMS, Raipur,Tatibandh, G E Road, Raipur Chhattisgarh, Pin - 492099",MBBS,Open PwD,OBC PwD,Allotted
16687,189114,Self-Financed Merit Seat,"Kalinga Institute of Medical Sciences, Bhubaneswar,CAMPUS-5 KUSHABHADRA CAMPUS P.O-KIIT BHUBANESWAR",MBBS,Open,General,Allotted
16688,189124,Self-Financed Merit Seat,"Amrita School of Dentistry, Kochi,Amrita School of Dentistry, Amrita Institute of Medical Sciences (AIMS), AIMS Ponekkara P.O, Kochi",BDS,Open,General,Allotted
16689,189154,Self-Financed Merit Seat,"Shri B M Patil Medical College, Hospital & Research Centre, Vijayapura (Bijapur,SMT BANGARAMMA SAJJAN CAMPUS B M PATIL ROAD (SOLAPUR ROAD) VIJAYAPURA KARNATAKA",MBBS,Open,General,Allotted
16690,189156,Open Seat Quota,"AIIMS Guwahati,PO-CHANGSARI, DISTRICT-KAMRUP",MBBS,Open PwD,OBC PwD,Allotted
16691,189177,Employees State Insurance Scheme(ESI),"Employees State Insurance Corporation Medical College, Gulbarga,ESIC Medical College and Hospital, Sedam Road Gulbarga-585106 Karnataka",MBBS,SC,SC,Allotted
16692,189215,Self-Financed Merit Seat,"Dr. DY Patil Dental College and Hosp. Navi Mumbai,Dr. D. Y. Patil Vidyanagar, Sector 7, Nerul, Navi Mumbai",BDS,Open,General,Allotted
16693,189264,Self-Financed Merit Seat,"Shri B M Patil Medical College, Hospital & Research Centre, Vijayapura (Bijapur,SMT BANGARAMMA SAJJAN CAMPUS B M PATIL ROAD (SOLAPUR ROAD) VIJAYAPURA KARNATAKA",MBBS,Open,General,Allotted
16694,189329,Self-Financed Merit Seat,"Dr. DY Patil Dental College and Hosp. Pune,Sant Tukaram Nagar, Pimpri, Pune - 411018",BDS,Open,General,Allotted
16695,189375,Self-Financed Merit Seat,"Jagadguru Gangadhar Mahaswamigalu Moorusavirmath Medical College JGMMMC,KLE Jagadguru Gangadhar Mahaswamigalu Moorusavirmath Medical College Gabbur Cross Hubballi",MBBS,Open,General,Allotted
16696,189418,Self-Financed Merit Seat,"Dr. D Y Patil Medical College, Kolhapur,869, E Ward, D. Y. Patil Vidyanagar, Kasaba Bavada, Kolhapur 416006",MBBS,Open,General,Allotted
16697,189449,Open Seat Quota,"AIIMS, Gorakhpur ,AIIMS Gorakhpur, Medical College Building, Kunraghat, Gorakhpur",MBBS,EWS PwD,EWS PwD,Allotted
16698,189475,All India,"Mysore Medical College and Research Instt. (Prev.name Government Medical College), Mysore,Mysore Medical College and Research Institute,Irwin Road, Mysore",MBBS,Open PwD,OBC PwD,Allotted
16699,189508,B.Sc Nursing All India,"College of Nursing Dr. RML Hospital, New Delhi,Baba Kharak Singh Marg College of Nursing Dr RML Hospital (Female Seat only )",B.Sc. Nursing,SC,SC,Allotted
16700,189533,Self-Financed Merit Seat,"Sri Devaraj URS Medical College, Kolar,Post box No.7, SRI DEVARAJ URS MEDICAL COLLEGE, TAMAKA, KOLAR",MBBS,Open,General,Allotted
16701,189602,Self-Financed Merit Seat,"Bharati Vidyapeeth University Medical College, Pune,Dhankawadi, Pune-Satara Road, Pune",MBBS,Open,General,Allotted
16702,189609,Self-Financed Merit Seat,"Santosh Dental College and Hospital, Ghaziabad,No.1, Santosh Nagar, Ghaziabad, Delhi NCR",BDS,Open,General,Allotted
16703,189621,Self-Financed Merit Seat,"Sri Devaraj URS Medical College, Kolar,Post box No.7, SRI DEVARAJ URS MEDICAL COLLEGE, TAMAKA, KOLAR",MBBS,Open,General,Allotted
16704,189691,Self-Financed Merit Seat,"Mahatma Gandhi Missions Medical College, Navi Mumbai,MGM Medical College, Plot No. 1-2, Sector 1, Kamothe, Navi Mumbai - 410 209",MBBS,Open,General,Allotted
16705,189693,Self-Financed Merit Seat,"Shri B M Patil Medical College, Hospital & Research Centre, Vijayapura (Bijapur,SMT BANGARAMMA SAJJAN CAMPUS B M PATIL ROAD (SOLAPUR ROAD) VIJAYAPURA KARNATAKA",MBBS,Open,EWS,Allotted
16706,189728,Self-Financed Merit Seat,"Sree Balaji Medical College and Hospital, Chennai,NO 7 WORKS ROAD CHROMEPET CHENNAI",MBBS,Open,OBC,Allotted
16707,189751,Self-Financed Merit Seat,"Shri B M Patil Medical College, Hospital & Research Centre, Vijayapura (Bijapur,SMT BANGARAMMA SAJJAN CAMPUS B M PATIL ROAD (SOLAPUR ROAD) VIJAYAPURA KARNATAKA",MBBS,Open,General,Allotted
16708,189818,Self-Financed Merit Seat,"Padmashree Dr. DY. Patil Medical College, Navi Mumbai,Sector 5, Nerul, Navi Mumbai,",MBBS,Open,General,Allotted
16709,189856,Self-Financed Merit Seat,"Mahatma Gandhi Missions Medical College, Aurangabad,N-6, Cidco, Chhatrapati Sambhajinagar -Aurangabad",MBBS,Open,OBC,Allotted
16710,189953,Self-Financed Merit Seat,"Sri Siddhartha Medical College, Tumkur,SRI SIDDHARTHA MEDICAL COLLEGE B.H. ROAD, AGALAKOTE TUMKUR",MBBS,Open,General,Allotted
16711,189965,Self-Financed Merit Seat,"Kalinga Institute of Medical Sciences, Bhubaneswar,CAMPUS-5 KUSHABHADRA CAMPUS P.O-KIIT BHUBANESWAR",MBBS,Open,General,Allotted
16712,190041,Self-Financed Merit Seat,"Amrita School of Medicine, Elamkara, Kochi,Amrita School of Medicine, Amrita Institute of Medical Sciences AIMS Ponekkara P.O Kochi 682041",MBBS,Open,General,Allotted
16713,190082,Self-Financed Merit Seat,"Sri Siddhartha Medical College, Tumkur,SRI SIDDHARTHA MEDICAL COLLEGE B.H. ROAD, AGALAKOTE TUMKUR",MBBS,Open,General,Allotted
16714,190136,Self-Financed Merit Seat,"Sri Devaraj URS Medical College, Kolar,Post box No.7, SRI DEVARAJ URS MEDICAL COLLEGE, TAMAKA, KOLAR",MBBS,Open,EWS,Allotted
16715,190159,B.Sc Nursing Delhi NCR,"College of Nursing Ahilya Bai College of Nursing, Maulana Azad Medical College,Ahilya Bai College of Nursing Lok Nayak Hospital Jawaharlal Nehru Marg (Female Seat only )",B.Sc. Nursing,SC,SC,Allotted
16716,190169,Employees State Insurance Scheme(ESI),"Employees State Insurance Corporation Medical College, Joka, Kolkata,DIAMOND HARBOUR ROAD POST OFFICE JOKA KOLKATA 700104",MBBS,SC,SC,Allotted
16717,190248,Self-Financed Merit Seat,"Mahatma Gandhi Missions Medical College, Navi Mumbai,MGM Medical College, Plot No. 1-2, Sector 1, Kamothe, Navi Mumbai - 410 209",MBBS,Open,General,Allotted
16718,190265,Self-Financed Merit Seat,"Mahatma Gandhi Missions Medical College, Navi Mumbai,MGM Medical College, Plot No. 1-2, Sector 1, Kamothe, Navi Mumbai - 410 209",MBBS,Open,OBC,Allotted
16719,190274,Self-Financed Merit Seat,"Mahatma Gandhi Missions Medical College, Aurangabad,N-6, Cidco, Chhatrapati Sambhajinagar -Aurangabad",MBBS,Open,OBC,Allotted
16720,190327,Self-Financed Merit Seat,"Raja Rajeswari Medical College & Hospital, Bangalore,202, Kambipura, Bengaluru Mysuru High Way,Kengeri Hobli, Bangalore, Karnataka",MBBS,Open,EWS,Allotted
16721,190363,Self-Financed Merit Seat,"Kalinga Institute of Medical Sciences, Bhubaneswar,CAMPUS-5 KUSHABHADRA CAMPUS P.O-KIIT BHUBANESWAR",MBBS,Open,General,Allotted
16722,190415,B.Sc Nursing All India,"College of Nursing Ahilya Bai College of Nursing, Maulana Azad Medical College,Ahilya Bai College of Nursing Lok Nayak Hospital Jawaharlal Nehru Marg (Female Seat only )",B.Sc. Nursing,ST,ST,Allotted
16723,190459,Self-Financed Merit Seat,"Chettinad Hospital & Research Institute, Kanchipuram,Rajiv Gandhi Salai, Kelambakkam, Chengalpattu District",MBBS,Open,OBC,Allotted
16724,190476,Self-Financed Merit Seat,"Mahatma Gandhi Missions Medical College, Navi Mumbai,MGM Medical College, Plot No. 1-2, Sector 1, Kamothe, Navi Mumbai - 410 209",MBBS,Open,General,Allotted
16725,190501,Self-Financed Merit Seat,"Sri Devaraj URS Medical College, Kolar,Post box No.7, SRI DEVARAJ URS MEDICAL COLLEGE, TAMAKA, KOLAR",MBBS,Open,General,Allotted
16726,190537,Self-Financed Merit Seat,"Amrita School of Medicine, Elamkara, Kochi,Amrita School of Medicine, Amrita Institute of Medical Sciences AIMS Ponekkara P.O Kochi 682041",MBBS,Open,OBC,Allotted
16727,190637,Self-Financed Merit Seat,"SBKS Medical Instt. & Research Centre, Vadodra,Sumandeep Vidyapeeth Deemed to be University Campus, At. Po.Piparia, Tal.Waghodia, Dist.Vadodara",MBBS,Open,General,Allotted
16728,190670,Self-Financed Merit Seat,"Amrita School of Medicine,Mata Amritanandmayi Marg, Sector-88, Faridabad",MBBS,Open,OBC,Allotted
16729,190763,Self-Financed Merit Seat,"Manipal College of Dental Science, Mangalore,Light House Hill Road, Mangalore India",BDS,Open,General,Allotted
16730,190795,Self-Financed Merit Seat,"Mahatma Gandhi Missions Medical College, Aurangabad,N-6, Cidco, Chhatrapati Sambhajinagar -Aurangabad",MBBS,Open,OBC,Allotted
16731,190863,Self-Financed Merit Seat,"Sri Devaraj URS Medical College, Kolar,Post box No.7, SRI DEVARAJ URS MEDICAL COLLEGE, TAMAKA, KOLAR",MBBS,Open,General,Allotted
16732,190935,Self-Financed Merit Seat,"Kalinga Institute of Medical Sciences, Bhubaneswar,CAMPUS-5 KUSHABHADRA CAMPUS P.O-KIIT BHUBANESWAR",MBBS,Open,General,Allotted
16733,190984,B.Sc Nursing Delhi NCR,"College of Nursing Ahilya Bai College of Nursing, Maulana Azad Medical College,Ahilya Bai College of Nursing Lok Nayak Hospital Jawaharlal Nehru Marg (Female Seat only )",B.Sc. Nursing,SC,SC,Allotted
16734,190990,Self-Financed Merit Seat,"Shri B M Patil Medical College, Hospital & Research Centre, Vijayapura (Bijapur,SMT BANGARAMMA SAJJAN CAMPUS B M PATIL ROAD (SOLAPUR ROAD) VIJAYAPURA KARNATAKA",MBBS,Open,EWS,Allotted
16735,191080,Self-Financed Merit Seat,"Sri Devaraj URS Medical College, Kolar,Post box No.7, SRI DEVARAJ URS MEDICAL COLLEGE, TAMAKA, KOLAR",MBBS,Open,OBC,Allotted
16736,191129,Self-Financed Merit Seat,"Amrita School of Medicine, Elamkara, Kochi,Amrita School of Medicine, Amrita Institute of Medical Sciences AIMS Ponekkara P.O Kochi 682041",MBBS,Open,OBC,Allotted
16737,191149,Self-Financed Merit Seat,"Shri B M Patil Medical College, Hospital & Research Centre, Vijayapura (Bijapur,SMT BANGARAMMA SAJJAN CAMPUS B M PATIL ROAD (SOLAPUR ROAD) VIJAYAPURA KARNATAKA",MBBS,Open,SC,Allotted
16738,191175,Delhi University Quota,"Maulana Azad Institute of Dental Sciences, New Delhi,MAMC Complex, B.S. Zafar Marg, New Delhi",BDS,ST,ST,Allotted
16739,191299,Self-Financed Merit Seat,"Kalinga Institute of Medical Sciences, Bhubaneswar,CAMPUS-5 KUSHABHADRA CAMPUS P.O-KIIT BHUBANESWAR",MBBS,Open,OBC,Allotted
16740,191339,Self-Financed Merit Seat,"Amrita School of Medicine, Elamkara, Kochi,Amrita School of Medicine, Amrita Institute of Medical Sciences AIMS Ponekkara P.O Kochi 682041",MBBS,Open,OBC,Allotted
16741,191361,Self-Financed Merit Seat,"Institute of Medical Sciences & SUM Hospital, Campus-II, Phulnakhara Bhubaneswar, Odhisha,At-Nakhara, Po-Phulnakhara, Bhubaneswar, Khordha",MBBS,Open,General,Allotted
16742,191421,All India,"Seth GS Medical College, Mumbai,ACHARYA DONDE MARG PAREL MUMBAI",MBBS,OBC PwD,OBC PwD,Allotted
16743,191433,Self-Financed Merit Seat,"Manipal College of Dental Sce., Manipal,Madhav Nagar, Manipal India",BDS,Open,General,Allotted
16744,191434,Employees State Insurance Scheme(ESI),"Employees State Insurance Corporation Medical College, Joka, Kolkata,DIAMOND HARBOUR ROAD POST OFFICE JOKA KOLKATA 700104",MBBS,SC,SC,Allotted
16745,191474,Self-Financed Merit Seat,"Institute of Medical Sciences & SUM Hospital, Campus-II, Phulnakhara Bhubaneswar, Odhisha,At-Nakhara, Po-Phulnakhara, Bhubaneswar, Khordha",MBBS,Open,General,Allotted
16746,191545,Self-Financed Merit Seat,"SRM Dental College, Chennai,SRM DENTAL COLLEGE, BHARATHI SALAI, RAMAPURAM, CHENNAI - 89",BDS,Open,OBC,Allotted
16747,191558,Self-Financed Merit Seat,"Shri B M Patil Medical College, Hospital & Research Centre, Vijayapura (Bijapur,SMT BANGARAMMA SAJJAN CAMPUS B M PATIL ROAD (SOLAPUR ROAD) VIJAYAPURA KARNATAKA",MBBS,Open,OBC,Allotted
16748,191596,Employees State Insurance Scheme(ESI),"Shri Lal Bahadur Shastri Government Medical College, Mandi, HP,Mandi at Nerchowk PO Bhangrotu Tehsil Balh District Mandi",MBBS,ST,ST,Allotted
16749,191613,Self-Financed Merit Seat,"Sri Devaraj URS Medical College, Kolar,Post box No.7, SRI DEVARAJ URS MEDICAL COLLEGE, TAMAKA, KOLAR",MBBS,Open,General,Allotted
16750,191614,Self-Financed Merit Seat,"DY Patil University, School of Medicine,Survey no 124&126, MIDC Road , Ambi, Taluka Maval, Dist Pune",MBBS,Open,General,Allotted
16751,191653,Self-Financed Merit Seat,"Mahatma Gandhi Missions Medical College, Navi Mumbai,MGM Medical College, Plot No. 1-2, Sector 1, Kamothe, Navi Mumbai - 410 209",MBBS,Open,General,Allotted
16752,191682,Self-Financed Merit Seat,"Kalinga Institute of Medical Sciences, Bhubaneswar,CAMPUS-5 KUSHABHADRA CAMPUS P.O-KIIT BHUBANESWAR",MBBS,Open,General,Allotted
16753,191690,Self-Financed Merit Seat,"Mahatma Gandhi Missions Medical College, Aurangabad,N-6, Cidco, Chhatrapati Sambhajinagar -Aurangabad",MBBS,Open,General,Allotted
16754,191736,Self-Financed Merit Seat,"BHAARATH MEDICAL COLLEGE & HOSPITAL, Chennai.,173, AGARAM MAIN ROAD , SELAIYUR, TAMBARAM CHENNAI - 600073",MBBS,Open,General,Allotted
16755,191786,Self-Financed Merit Seat,"Kalinga Institute of Medical Sciences, Bhubaneswar,CAMPUS-5 KUSHABHADRA CAMPUS P.O-KIIT BHUBANESWAR",MBBS,Open,General,Allotted
16756,191842,Self-Financed Merit Seat,"Jagadguru Gangadhar Mahaswamigalu Moorusavirmath Medical College JGMMMC,KLE Jagadguru Gangadhar Mahaswamigalu Moorusavirmath Medical College Gabbur Cross Hubballi",MBBS,Open,General,Allotted
16757,191898,Self-Financed Merit Seat,"Shri B M Patil Medical College, Hospital & Research Centre, Vijayapura (Bijapur,SMT BANGARAMMA SAJJAN CAMPUS B M PATIL ROAD (SOLAPUR ROAD) VIJAYAPURA KARNATAKA",MBBS,Open,General,Allotted
16758,191907,Employees State Insurance Scheme(ESI),"Employees State Insurance Corporation Medical College, Gulbarga,ESIC Medical College and Hospital, Sedam Road Gulbarga-585106 Karnataka",MBBS,SC,SC,Allotted
16759,191908,Self-Financed Merit Seat,"Institute of Medical Sciences & SUM Hospital, Campus-II, Phulnakhara Bhubaneswar, Odhisha,At-Nakhara, Po-Phulnakhara, Bhubaneswar, Khordha",MBBS,Open,OBC,Allotted
16760,191915,Self-Financed Merit Seat,"Sri Devaraj URS Medical College, Kolar,Post box No.7, SRI DEVARAJ URS MEDICAL COLLEGE, TAMAKA, KOLAR",MBBS,Open,General,Allotted
16761,191981,Self-Financed Merit Seat,"Shri B M Patil Medical College, Hospital & Research Centre, Vijayapura (Bijapur,SMT BANGARAMMA SAJJAN CAMPUS B M PATIL ROAD (SOLAPUR ROAD) VIJAYAPURA KARNATAKA",MBBS,Open,OBC,Allotted
16762,192017,Self-Financed Merit Seat,"Institute of Medical Sciences & SUM Hospital, Campus-II, Phulnakhara Bhubaneswar, Odhisha,At-Nakhara, Po-Phulnakhara, Bhubaneswar, Khordha",MBBS,Open,General,Allotted
16763,192118,Self-Financed Merit Seat,"Institute of Medical Sciences & SUM Hospital, Campus-II, Phulnakhara Bhubaneswar, Odhisha,At-Nakhara, Po-Phulnakhara, Bhubaneswar, Khordha",MBBS,Open,General,Allotted
16764,192125,Self-Financed Merit Seat,"Institute of Medical Sciences & SUM Hospital, Campus-II, Phulnakhara Bhubaneswar, Odhisha,At-Nakhara, Po-Phulnakhara, Bhubaneswar, Khordha",MBBS,Open,General,Allotted
16765,192143,Employees State Insurance Scheme(ESI),"Employees State Insurance Corporation Medical College, Patna,ESIC Medical College and Hospital, Arrah Danapur Road, Sikandarpur, Bihta, Patna- 801103",MBBS,SC,SC,Allotted
16766,192157,Self-Financed Merit Seat,"DY Patil University, School of Medicine,Survey no 124&126, MIDC Road , Ambi, Taluka Maval, Dist Pune",MBBS,Open,General,Allotted
16767,192164,Self-Financed Merit Seat,"Mahatma Gandhi Missions Medical College, Navi Mumbai,MGM Medical College, Plot No. 1-2, Sector 1, Kamothe, Navi Mumbai - 410 209",MBBS,Open,General,Allotted
16768,192215,Self-Financed Merit Seat,"SRM Dental College, Chennai,SRM DENTAL COLLEGE, BHARATHI SALAI, RAMAPURAM, CHENNAI - 89",BDS,Open,OBC,Allotted
16769,192252,Self-Financed Merit Seat,"Mahatma Gandhi Missions Medical College, Navi Mumbai,MGM Medical College, Plot No. 1-2, Sector 1, Kamothe, Navi Mumbai - 410 209",MBBS,Open,General,Allotted
16770,192256,Self-Financed Merit Seat,"Instt. Of Medical Sciences & SUM Hospital, Bhubaneswar,K 8 Kalinga Nagar Po Mahalaxmi Vihar Bhubaneswar",MBBS,Open,EWS,Allotted
16771,192288,Self-Financed Merit Seat,"Sri Devaraj URS Medical College, Kolar,Post box No.7, SRI DEVARAJ URS MEDICAL COLLEGE, TAMAKA, KOLAR",MBBS,Open,OBC,Allotted
16772,192301,Self-Financed Merit Seat,"Mahatma Gandhi Medical College & Research Institute, Pondicherry,SBV Pondicherry Campus, Pillaiyarkuppam",MBBS,Open,General,Allotted
16773,192439,Self-Financed Merit Seat,"Mahatma Gandhi Missions Medical College, Navi Mumbai,MGM Medical College, Plot No. 1-2, Sector 1, Kamothe, Navi Mumbai - 410 209",MBBS,Open,General,Allotted
16774,192465,Self-Financed Merit Seat,"Maharishi Markandeshwar Institute Of Medical Sciences & Research, Mullana, Ambala,M.M. INSTITUTE OF MEDICAL SCIENCES AND RESEARCH, MULLANA, AMBALA, HARYANA.",MBBS,Open,General,Allotted
16775,192540,Self-Financed Merit Seat,"Shri B M Patil Medical College, Hospital & Research Centre, Vijayapura (Bijapur,SMT BANGARAMMA SAJJAN CAMPUS B M PATIL ROAD (SOLAPUR ROAD) VIJAYAPURA KARNATAKA",MBBS,Open,General,Allotted
16776,192653,Self-Financed Merit Seat,"Sri siddhartha Institute of Medical Sciences & Research Centre, Bangalore,SRI SIDDHARTHA INSTITUTE OF MEDICAL SCIENCES AND RESEARCH CENTRE T BEGUR NELAMANGALA TALUK BANGALOR",MBBS,Open,General,Allotted
16777,192656,Self-Financed Merit Seat,"Faculty of Medicine , Sri Lalithambigai Medical College and Hospital,Faculty of Medicine - Sri Lalithambigai Medical College and Hospital, 1, Periyar EVR High Road, Ada",MBBS,Open,General,Allotted
16778,192694,B.Sc Nursing Delhi NCR,"College of Nursing Ahilya Bai College of Nursing, Maulana Azad Medical College,Ahilya Bai College of Nursing Lok Nayak Hospital Jawaharlal Nehru Marg (Female Seat only )",B.Sc. Nursing,SC,SC,Allotted
16779,192784,Self-Financed Merit Seat,"Sri Devaraj URS Medical College, Kolar,Post box No.7, SRI DEVARAJ URS MEDICAL COLLEGE, TAMAKA, KOLAR",MBBS,Open,OBC,Allotted
16780,192822,Self-Financed Merit Seat,"Mahatma Gandhi Missions Medical College, Navi Mumbai,MGM Medical College, Plot No. 1-2, Sector 1, Kamothe, Navi Mumbai - 410 209",MBBS,Open,OBC,Allotted
16781,192833,B.Sc Nursing Delhi NCR,"College of Nursing Ahilya Bai College of Nursing, Maulana Azad Medical College,Ahilya Bai College of Nursing Lok Nayak Hospital Jawaharlal Nehru Marg (Female Seat only )",B.Sc. Nursing,SC,SC,Allotted
16782,192929,Internal -Puducherry UT Domicile,"JIPMER KARAIKAL,JIPMER Academic Campus, FCI Link Road, Kovilpathu, Karaikal - 609602",MBBS,SC,SC,Allotted
16783,192935,Self-Financed Merit Seat,"Sri siddhartha Institute of Medical Sciences & Research Centre, Bangalore,SRI SIDDHARTHA INSTITUTE OF MEDICAL SCIENCES AND RESEARCH CENTRE T BEGUR NELAMANGALA TALUK BANGALOR",MBBS,Open,General,Allotted
16784,192962,Self-Financed Merit Seat,"Sri Ramachandra Medical College & Research Institute, Chennai,No. One Ramachandra Nagar, Porur, Chennai.",MBBS,Open,OBC,Allotted
16785,192973,Self-Financed Merit Seat,"Sri Devaraj URS Medical College, Kolar,Post box No.7, SRI DEVARAJ URS MEDICAL COLLEGE, TAMAKA, KOLAR",MBBS,Open,General,Allotted
16786,193015,Employees State Insurance Scheme(ESI),"Employees State Insurance Corporation Medical College, Gulbarga,ESIC Medical College and Hospital, Sedam Road Gulbarga-585106 Karnataka",MBBS,SC,SC,Allotted
16787,193018,Self-Financed Merit Seat,"Amrita School of Medicine,Mata Amritanandmayi Marg, Sector-88, Faridabad",MBBS,Open,General,Allotted
16788,193060,Self-Financed Merit Seat,"Instt. Of Medical Sciences & SUM Hospital, Bhubaneswar,K 8 Kalinga Nagar Po Mahalaxmi Vihar Bhubaneswar",MBBS,Open,OBC,Allotted
16789,193073,Self-Financed Merit Seat,"Manipal College of Dental Sce., Manipal,Madhav Nagar, Manipal India",BDS,Open,General,Allotted
16790,193089,Self-Financed Merit Seat,"Shri B M Patil Medical College, Hospital & Research Centre, Vijayapura (Bijapur,SMT BANGARAMMA SAJJAN CAMPUS B M PATIL ROAD (SOLAPUR ROAD) VIJAYAPURA KARNATAKA",MBBS,Open,General,Allotted
16791,193093,Self-Financed Merit Seat,"Shri B M Patil Medical College, Hospital & Research Centre, Vijayapura (Bijapur,SMT BANGARAMMA SAJJAN CAMPUS B M PATIL ROAD (SOLAPUR ROAD) VIJAYAPURA KARNATAKA",MBBS,Open,General,Allotted
16792,193117,Self-Financed Merit Seat,"Kalinga Institute of Medical Sciences, Bhubaneswar,CAMPUS-5 KUSHABHADRA CAMPUS P.O-KIIT BHUBANESWAR",MBBS,Open,OBC,Allotted
16793,193137,Self-Financed Merit Seat,"ACS Medical College and Hospital, Chennai,Periyar EVR High Raod, Velappanchavadi, Chennai-77",MBBS,Open,General,Allotted
16794,193144,B.Sc Nursing All India,"College of Nursing RAK CON, New Delhi,Rajkumari Amrit Kaur College of Nursing Lajpat Nagar IV Near Moolchand Metro Station (Female Seat only )",B.Sc. Nursing,SC,SC,Allotted
16795,193168,Employees State Insurance Scheme Nursing Quota (ESI- IP Quota Nursing),"ESIC College of Nursing, Gulbarga, Karnataka,ESIC COLLEGE OF NURSING ESIC MEDICAL COLLEGE AND HOSPITAL SEDAM ROAD KALABURIGI",B.Sc. Nursing,EWS,EWS,Allotted
16796,193197,Self-Financed Merit Seat,"Kalinga Institute of Medical Sciences, Bhubaneswar,CAMPUS-5 KUSHABHADRA CAMPUS P.O-KIIT BHUBANESWAR",MBBS,Open,OBC,Allotted
16797,193295,Employees State Insurance Scheme(ESI),"Employees State Insurance Corporation Medical College, Gulbarga,ESIC Medical College and Hospital, Sedam Road Gulbarga-585106 Karnataka",MBBS,SC,SC,Allotted
16798,193334,B.Sc Nursing All India,"College of Nursing RAK CON, New Delhi,Rajkumari Amrit Kaur College of Nursing Lajpat Nagar IV Near Moolchand Metro Station (Female Seat only )",B.Sc. Nursing,SC,SC,Allotted
16799,193398,Self-Financed Merit Seat,"Mahatma Gandhi Missions Medical College, Aurangabad,N-6, Cidco, Chhatrapati Sambhajinagar -Aurangabad",MBBS,Open,General,Allotted
16800,193422,Self-Financed Merit Seat,"Institute of Medical Sciences & SUM Hospital, Campus-II, Phulnakhara Bhubaneswar, Odhisha,At-Nakhara, Po-Phulnakhara, Bhubaneswar, Khordha",MBBS,Open,General,Allotted
16801,193648,Self-Financed Merit Seat,"Amrita School of Medicine,Mata Amritanandmayi Marg, Sector-88, Faridabad",MBBS,Open,SC,Allotted
16802,193735,Self-Financed Merit Seat,"Mahatma Gandhi Missions Medical College, Navi Mumbai,MGM Medical College, Plot No. 1-2, Sector 1, Kamothe, Navi Mumbai - 410 209",MBBS,Open,General,Allotted
16803,193755,Self-Financed Merit Seat,"Mahatma Gandhi Missions Medical College, Navi Mumbai,MGM Medical College, Plot No. 1-2, Sector 1, Kamothe, Navi Mumbai - 410 209",MBBS,Open,General,Allotted
16804,193792,Delhi NCR Children/Widows of Personnel of the Armed Forces (CW) DU Quota,"Maulana Azad Medical College, New Delhi,2 Bahadur Shah Zafar Marg New Delhi",MBBS,Open,General,Allotted( CW Rank : 11 )
16805,193852,Self-Financed Merit Seat,"Sri Ramachandra Dental and Hospt., Chennai,No. 1 Ramachandra Nagar, Porur, Chennai., Tamil Nadu, 600116",BDS,Open,OBC,Allotted
16806,193873,Self-Financed Merit Seat,"Kalinga Institute of Medical Sciences, Bhubaneswar,CAMPUS-5 KUSHABHADRA CAMPUS P.O-KIIT BHUBANESWAR",MBBS,Open,General,Allotted
16807,193905,Self-Financed Merit Seat,"Sri Devaraj URS Medical College, Kolar,Post box No.7, SRI DEVARAJ URS MEDICAL COLLEGE, TAMAKA, KOLAR",MBBS,Open,General,Allotted
16808,193912,Employees State Insurance Scheme(ESI),"Employees State Insurance Corporation Medical College, Gulbarga,ESIC Medical College and Hospital, Sedam Road Gulbarga-585106 Karnataka",MBBS,SC,SC,Allotted
16809,193913,Self-Financed Merit Seat,"Amrita School of Medicine, Elamkara, Kochi,Amrita School of Medicine, Amrita Institute of Medical Sciences AIMS Ponekkara P.O Kochi 682041",MBBS,Open,General,Allotted
16810,193985,Self-Financed Merit Seat,"Sri Devaraj URS Medical College, Kolar,Post box No.7, SRI DEVARAJ URS MEDICAL COLLEGE, TAMAKA, KOLAR",MBBS,Open,OBC,Allotted
16811,194129,Self-Financed Merit Seat,"Sri siddhartha Institute of Medical Sciences & Research Centre, Bangalore,SRI SIDDHARTHA INSTITUTE OF MEDICAL SCIENCES AND RESEARCH CENTRE T BEGUR NELAMANGALA TALUK BANGALOR",MBBS,Open,General,Allotted
16812,194206,Self-Financed Merit Seat,"Shri B M Patil Medical College, Hospital & Research Centre, Vijayapura (Bijapur,SMT BANGARAMMA SAJJAN CAMPUS B M PATIL ROAD (SOLAPUR ROAD) VIJAYAPURA KARNATAKA",MBBS,Open,OBC,Allotted
16813,194210,Self-Financed Merit Seat,"Institute of Medical Sciences & SUM Hospital, Campus-II, Phulnakhara Bhubaneswar, Odhisha,At-Nakhara, Po-Phulnakhara, Bhubaneswar, Khordha",MBBS,Open,OBC,Allotted
16814,194310,B.Sc Nursing All India,"College of Nursing RAK CON, New Delhi,Rajkumari Amrit Kaur College of Nursing Lajpat Nagar IV Near Moolchand Metro Station (Female Seat only )",B.Sc. Nursing,SC,SC,Allotted
16815,194438,Self-Financed Merit Seat,"Amrita School of Medicine,Mata Amritanandmayi Marg, Sector-88, Faridabad",MBBS,Open,General,Allotted
16816,194439,Self-Financed Merit Seat,"J R Medical College and Hospital Villupuram District, Tamilnadu,Chennai-Trichy NH- 45,Kiledaiyalam, Tindivanam Taluk,Villupuram District.",MBBS,Open,General,Allotted
16817,194734,Self-Financed Merit Seat,"Institute of Medical Sciences & SUM Hospital, Campus-II, Phulnakhara Bhubaneswar, Odhisha,At-Nakhara, Po-Phulnakhara, Bhubaneswar, Khordha",MBBS,Open,General,Allotted
16818,194778,Self-Financed Merit Seat,"Saveetha Dental College, Chennai,Saveetha Dental College and Hospitals,162, Poonamallee high road, Velapanchavadi, Chennai",BDS,Open,General,Allotted
16819,194791,All India,"Madras Medical College, Chennai,MADRAS MEDICAL COLLEGE EVR PERIYAR SALAI,PARK TOWN,CHENNAI,TAMIL NADU.",MBBS,OBC PwD,OBC PwD,Allotted
16820,194829,Self-Financed Merit Seat,"Santosh Dental College and Hospital, Ghaziabad,No.1, Santosh Nagar, Ghaziabad, Delhi NCR",BDS,Open,OBC,Allotted
16821,194868,Self-Financed Merit Seat,"Mahatma Gandhi Missions Medical College, Navi Mumbai,MGM Medical College, Plot No. 1-2, Sector 1, Kamothe, Navi Mumbai - 410 209",MBBS,Open,General,Allotted
16822,194925,Self-Financed Merit Seat,"Dr. DY Patil Dental College and Hosp. Pune,Sant Tukaram Nagar, Pimpri, Pune - 411018",BDS,Open,General,Allotted
16823,194937,Self-Financed Merit Seat,"Shri B M Patil Medical College, Hospital & Research Centre, Vijayapura (Bijapur,SMT BANGARAMMA SAJJAN CAMPUS B M PATIL ROAD (SOLAPUR ROAD) VIJAYAPURA KARNATAKA",MBBS,Open,General,Allotted
16824,194998,B.Sc Nursing All India,"College of Nursing RAK CON, New Delhi,Rajkumari Amrit Kaur College of Nursing Lajpat Nagar IV Near Moolchand Metro Station (Female Seat only )",B.Sc. Nursing,SC,SC,Allotted
16825,195029,Self-Financed Merit Seat,"Amrita School of Medicine, Elamkara, Kochi,Amrita School of Medicine, Amrita Institute of Medical Sciences AIMS Ponekkara P.O Kochi 682041",MBBS,Open,OBC,Allotted
16826,195134,Self-Financed Merit Seat,"Manipal College of Dental Sce., Manipal,Madhav Nagar, Manipal India",BDS,Open,General,Allotted
16827,195145,Self-Financed Merit Seat,"Shri B M Patil Medical College, Hospital & Research Centre, Vijayapura (Bijapur,SMT BANGARAMMA SAJJAN CAMPUS B M PATIL ROAD (SOLAPUR ROAD) VIJAYAPURA KARNATAKA",MBBS,Open,OBC,Allotted
16828,195179,Non-Resident Indian,"Kasturba Medical College, Mangalore,Light house Hill Road, Mangalore, India",MBBS,Open,General,Allotted( NRI Priority : 1 )
16829,195195,Self-Financed Merit Seat,"MM College of Dental Scie. and Res., Mullana,M.M. COLLEGE OF DENTAL SCIENCES AND RESEARCH, MULLANA, AMBALA, HARYANA",BDS,Open,General,Allotted
16830,195196,Self-Financed Merit Seat,"Shri B M Patil Medical College, Hospital & Research Centre, Vijayapura (Bijapur,SMT BANGARAMMA SAJJAN CAMPUS B M PATIL ROAD (SOLAPUR ROAD) VIJAYAPURA KARNATAKA",MBBS,Open,General,Allotted
16831,195234,Self-Financed Merit Seat,"Sri Siddhartha Medical College, Tumkur,SRI SIDDHARTHA MEDICAL COLLEGE B.H. ROAD, AGALAKOTE TUMKUR",MBBS,Open,General,Allotted
16832,195235,Self-Financed Merit Seat,"Meenakshi Medical College and Research Institute, Enathur,Enathur, Karaipettai Post, Kanchipuram",MBBS,Open,General,Allotted
16833,195254,B.Sc Nursing All India,"College of Nursing RAK CON, New Delhi,Rajkumari Amrit Kaur College of Nursing Lajpat Nagar IV Near Moolchand Metro Station (Female Seat only )",B.Sc. Nursing,SC,SC,Allotted
16834,195300,Self-Financed Merit Seat,"Meenakshi Medical College and Research Institute, Enathur,Enathur, Karaipettai Post, Kanchipuram",MBBS,Open,OBC,Allotted
16835,195304,Employees State Insurance Scheme(ESI),"Employees State Insurance Corporation Medical College, Gulbarga,ESIC Medical College and Hospital, Sedam Road Gulbarga-585106 Karnataka",MBBS,SC,SC,Allotted
16836,195318,Self-Financed Merit Seat,"Shri B M Patil Medical College, Hospital & Research Centre, Vijayapura (Bijapur,SMT BANGARAMMA SAJJAN CAMPUS B M PATIL ROAD (SOLAPUR ROAD) VIJAYAPURA KARNATAKA",MBBS,Open,General,Allotted
16837,195361,Self-Financed Merit Seat,"Faculty of Medicine , Sri Lalithambigai Medical College and Hospital,Faculty of Medicine - Sri Lalithambigai Medical College and Hospital, 1, Periyar EVR High Road, Ada",MBBS,Open,OBC,Allotted
16838,195378,Employees State Insurance Scheme(ESI),"Employees State Insurance Corporation Medical College, Patna,ESIC Medical College and Hospital, Arrah Danapur Road, Sikandarpur, Bihta, Patna- 801103",MBBS,SC,SC,Allotted
16839,195413,Self-Financed Merit Seat,"Mahatma Gandhi Mission Medical College, Vashi,Sector 30, Vashi, Navi Mumbai",MBBS,Open,General,Allotted
16840,195423,B.Sc Nursing All India,"College of Nursing RAK CON, New Delhi,Rajkumari Amrit Kaur College of Nursing Lajpat Nagar IV Near Moolchand Metro Station (Female Seat only )",B.Sc. Nursing,SC,SC,Allotted
16841,195447,Self-Financed Merit Seat,"Maharishi Markandeshwar Institute Of Medical Sciences & Research, Mullana, Ambala,M.M. INSTITUTE OF MEDICAL SCIENCES AND RESEARCH, MULLANA, AMBALA, HARYANA.",MBBS,Open,General,Allotted
16842,195590,Self-Financed Merit Seat,"Mahatma Gandhi Missions Medical College, Navi Mumbai,MGM Medical College, Plot No. 1-2, Sector 1, Kamothe, Navi Mumbai - 410 209",MBBS,Open,General,Allotted
16843,195643,Employees State Insurance Scheme(ESI),"Employees State Insurance Corporation Medical College, Patna,ESIC Medical College and Hospital, Arrah Danapur Road, Sikandarpur, Bihta, Patna- 801103",MBBS,SC,SC,Allotted
16844,195661,Self-Financed Merit Seat,"Mahatma Gandhi Missions Medical College, Navi Mumbai,MGM Medical College, Plot No. 1-2, Sector 1, Kamothe, Navi Mumbai - 410 209",MBBS,Open,General,Allotted
16845,195673,Self-Financed Merit Seat,"Amrita School of Medicine, Elamkara, Kochi,Amrita School of Medicine, Amrita Institute of Medical Sciences AIMS Ponekkara P.O Kochi 682041",MBBS,Open,General,Allotted
16846,195772,Self-Financed Merit Seat,"Sri Siddhartha Medical College, Tumkur,SRI SIDDHARTHA MEDICAL COLLEGE B.H. ROAD, AGALAKOTE TUMKUR",MBBS,Open,General,Allotted
16847,195819,Self-Financed Merit Seat,"Mahatma Gandhi Missions Medical College, Navi Mumbai,MGM Medical College, Plot No. 1-2, Sector 1, Kamothe, Navi Mumbai - 410 209",MBBS,Open,OBC,Allotted
16848,195831,Open Seat Quota,"AIIMS, Raipur,Tatibandh, G E Road, Raipur Chhattisgarh, Pin - 492099",MBBS,OBC PwD,OBC PwD,Allotted
16849,195863,Self-Financed Merit Seat,"Santosh Dental College and Hospital, Ghaziabad,No.1, Santosh Nagar, Ghaziabad, Delhi NCR",BDS,Open,General,Allotted
16850,195908,Self-Financed Merit Seat,"Yenepoya Medical College, Mangalore,University Road Deralakatte Mangaluru",MBBS,Open,General,Allotted
16851,195969,Self-Financed Merit Seat,"Bharati Vidyapeeth DU Dental College and Hospt., Pune,Bharati Vidyapeeth (Deemed to be University) Dental College and Hospital Pune",BDS,Open,General,Allotted
16852,196023,Self-Financed Merit Seat,"Yenepoya Dental College, Yenepoya,University Road Deralakatte Mangaluru",BDS,Open,OBC,Allotted
16853,196030,Self-Financed Merit Seat,"Maharishi Markandeshwar Institute Of Medical Sciences & Research, Mullana, Ambala,M.M. INSTITUTE OF MEDICAL SCIENCES AND RESEARCH, MULLANA, AMBALA, HARYANA.",MBBS,Open,EWS,Allotted
16854,196076,Employees State Insurance Scheme(ESI),"ESIC Medical College and Hospital, Beltola,No. 242, Pir Ajan Fakir Road, Beltola, Guwahati, Assam-781022",MBBS,SC,SC,Allotted
16855,196113,Self-Financed Merit Seat,"SBKS Medical Instt. & Research Centre, Vadodra,Sumandeep Vidyapeeth Deemed to be University Campus, At. Po.Piparia, Tal.Waghodia, Dist.Vadodara",MBBS,Open,General,Allotted
16856,196127,Self-Financed Merit Seat,"Sri Ramachandra Dental and Hospt., Chennai,No. 1 Ramachandra Nagar, Porur, Chennai., Tamil Nadu, 600116",BDS,Open,General,Allotted
16857,196265,Self-Financed Merit Seat,"Raja Rajeswari Medical College & Hospital, Bangalore,202, Kambipura, Bengaluru Mysuru High Way,Kengeri Hobli, Bangalore, Karnataka",MBBS,Open,General,Allotted
16858,196301,Self-Financed Merit Seat,"Institute of Medical Sciences & SUM Hospital, Campus-II, Phulnakhara Bhubaneswar, Odhisha,At-Nakhara, Po-Phulnakhara, Bhubaneswar, Khordha",MBBS,Open,General,Allotted
16859,196306,Self-Financed Merit Seat,"SRM Dental College, Chennai,SRM DENTAL COLLEGE, BHARATHI SALAI, RAMAPURAM, CHENNAI - 89",BDS,Open,OBC,Allotted
16860,196464,Self-Financed Merit Seat,"Kalinga Institute of Medical Sciences, Bhubaneswar,CAMPUS-5 KUSHABHADRA CAMPUS P.O-KIIT BHUBANESWAR",MBBS,Open,General,Allotted
16861,196568,Muslim Minority Quota,"Yenepoya Medical College, Mangalore,University Road Deralakatte Mangaluru",MBBS,Open,General,Allotted
16862,196638,Self-Financed Merit Seat,"Institute of Medical Sciences & SUM Hospital, Campus-II, Phulnakhara Bhubaneswar, Odhisha,At-Nakhara, Po-Phulnakhara, Bhubaneswar, Khordha",MBBS,Open,General,Allotted
16863,196723,Self-Financed Merit Seat,"Sri Devaraj URS Medical College, Kolar,Post box No.7, SRI DEVARAJ URS MEDICAL COLLEGE, TAMAKA, KOLAR",MBBS,Open,General,Allotted
16864,196786,Self-Financed Merit Seat,"Amrita School of Medicine,Mata Amritanandmayi Marg, Sector-88, Faridabad",MBBS,Open,General,Allotted
16865,196788,Self-Financed Merit Seat,"Kalinga Institute of Medical Sciences, Bhubaneswar,CAMPUS-5 KUSHABHADRA CAMPUS P.O-KIIT BHUBANESWAR",MBBS,Open,General,Allotted
16866,196859,B.Sc Nursing All India,"College of Nursing RAK CON, New Delhi,Rajkumari Amrit Kaur College of Nursing Lajpat Nagar IV Near Moolchand Metro Station (Female Seat only )",B.Sc. Nursing,SC,SC,Allotted
16867,196998,Self-Financed Merit Seat,"Amrita School of Medicine, Elamkara, Kochi,Amrita School of Medicine, Amrita Institute of Medical Sciences AIMS Ponekkara P.O Kochi 682041",MBBS,Open,General,Allotted
16868,197003,Self-Financed Merit Seat,"AB Shetty Memorial Inst. of Dental Sce., Mangaluru,Dakshina Kannada District , Post Deralakatte, Mangaluru",BDS,Open,General,Allotted
16869,197025,Self-Financed Merit Seat,"Raja Rajeswari Medical College & Hospital, Bangalore,202, Kambipura, Bengaluru Mysuru High Way,Kengeri Hobli, Bangalore, Karnataka",MBBS,Open,General,Allotted
16870,197127,Self-Financed Merit Seat,"Shri B M Patil Medical College, Hospital & Research Centre, Vijayapura (Bijapur,SMT BANGARAMMA SAJJAN CAMPUS B M PATIL ROAD (SOLAPUR ROAD) VIJAYAPURA KARNATAKA",MBBS,Open,General,Allotted
16871,197131,Self-Financed Merit Seat,"Dr. D Y Patil Medical College, Hospital and Research Centre, Pimpri, Pune,Dr. D. Y. Patil Medical College, Hospital and Research Centre, Sant Tukaram Nagar, Pimpri, Pune.",MBBS,Open,General,Allotted
16872,197161,Employees State Insurance Scheme(ESI),"ESIC Medical College and Hospital, Beltola,No. 242, Pir Ajan Fakir Road, Beltola, Guwahati, Assam-781022",MBBS,SC,SC,Allotted
16873,197188,Self-Financed Merit Seat,"Mahatma Gandhi Mission Medical College, Vashi,Sector 30, Vashi, Navi Mumbai",MBBS,Open,General,Allotted
16874,197280,Self-Financed Merit Seat,"Sri Devaraj URS Medical College, Kolar,Post box No.7, SRI DEVARAJ URS MEDICAL COLLEGE, TAMAKA, KOLAR",MBBS,Open,General,Allotted
16875,197315,Self-Financed Merit Seat,"Faculty of Medicine , Sri Lalithambigai Medical College and Hospital,Faculty of Medicine - Sri Lalithambigai Medical College and Hospital, 1, Periyar EVR High Road, Ada",MBBS,Open,OBC,Allotted
16876,197336,Self-Financed Merit Seat,"Malla Reddy Dental College For Women, Hyderabad,Suraram X Roads Jeedimetla Hyderabad (Female Seat only )",BDS,Open,General,Allotted
16877,197338,Self-Financed Merit Seat,"Kalinga Institute of Medical Sciences, Bhubaneswar,CAMPUS-5 KUSHABHADRA CAMPUS P.O-KIIT BHUBANESWAR",MBBS,Open,General,Allotted
16878,197340,Self-Financed Merit Seat,"Amrita School of Medicine, Elamkara, Kochi,Amrita School of Medicine, Amrita Institute of Medical Sciences AIMS Ponekkara P.O Kochi 682041",MBBS,Open,OBC,Allotted
16879,197395,Employees State Insurance Scheme(ESI),"ESIC Medical College and Hospital, Beltola,No. 242, Pir Ajan Fakir Road, Beltola, Guwahati, Assam-781022",MBBS,SC,SC,Allotted
16880,197398,Self-Financed Merit Seat,"Datta Meghe Medical College, Nagpur,Hingna Road Wanadongri Nagpur Maharashtra India",MBBS,Open,General,Allotted
16881,197406,Self-Financed Merit Seat,"Institute of Medical Sciences & SUM Hospital, Campus-II, Phulnakhara Bhubaneswar, Odhisha,At-Nakhara, Po-Phulnakhara, Bhubaneswar, Khordha",MBBS,Open,OBC,Allotted
16882,197452,Self-Financed Merit Seat,"Kalinga Institute of Medical Sciences, Bhubaneswar,CAMPUS-5 KUSHABHADRA CAMPUS P.O-KIIT BHUBANESWAR",MBBS,Open,OBC,Allotted
16883,197484,Self-Financed Merit Seat,"Sri Devaraj URS Medical College, Kolar,Post box No.7, SRI DEVARAJ URS MEDICAL COLLEGE, TAMAKA, KOLAR",MBBS,Open,General,Allotted
16884,197490,Employees State Insurance Scheme(ESI),"ESIC Medical College and Hospital, Beltola,No. 242, Pir Ajan Fakir Road, Beltola, Guwahati, Assam-781022",MBBS,SC,SC,Allotted
16885,197493,Self-Financed Merit Seat,"Kalinga Institute of Medical Sciences, Bhubaneswar,CAMPUS-5 KUSHABHADRA CAMPUS P.O-KIIT BHUBANESWAR",MBBS,Open,General,Allotted
16886,197504,Non-Resident Indian,"Kasturba Medical College, Mangalore,Light house Hill Road, Mangalore, India",MBBS,Open,General,Allotted( NRI Priority : 1 )
16887,197578,Self-Financed Merit Seat,"Krishna Institute of Medical Sciences, Karad,KARAD, DIST. SATARA (MAHARASHTRA STATE).",MBBS,Open,EWS,Allotted
16888,197584,Muslim Minority Quota,"Yenepoya Medical College, Mangalore,University Road Deralakatte Mangaluru",MBBS,Open,OBC,Allotted
16889,197601,Self-Financed Merit Seat,"Santosh Dental College and Hospital, Ghaziabad,No.1, Santosh Nagar, Ghaziabad, Delhi NCR",BDS,Open,OBC,Allotted
16890,197608,Self-Financed Merit Seat,"Sri siddhartha Institute of Medical Sciences & Research Centre, Bangalore,SRI SIDDHARTHA INSTITUTE OF MEDICAL SCIENCES AND RESEARCH CENTRE T BEGUR NELAMANGALA TALUK BANGALOR",MBBS,Open,General,Allotted
16891,197671,Self-Financed Merit Seat,"Maharishi Markandeshwar Institute Of Medical Sciences & Research, Mullana, Ambala,M.M. INSTITUTE OF MEDICAL SCIENCES AND RESEARCH, MULLANA, AMBALA, HARYANA.",MBBS,Open,General,Allotted
16892,197771,Self-Financed Merit Seat,"Instt. Of Medical Sciences & SUM Hospital, Bhubaneswar,K 8 Kalinga Nagar Po Mahalaxmi Vihar Bhubaneswar",MBBS,Open,General,Allotted
16893,197782,Self-Financed Merit Seat,"Mahatma Gandhi Missions Medical College, Aurangabad,N-6, Cidco, Chhatrapati Sambhajinagar -Aurangabad",MBBS,Open,OBC,Allotted
16894,197890,Self-Financed Merit Seat,"Sri Devaraj URS Medical College, Kolar,Post box No.7, SRI DEVARAJ URS MEDICAL COLLEGE, TAMAKA, KOLAR",MBBS,Open,General,Allotted
16895,197912,Self-Financed Merit Seat,"Sri Ramachandra Medical College & Research Institute, Chennai,No. One Ramachandra Nagar, Porur, Chennai.",MBBS,Open,General,Allotted
16896,197946,Self-Financed Merit Seat,"Santosh Dental College and Hospital, Ghaziabad,No.1, Santosh Nagar, Ghaziabad, Delhi NCR",BDS,Open,General,Allotted
16897,197986,Self-Financed Merit Seat,"Dhanalakshmi Srinivasan Institute of Medical Sciences and Hospital - Thuraiyur Road, Perambalur,274C, THURAIYUR ROAD, PERAMBALUR ,PERAMBALUR DISTRICT",MBBS,Open,General,Allotted
16898,197990,Self-Financed Merit Seat,"Kalinga Institute of Medical Sciences, Bhubaneswar,CAMPUS-5 KUSHABHADRA CAMPUS P.O-KIIT BHUBANESWAR",MBBS,Open,General,Allotted
16899,198032,Self-Financed Merit Seat,"Mahatma Gandhi Missions Medical College, Navi Mumbai,MGM Medical College, Plot No. 1-2, Sector 1, Kamothe, Navi Mumbai - 410 209",MBBS,Open,General,Allotted
16900,198053,Self-Financed Merit Seat,"Sri Devaraj URS Medical College, Kolar,Post box No.7, SRI DEVARAJ URS MEDICAL COLLEGE, TAMAKA, KOLAR",MBBS,Open,General,Allotted
16901,198054,Self-Financed Merit Seat,"Mahatma Gandhi Missions Medical College, Aurangabad,N-6, Cidco, Chhatrapati Sambhajinagar -Aurangabad",MBBS,Open,EWS,Allotted
16902,198061,Self-Financed Merit Seat,"Jagadguru Gangadhar Mahaswamigalu Moorusavirmath Medical College JGMMMC,KLE Jagadguru Gangadhar Mahaswamigalu Moorusavirmath Medical College Gabbur Cross Hubballi",MBBS,Open,General,Allotted
16903,198216,Self-Financed Merit Seat,"Shri B M Patil Medical College, Hospital & Research Centre, Vijayapura (Bijapur,SMT BANGARAMMA SAJJAN CAMPUS B M PATIL ROAD (SOLAPUR ROAD) VIJAYAPURA KARNATAKA",MBBS,Open,General,Allotted
16904,198231,Self-Financed Merit Seat,"Mahatma Gandhi Missions Medical College, Aurangabad,N-6, Cidco, Chhatrapati Sambhajinagar -Aurangabad",MBBS,Open,General,Allotted
16905,198244,Self-Financed Merit Seat,"Manipal College of Dental Sce., Manipal,Madhav Nagar, Manipal India",BDS,Open,General,Allotted
16906,198300,Self-Financed Merit Seat,"Dr. D Y Patil Medical College, Hospital and Research Centre, Pimpri, Pune,Dr. D. Y. Patil Medical College, Hospital and Research Centre, Sant Tukaram Nagar, Pimpri, Pune.",MBBS,Open,General,Allotted
16907,198307,Self-Financed Merit Seat,"Sri Devaraj URS Medical College, Kolar,Post box No.7, SRI DEVARAJ URS MEDICAL COLLEGE, TAMAKA, KOLAR",MBBS,Open,OBC,Allotted
16908,198350,Self-Financed Merit Seat,"Dr. D Y Patil Medical College, Kolhapur,869, E Ward, D. Y. Patil Vidyanagar, Kasaba Bavada, Kolhapur 416006",MBBS,Open,OBC,Allotted
16909,198371,Self-Financed Merit Seat,"Mahatma Gandhi Missions Medical College, Navi Mumbai,MGM Medical College, Plot No. 1-2, Sector 1, Kamothe, Navi Mumbai - 410 209",MBBS,Open,General,Allotted
16910,198374,Self-Financed Merit Seat,"Amrita School of Medicine,Mata Amritanandmayi Marg, Sector-88, Faridabad",MBBS,Open,General,Allotted
16911,198406,Self-Financed Merit Seat,"Mahatma Gandhi Missions Medical College, Navi Mumbai,MGM Medical College, Plot No. 1-2, Sector 1, Kamothe, Navi Mumbai - 410 209",MBBS,Open,General,Allotted
16912,198410,All India,"Nilratan Sircar Medical College, Kolkata,138 AJC Bose Road, Kolkata - 700014",MBBS,Open PwD,General PwD,Allotted
16913,198494,Self-Financed Merit Seat,"Amrita School of Medicine, Elamkara, Kochi,Amrita School of Medicine, Amrita Institute of Medical Sciences AIMS Ponekkara P.O Kochi 682041",MBBS,Open,OBC,Allotted
16914,198498,Self-Financed Merit Seat,"Manipal College of Dental Sce., Manipal,Madhav Nagar, Manipal India",BDS,Open,EWS,Allotted
16915,198521,Self-Financed Merit Seat,"Amrita School of Medicine, Elamkara, Kochi,Amrita School of Medicine, Amrita Institute of Medical Sciences AIMS Ponekkara P.O Kochi 682041",MBBS,Open,General,Allotted
16916,198594,Self-Financed Merit Seat,"Dr. D Y Patil Medical College, Hospital and Research Centre, Pimpri, Pune,Dr. D. Y. Patil Medical College, Hospital and Research Centre, Sant Tukaram Nagar, Pimpri, Pune.",MBBS,Open,General,Allotted
16917,198600,B.Sc Nursing All India,"College of Nursing RAK CON, New Delhi,Rajkumari Amrit Kaur College of Nursing Lajpat Nagar IV Near Moolchand Metro Station (Female Seat only )",B.Sc. Nursing,SC,SC,Allotted
16918,198602,Self-Financed Merit Seat,"Mahatma Gandhi Missions Medical College, Navi Mumbai,MGM Medical College, Plot No. 1-2, Sector 1, Kamothe, Navi Mumbai - 410 209",MBBS,Open,General,Allotted
16919,198628,Self-Financed Merit Seat,"Manipal College of Dental Sce., Manipal,Madhav Nagar, Manipal India",BDS,Open,OBC,Allotted
16920,198681,Self-Financed Merit Seat,"Maharishi Markandeshwar Institute Of Medical Sciences & Research, Mullana, Ambala,M.M. INSTITUTE OF MEDICAL SCIENCES AND RESEARCH, MULLANA, AMBALA, HARYANA.",MBBS,Open,OBC,Allotted
16921,198801,Self-Financed Merit Seat,"Shri B M Patil Medical College, Hospital & Research Centre, Vijayapura (Bijapur,SMT BANGARAMMA SAJJAN CAMPUS B M PATIL ROAD (SOLAPUR ROAD) VIJAYAPURA KARNATAKA",MBBS,Open,General,Allotted
16922,198820,Self-Financed Merit Seat,"Sri Devaraj URS Medical College, Kolar,Post box No.7, SRI DEVARAJ URS MEDICAL COLLEGE, TAMAKA, KOLAR",MBBS,Open,General,Allotted
16923,198881,Self-Financed Merit Seat,"Kalinga Institute of Medical Sciences, Bhubaneswar,CAMPUS-5 KUSHABHADRA CAMPUS P.O-KIIT BHUBANESWAR",MBBS,Open,General,Allotted
16924,198925,Self-Financed Merit Seat,"Mahatma Gandhi Missions Medical College, Navi Mumbai,MGM Medical College, Plot No. 1-2, Sector 1, Kamothe, Navi Mumbai - 410 209",MBBS,Open,General,Allotted
16925,199026,Self-Financed Merit Seat,"Saveetha Dental College, Chennai,Saveetha Dental College and Hospitals,162, Poonamallee high road, Velapanchavadi, Chennai",BDS,Open,OBC,Allotted
16926,199063,Self-Financed Merit Seat,"Amrita School of Medicine, Elamkara, Kochi,Amrita School of Medicine, Amrita Institute of Medical Sciences AIMS Ponekkara P.O Kochi 682041",MBBS,Open,General,Allotted
16927,199114,Self-Financed Merit Seat,"Amrita School of Medicine, Elamkara, Kochi,Amrita School of Medicine, Amrita Institute of Medical Sciences AIMS Ponekkara P.O Kochi 682041",MBBS,Open,General,Allotted
16928,199130,B.Sc Nursing All India,"College of Nursing RAK CON, New Delhi,Rajkumari Amrit Kaur College of Nursing Lajpat Nagar IV Near Moolchand Metro Station (Female Seat only )",B.Sc. Nursing,SC,SC,Allotted
16929,199208,Self-Financed Merit Seat,"J R Medical College and Hospital Villupuram District, Tamilnadu,Chennai-Trichy NH- 45,Kiledaiyalam, Tindivanam Taluk,Villupuram District.",MBBS,Open,OBC,Allotted
16930,199217,Self-Financed Merit Seat,"Manipal College of Dental Sce., Manipal,Madhav Nagar, Manipal India",BDS,Open,OBC,Allotted
16931,199246,Self-Financed Merit Seat,"Manipal College of Dental Sce., Manipal,Madhav Nagar, Manipal India",BDS,Open,General,Allotted
16932,199293,Self-Financed Merit Seat,"Kalinga Institute of Dental Sciences, Bhubaneswar,CAMPUS-5 KUSHABHADRA CAMPUS P.O-KIIT BHUBANESWAR ODISHA",BDS,Open,General,Allotted
16933,199315,Self-Financed Merit Seat,"Sri Ramachandra Medical College & Research Institute, Chennai,No. One Ramachandra Nagar, Porur, Chennai.",MBBS,Open,General,Allotted
16934,199356,Self-Financed Merit Seat,"Sri Devaraj URS Medical College, Kolar,Post box No.7, SRI DEVARAJ URS MEDICAL COLLEGE, TAMAKA, KOLAR",MBBS,Open,General,Allotted
16935,199419,Self-Financed Merit Seat,"Mahatma Gandhi Missions Medical College, Aurangabad,N-6, Cidco, Chhatrapati Sambhajinagar -Aurangabad",MBBS,Open,General,Allotted
16936,199451,Self-Financed Merit Seat,"SRM Dental College, Chennai,SRM DENTAL COLLEGE, BHARATHI SALAI, RAMAPURAM, CHENNAI - 89",BDS,Open,OBC,Allotted
16937,199453,Self-Financed Merit Seat,"Institute of Medical Sciences & SUM Hospital, Campus-II, Phulnakhara Bhubaneswar, Odhisha,At-Nakhara, Po-Phulnakhara, Bhubaneswar, Khordha",MBBS,Open,General,Allotted
16938,199460,Self-Financed Merit Seat,"Mahatma Gandhi Missions Medical College, Aurangabad,N-6, Cidco, Chhatrapati Sambhajinagar -Aurangabad",MBBS,Open,General,Allotted
16939,199473,Employees State Insurance Scheme(ESI),"ESIC MEDICAL COLLEGE AND HOSPITAL, NOIDA,A-3, Tulsi Marg, Sector-24, Noida",MBBS,ST,ST,Allotted
16940,199543,All India,"Rangaraya Medical College, Kakinada,PITHAPURAM ROAD, KAKINADA",MBBS,Open PwD,General PwD,Allotted
16941,199605,Self-Financed Merit Seat,"Shri B M Patil Medical College, Hospital & Research Centre, Vijayapura (Bijapur,SMT BANGARAMMA SAJJAN CAMPUS B M PATIL ROAD (SOLAPUR ROAD) VIJAYAPURA KARNATAKA",MBBS,Open,General,Allotted
16942,199721,Self-Financed Merit Seat,"Shri B M Patil Medical College, Hospital & Research Centre, Vijayapura (Bijapur,SMT BANGARAMMA SAJJAN CAMPUS B M PATIL ROAD (SOLAPUR ROAD) VIJAYAPURA KARNATAKA",MBBS,Open,OBC,Allotted
16943,199768,Self-Financed Merit Seat,"Institute of Medical Sciences & SUM Hospital, Campus-II, Phulnakhara Bhubaneswar, Odhisha,At-Nakhara, Po-Phulnakhara, Bhubaneswar, Khordha",MBBS,Open,General,Allotted
16944,199791,Self-Financed Merit Seat,"Shri B M Patil Medical College, Hospital & Research Centre, Vijayapura (Bijapur,SMT BANGARAMMA SAJJAN CAMPUS B M PATIL ROAD (SOLAPUR ROAD) VIJAYAPURA KARNATAKA",MBBS,Open,General,Allotted
16945,199806,Self-Financed Merit Seat,"Mahatma Gandhi Missions Medical College, Navi Mumbai,MGM Medical College, Plot No. 1-2, Sector 1, Kamothe, Navi Mumbai - 410 209",MBBS,Open,General,Allotted
16946,199833,Muslim Minority Quota,"Yenepoya Medical College, Mangalore,University Road Deralakatte Mangaluru",MBBS,Open,OBC,Allotted
16947,199871,Self-Financed Merit Seat,"Kalinga Institute of Medical Sciences, Bhubaneswar,CAMPUS-5 KUSHABHADRA CAMPUS P.O-KIIT BHUBANESWAR",MBBS,Open,General,Allotted
16948,199895,Self-Financed Merit Seat,"Amrita School of Medicine, Elamkara, Kochi,Amrita School of Medicine, Amrita Institute of Medical Sciences AIMS Ponekkara P.O Kochi 682041",MBBS,Open,General,Allotted
16949,199931,Self-Financed Merit Seat,"Sri Ramachandra Medical College & Research Institute, Chennai,No. One Ramachandra Nagar, Porur, Chennai.",MBBS,Open,OBC,Allotted
16950,200006,Self-Financed Merit Seat,"Sri Ramachandra Dental and Hospt., Chennai,No. 1 Ramachandra Nagar, Porur, Chennai., Tamil Nadu, 600116",BDS,Open,OBC,Allotted
16951,200008,Self-Financed Merit Seat,"Mahatma Gandhi Missions Medical College, Navi Mumbai,MGM Medical College, Plot No. 1-2, Sector 1, Kamothe, Navi Mumbai - 410 209",MBBS,Open,EWS,Allotted
16952,200173,Self-Financed Merit Seat,"Amrita School of Medicine, Elamkara, Kochi,Amrita School of Medicine, Amrita Institute of Medical Sciences AIMS Ponekkara P.O Kochi 682041",MBBS,Open,General,Allotted
16953,200214,Self-Financed Merit Seat,"Instt. Of Medical Sciences & SUM Hospital, Bhubaneswar,K 8 Kalinga Nagar Po Mahalaxmi Vihar Bhubaneswar",MBBS,Open,General,Allotted
16954,200248,Self-Financed Merit Seat,"SBKS Medical Instt. & Research Centre, Vadodra,Sumandeep Vidyapeeth Deemed to be University Campus, At. Po.Piparia, Tal.Waghodia, Dist.Vadodara",MBBS,Open,General,Allotted
16955,200250,Self-Financed Merit Seat,"Shri B M Patil Medical College, Hospital & Research Centre, Vijayapura (Bijapur,SMT BANGARAMMA SAJJAN CAMPUS B M PATIL ROAD (SOLAPUR ROAD) VIJAYAPURA KARNATAKA",MBBS,Open,General,Allotted
16956,200272,Self-Financed Merit Seat,"Sri Siddhartha Medical College, Tumkur,SRI SIDDHARTHA MEDICAL COLLEGE B.H. ROAD, AGALAKOTE TUMKUR",MBBS,Open,General,Allotted
16957,200294,Self-Financed Merit Seat,"Mahatma Gandhi Missions Medical College, Navi Mumbai,MGM Medical College, Plot No. 1-2, Sector 1, Kamothe, Navi Mumbai - 410 209",MBBS,Open,General,Allotted
16958,200307,All India,"Central Armed Police Forces Institute of Medical Sciences Maidangarhi (AIIMS CAPFIMS) Asola Delhi,AIIMS-CAPFIMS, Asola, Maidan Garhi, New Delhi",MBBS,Open PwD,General PwD,Allotted
16959,200318,Self-Financed Merit Seat,"Amrita School of Medicine,Mata Amritanandmayi Marg, Sector-88, Faridabad",MBBS,Open,General,Allotted
16960,200336,Open Seat Quota,"AIIMS Bilaspur Changar Palasiyan, Himachal Pradesh,All India Institute of Medical Sciences AIIMS Bilaspur Kothipura BILASPUR Himachal Pradesh 174001",MBBS,Open PwD,General PwD,Allotted
16961,200349,Employees State Insurance Scheme(ESI),"Shri Lal Bahadur Shastri Government Medical College, Mandi, HP,Mandi at Nerchowk PO Bhangrotu Tehsil Balh District Mandi",MBBS,ST,ST,Allotted
16962,200361,Self-Financed Merit Seat,"Institute of Medical Sciences & SUM Hospital, Campus-II, Phulnakhara Bhubaneswar, Odhisha,At-Nakhara, Po-Phulnakhara, Bhubaneswar, Khordha",MBBS,Open,General,Allotted
16963,200463,Self-Financed Merit Seat,"Bharati Vidyapeeth DU Dental College and Hospt., Pune,Bharati Vidyapeeth (Deemed to be University) Dental College and Hospital Pune",BDS,Open,General,Allotted
16964,200493,Self-Financed Merit Seat,"Shri B M Patil Medical College, Hospital & Research Centre, Vijayapura (Bijapur,SMT BANGARAMMA SAJJAN CAMPUS B M PATIL ROAD (SOLAPUR ROAD) VIJAYAPURA KARNATAKA",MBBS,Open,OBC,Allotted
16965,200571,Self-Financed Merit Seat,"Manipal College of Dental Sce., Manipal,Madhav Nagar, Manipal India",BDS,Open,General,Allotted
16966,200573,Self-Financed Merit Seat,"Amrita School of Medicine,Mata Amritanandmayi Marg, Sector-88, Faridabad",MBBS,Open,General,Allotted
16967,200792,Self-Financed Merit Seat,"Amrita School of Medicine, Elamkara, Kochi,Amrita School of Medicine, Amrita Institute of Medical Sciences AIMS Ponekkara P.O Kochi 682041",MBBS,Open,General,Allotted
16968,200797,Self-Financed Merit Seat,"Sri Siddhartha Medical College, Tumkur,SRI SIDDHARTHA MEDICAL COLLEGE B.H. ROAD, AGALAKOTE TUMKUR",MBBS,Open,General,Allotted
16969,200831,Self-Financed Merit Seat,"Mahatma Gandhi Missions Medical College, Navi Mumbai,MGM Medical College, Plot No. 1-2, Sector 1, Kamothe, Navi Mumbai - 410 209",MBBS,Open,General,Allotted
16970,200847,Employees State Insurance Scheme(ESI),"ESIC Dental College, Gulbarga,O/O the Dean, ESIC Dental College & Hospital, Sedam Road,Kalaburagi, Karnataka-585106",BDS,SC,SC,Allotted
16971,200870,Self-Financed Merit Seat,"Amrita School of Medicine,Mata Amritanandmayi Marg, Sector-88, Faridabad",MBBS,Open,General,Allotted
16972,200926,Self-Financed Merit Seat,"Shri B M Patil Medical College, Hospital & Research Centre, Vijayapura (Bijapur,SMT BANGARAMMA SAJJAN CAMPUS B M PATIL ROAD (SOLAPUR ROAD) VIJAYAPURA KARNATAKA",MBBS,Open,General,Allotted
16973,201046,Self-Financed Merit Seat,"Shri B M Patil Medical College, Hospital & Research Centre, Vijayapura (Bijapur,SMT BANGARAMMA SAJJAN CAMPUS B M PATIL ROAD (SOLAPUR ROAD) VIJAYAPURA KARNATAKA",MBBS,Open,OBC,Allotted
16974,201232,Self-Financed Merit Seat,"Shri B M Patil Medical College, Hospital & Research Centre, Vijayapura (Bijapur,SMT BANGARAMMA SAJJAN CAMPUS B M PATIL ROAD (SOLAPUR ROAD) VIJAYAPURA KARNATAKA",MBBS,Open,General,Allotted
16975,201243,Self-Financed Merit Seat,"Shri B M Patil Medical College, Hospital & Research Centre, Vijayapura (Bijapur,SMT BANGARAMMA SAJJAN CAMPUS B M PATIL ROAD (SOLAPUR ROAD) VIJAYAPURA KARNATAKA",MBBS,Open,EWS,Allotted
16976,201248,Self-Financed Merit Seat,"Shri B M Patil Medical College, Hospital & Research Centre, Vijayapura (Bijapur,SMT BANGARAMMA SAJJAN CAMPUS B M PATIL ROAD (SOLAPUR ROAD) VIJAYAPURA KARNATAKA",MBBS,Open,General,Allotted
16977,201260,Self-Financed Merit Seat,"Padmashree Dr. DY. Patil Medical College, Navi Mumbai,Sector 5, Nerul, Navi Mumbai,",MBBS,Open,General,Allotted
16978,201274,Self-Financed Merit Seat,"Yenepoya Medical College, Mangalore,University Road Deralakatte Mangaluru",MBBS,Open,General,Allotted
16979,201285,Self-Financed Merit Seat,"Kalinga Institute of Medical Sciences, Bhubaneswar,CAMPUS-5 KUSHABHADRA CAMPUS P.O-KIIT BHUBANESWAR",MBBS,Open,General,Allotted
16980,201295,Self-Financed Merit Seat,"Shri B M Patil Medical College, Hospital & Research Centre, Vijayapura (Bijapur,SMT BANGARAMMA SAJJAN CAMPUS B M PATIL ROAD (SOLAPUR ROAD) VIJAYAPURA KARNATAKA",MBBS,Open,General,Allotted
16981,201417,Self-Financed Merit Seat,"Mahatma Gandhi Missions Medical College, Aurangabad,N-6, Cidco, Chhatrapati Sambhajinagar -Aurangabad",MBBS,Open,General,Allotted
16982,201585,Self-Financed Merit Seat,"Sri Devaraj URS Medical College, Kolar,Post box No.7, SRI DEVARAJ URS MEDICAL COLLEGE, TAMAKA, KOLAR",MBBS,Open,General,Allotted
16983,201707,Self-Financed Merit Seat,"Amrita School of Dentistry, Kochi,Amrita School of Dentistry, Amrita Institute of Medical Sciences (AIMS), AIMS Ponekkara P.O, Kochi",BDS,Open,General,Allotted
16984,201886,Self-Financed Merit Seat,"Institute of Medical Sciences & SUM Hospital, Campus-II, Phulnakhara Bhubaneswar, Odhisha,At-Nakhara, Po-Phulnakhara, Bhubaneswar, Khordha",MBBS,Open,General,Allotted
16985,201930,Self-Financed Merit Seat,"Sri Devaraj URS Medical College, Kolar,Post box No.7, SRI DEVARAJ URS MEDICAL COLLEGE, TAMAKA, KOLAR",MBBS,Open,OBC,Allotted
16986,201937,Open Seat Quota,"AIIMS, Bibi Nagar, Hyderabad,AIIMS Bibinagar (Hyderabad Metropolitan Region) Telangana 508126",MBBS,OBC PwD,OBC PwD,Allotted
16987,201944,Self-Financed Merit Seat,"Sri Devaraj URS Medical College, Kolar,Post box No.7, SRI DEVARAJ URS MEDICAL COLLEGE, TAMAKA, KOLAR",MBBS,Open,General,Allotted
16988,202103,Self-Financed Merit Seat,"Dr. D Y Patil Medical College, Hospital and Research Centre, Pimpri, Pune,Dr. D. Y. Patil Medical College, Hospital and Research Centre, Sant Tukaram Nagar, Pimpri, Pune.",MBBS,Open,General,Allotted
16989,202163,Employees State Insurance Scheme(ESI),"ESIC Medical College Ludhiana,ESI CO ORPORATION , BHARAT NAGAR CHOWK LUDHIANA",MBBS,ST,ST,Allotted
16990,202205,Self-Financed Merit Seat,"Mahatma Gandhi Missions Medical College, Navi Mumbai,MGM Medical College, Plot No. 1-2, Sector 1, Kamothe, Navi Mumbai - 410 209",MBBS,Open,EWS,Allotted
16991,202215,Self-Financed Merit Seat,"Sri Devaraj URS Medical College, Kolar,Post box No.7, SRI DEVARAJ URS MEDICAL COLLEGE, TAMAKA, KOLAR",MBBS,Open,General,Allotted
16992,202221,Self-Financed Merit Seat,"Shri B M Patil Medical College, Hospital & Research Centre, Vijayapura (Bijapur,SMT BANGARAMMA SAJJAN CAMPUS B M PATIL ROAD (SOLAPUR ROAD) VIJAYAPURA KARNATAKA",MBBS,Open,OBC,Allotted
16993,202469,Self-Financed Merit Seat,"Sri Devaraj URS Medical College, Kolar,Post box No.7, SRI DEVARAJ URS MEDICAL COLLEGE, TAMAKA, KOLAR",MBBS,Open,General,Allotted
16994,202486,Self-Financed Merit Seat,"Sri Devaraj URS Medical College, Kolar,Post box No.7, SRI DEVARAJ URS MEDICAL COLLEGE, TAMAKA, KOLAR",MBBS,Open,OBC,Allotted
16995,202518,Self-Financed Merit Seat,"Kalinga Institute of Medical Sciences, Bhubaneswar,CAMPUS-5 KUSHABHADRA CAMPUS P.O-KIIT BHUBANESWAR",MBBS,Open,OBC,Allotted
16996,202605,Open Seat Quota,"AIIMS Bilaspur Changar Palasiyan, Himachal Pradesh,All India Institute of Medical Sciences AIIMS Bilaspur Kothipura BILASPUR Himachal Pradesh 174001",MBBS,Open PwD,OBC PwD,Allotted
16997,202631,Self-Financed Merit Seat,"MANAV RACHNA DENTAL COLLEGE FARIDABAD,SECTOR - 43, DELHI SURAJKUND ROAD FARIDABAD",BDS,Open,General,Allotted
16998,202682,Self-Financed Merit Seat,"Manipal College of Dental Sce., Manipal,Madhav Nagar, Manipal India",BDS,Open,General,Allotted
16999,202720,Self-Financed Merit Seat,"Shri B M Patil Medical College, Hospital & Research Centre, Vijayapura (Bijapur,SMT BANGARAMMA SAJJAN CAMPUS B M PATIL ROAD (SOLAPUR ROAD) VIJAYAPURA KARNATAKA",MBBS,Open,General,Allotted
17000,202765,Open Seat Quota,"JIPMER PUDUCHERRY,Dhanvantari Nagar Gorimedu Puducherry",MBBS,SC PwD,SC PwD,Allotted